CustomerID,TotalOrders,TotalRevenue,LastPurchaseDate,Recency,R_Score,F_Score,M_Score,RFM_Score,Segment
12346,12,77556.46,2011-01-18 10:01:00,325,2,5,5,255,At Risk
12347,8,4921.53,2011-12-07 15:52:00,1,5,4,5,545,Champions
12348,5,2019.4,2011-09-25 13:13:00,74,3,4,4,344,Loyal Customers
12349,4,4428.69,2011-11-21 09:51:00,18,5,3,5,535,Loyal Customers
12350,1,334.4,2011-02-02 16:01:00,309,2,1,2,212,Others
12351,1,300.93,2010-11-29 15:23:00,374,2,1,2,212,Others
12352,10,2849.84,2011-11-03 14:37:00,35,4,5,4,454,Champions
12353,2,406.76,2011-05-19 17:47:00,203,2,2,2,222,Others
12354,1,1079.4,2011-04-21 13:11:00,231,2,1,3,213,Others
12355,2,947.61,2011-05-09 13:49:00,213,2,2,3,223,Others
12356,6,6371.73,2011-11-17 08:40:00,22,4,4,5,445,Champions
12357,3,18287.66,2011-11-06 16:07:00,32,4,3,5,435,Loyal Customers
12358,5,3887.07,2011-12-08 10:26:00,1,5,4,5,545,Champions
12359,10,8873.39,2011-10-13 12:47:00,57,4,5,5,455,Champions
12360,8,4252.89,2011-10-18 15:22:00,51,4,4,5,445,Champions
12361,4,511.25,2011-02-25 13:51:00,286,2,3,2,232,Others
12362,11,5356.23,2011-12-06 15:40:00,2,5,5,5,555,Champions
12363,2,552.0,2011-08-22 10:18:00,109,3,2,2,322,Others
12364,4,1313.1,2011-12-02 10:22:00,7,5,3,4,534,Loyal Customers
12365,2,641.38,2011-02-21 14:04:00,290,2,2,3,223,Others
12366,1,500.24,2010-03-16 10:28:00,633,1,1,2,112,Others
12367,1,168.9,2011-12-05 16:48:00,3,5,1,1,511,Potential Loyalists
12368,1,917.6999999999999,2010-03-21 15:56:00,627,1,1,3,113,Others
12369,3,1791.15,2010-10-22 13:13:00,412,1,3,4,134,At Risk
12370,7,4316.56,2011-10-19 14:51:00,50,4,4,5,445,Champions
12371,5,4067.38,2011-10-26 10:16:00,44,4,4,5,445,Champions
12372,3,1298.04,2011-09-29 12:12:00,71,3,3,4,334,Loyal Customers
12373,3,1127.65,2011-02-01 13:10:00,310,2,3,3,233,Others
12374,4,2989.2200000000003,2011-11-14 15:37:00,24,4,3,5,435,Loyal Customers
12375,2,457.5,2011-11-29 10:36:00,10,5,2,2,522,Potential Loyalists
12376,2,503.15,2010-11-15 12:15:00,389,2,2,2,222,Others
12377,4,3426.32,2011-01-28 15:45:00,314,2,3,5,235,At Risk
12378,2,5416.32,2011-08-02 10:34:00,129,3,2,5,325,Others
12379,4,1620.22,2011-09-19 10:09:00,81,3,3,4,334,Loyal Customers
12380,11,9676.300000000001,2011-11-18 11:27:00,21,4,5,5,455,Champions
12381,5,1845.31,2011-12-05 12:44:00,4,5,4,4,544,Champions
12383,5,1850.56,2011-06-08 08:02:00,184,3,4,4,344,Loyal Customers
12384,2,585.27,2011-11-11 08:39:00,28,4,2,2,422,Potential Loyalists
12385,1,1938.4,2010-11-25 15:14:00,378,2,1,4,214,At Risk
12386,2,401.9,2011-01-06 12:37:00,337,2,2,2,222,Others
12387,1,143.94,2010-10-20 16:27:00,414,1,1,1,111,Others
12388,8,3901.11,2011-11-24 12:30:00,15,5,4,5,545,Champions
12389,3,1433.33,2010-11-02 11:52:00,402,2,3,4,234,At Risk
12390,1,549.84,2011-09-21 09:33:00,79,3,1,2,312,Others
12391,6,2724.84,2011-11-18 12:07:00,21,4,4,4,444,Champions
12392,1,234.75000000000003,2010-04-27 14:04:00,590,1,1,1,111,Others
12393,6,2399.4500000000003,2011-09-28 15:41:00,71,3,4,4,344,Loyal Customers
12394,2,1272.48,2011-10-07 08:08:00,63,3,2,4,324,Others
12395,15,4721.17,2011-11-20 15:21:00,18,5,5,5,555,Champions
12396,1,931.43,2010-02-03 13:22:00,673,1,1,3,113,Others
12397,2,2409.9,2011-11-04 09:52:00,35,4,2,4,424,Potential Loyalists
12398,1,1635.6599999999999,2011-10-25 10:27:00,45,4,1,4,414,Potential Loyalists
12399,7,1962.3,2011-08-12 13:15:00,118,3,4,4,344,Loyal Customers
12400,1,205.25,2010-10-21 13:45:00,413,1,1,1,111,Others
12401,1,84.3,2011-02-09 13:50:00,302,2,1,1,211,Others
12402,6,1256.9,2011-01-20 13:49:00,322,2,4,4,244,At Risk
12403,2,1019.36,2011-10-21 10:51:00,49,4,2,3,423,Potential Loyalists
12404,1,63.24,2010-01-26 16:25:00,681,1,1,1,111,Others
12405,1,1710.39,2011-07-14 08:52:00,148,3,1,4,314,Others
12406,5,6390.36,2011-11-17 19:22:00,21,4,4,5,445,Champions
12407,5,1708.1200000000001,2011-10-21 10:11:00,49,4,4,4,444,Champions
12408,8,4340.7699999999995,2011-11-07 12:27:00,32,4,4,5,445,Champions
12409,7,23419.29,2011-09-22 10:38:00,78,3,4,5,345,Loyal Customers
12410,3,1013.71,2011-02-04 10:39:00,308,2,3,3,233,Others
12411,1,346.9,2010-10-26 09:25:00,409,2,1,2,212,Others
12412,6,2596.93,2011-09-26 10:16:00,74,3,4,4,344,Loyal Customers
12413,4,999.45,2011-10-04 09:00:00,66,3,3,3,333,Loyal Customers
12414,6,952.41,2011-05-06 14:51:00,216,2,4,3,243,Others
12415,28,144458.37,2011-11-15 14:22:00,23,4,5,5,455,Champions
12416,1,202.56,2010-02-21 10:19:00,656,1,1,1,111,Others
12417,20,6797.41,2011-12-06 14:52:00,2,5,5,5,555,Champions
12418,4,2021.2,2011-08-19 11:08:00,112,3,3,4,334,Loyal Customers
12419,2,503.01,2010-11-19 10:04:00,385,2,2,2,222,Others
12420,1,600.39,2011-10-07 08:55:00,63,3,1,2,312,Others
12421,6,1098.6,2011-11-24 09:07:00,15,5,4,3,543,Loyal Customers
12422,17,5231.8,2011-09-05 09:48:00,95,3,5,5,355,Loyal Customers
12423,10,2622.39,2011-12-09 10:10:00,0,5,5,4,554,Champions
12424,4,3340.03,2011-06-30 12:06:00,162,3,3,5,335,Loyal Customers
12425,2,1741.41,2011-09-22 17:31:00,77,3,2,4,324,Others
12426,2,1345.21,2011-05-29 12:26:00,194,2,2,4,224,At Risk
12427,3,825.8,2011-11-18 08:56:00,21,4,3,3,433,Loyal Customers
12428,9,7956.46,2011-11-14 08:22:00,25,4,5,5,455,Champions
12429,8,6204.41,2011-11-30 17:22:00,8,5,4,5,545,Champions
12430,1,256.4,2011-10-27 15:09:00,42,4,1,1,411,Potential Loyalists
12431,27,10432.22,2011-11-04 11:55:00,35,4,5,5,455,Champions
12432,5,5059.32,2011-10-28 11:43:00,42,4,4,5,445,Champions
12433,10,16794.14,2011-12-09 10:02:00,0,5,5,5,555,Champions
12434,3,1103.43,2011-09-16 12:38:00,84,3,3,3,333,Loyal Customers
12435,6,13925.93,2011-09-21 09:06:00,79,3,4,5,345,Loyal Customers
12436,1,509.01,2011-09-01 12:09:00,99,3,1,2,312,Others
12437,39,12683.4,2011-12-08 11:35:00,1,5,5,5,555,Champions
12438,2,2906.85,2011-11-25 13:28:00,13,5,2,4,524,Potential Loyalists
12439,2,1142.88,2010-01-26 12:11:00,682,1,2,3,123,Others
12440,2,859.2,2010-09-03 13:11:00,461,1,2,3,123,Others
12441,1,173.55,2010-12-08 10:45:00,366,2,1,1,211,Others
12442,1,172.06,2011-12-06 14:22:00,2,5,1,1,511,Potential Loyalists
12443,1,485.31,2009-12-07 15:42:00,731,1,1,2,112,Others
12444,5,5005.46,2011-11-18 13:23:00,20,4,4,5,445,Champions
12445,2,434.98,2011-11-17 18:43:00,21,4,2,2,422,Potential Loyalists
12446,1,1002.3100000000001,2011-10-13 12:50:00,57,4,1,3,413,Potential Loyalists
12447,1,476.49,2011-04-10 13:25:00,242,2,1,2,212,Others
12448,1,449.45,2011-10-26 13:46:00,43,4,1,2,412,Potential Loyalists
12449,6,4835.89,2011-11-17 13:46:00,21,4,4,5,445,Champions
12450,5,688.2,2011-07-06 14:41:00,155,3,4,3,343,Loyal Customers
12451,8,12669.88,2011-11-29 08:40:00,10,5,4,5,545,Champions
12452,2,430.57,2011-11-23 10:28:00,16,5,2,2,522,Potential Loyalists
12453,1,707.09,2011-07-28 14:08:00,133,3,1,3,313,Others
12454,5,16679.78,2011-10-14 17:13:00,55,4,4,5,445,Champions
12455,10,5879.95,2011-09-27 15:31:00,72,3,5,5,355,Loyal Customers
12456,3,3181.04,2011-10-26 14:41:00,43,4,3,5,435,Loyal Customers
12457,8,2995.91,2011-10-04 13:13:00,65,3,4,5,345,Loyal Customers
12458,4,1777.49,2011-09-29 15:25:00,70,3,3,4,334,Loyal Customers
12459,1,454.36,2010-04-13 14:53:00,604,1,1,2,112,Others
12460,1,326.65,2010-09-09 13:51:00,455,1,1,2,112,Others
12461,2,826.88,2011-09-06 16:57:00,93,3,2,3,323,Others
12462,2,1189.59,2011-11-21 09:11:00,18,5,2,3,523,Potential Loyalists
12463,4,1344.78,2011-10-17 13:44:00,52,4,3,4,434,Loyal Customers
12464,8,1212.05,2011-11-29 13:33:00,9,5,4,3,543,Loyal Customers
12465,2,742.1899999999999,2011-11-22 16:34:00,16,5,2,3,523,Potential Loyalists
12466,1,56.73,2010-01-26 16:26:00,681,1,1,1,111,Others
12467,1,132.8,2010-10-12 15:41:00,422,1,1,1,111,Others
12468,5,3670.74,2011-06-05 11:36:00,187,3,4,5,345,Loyal Customers
12469,2,3070.54,2010-07-05 12:40:00,522,1,2,5,125,At Risk
12470,1,211.95,2010-01-19 11:01:00,689,1,1,1,111,Others
12471,79,39918.19,2011-12-07 15:43:00,1,5,5,5,555,Champions
12472,19,16249.289999999999,2011-11-07 14:01:00,31,4,5,5,455,Champions
12473,5,3928.0499999999997,2011-11-10 13:46:00,28,4,4,5,445,Champions
12474,31,12372.75,2011-11-22 14:39:00,16,5,5,5,555,Champions
12475,2,1149.64,2011-10-17 10:10:00,53,4,2,3,423,Potential Loyalists
12476,23,14083.91,2011-11-24 12:40:00,15,5,5,5,555,Champions
12477,9,20276.37,2011-11-17 09:51:00,22,4,5,5,455,Champions
12478,1,680.99,2011-12-06 09:56:00,3,5,1,3,513,Potential Loyalists
12479,1,527.2,2011-11-28 13:26:00,10,5,1,2,512,Potential Loyalists
12480,7,5464.85,2011-11-11 14:52:00,27,4,4,5,445,Champions
12481,15,12185.51,2011-11-17 08:29:00,22,4,5,5,455,Champions
12482,29,23691.4,2010-05-12 16:51:00,575,1,5,5,155,At Risk
12483,19,5097.18,2011-11-22 17:02:00,16,5,5,5,555,Champions
12484,12,6354.1,2011-11-07 11:37:00,32,4,5,5,455,Champions
12485,1,708.1,2010-06-28 15:22:00,528,1,1,3,113,Others
12486,1,1037.28,2010-10-04 12:14:00,431,1,1,3,113,Others
12487,1,285.29999999999995,2009-12-09 11:36:00,730,1,1,1,111,Others
12488,3,1298.66,2011-11-30 08:50:00,9,5,3,4,534,Loyal Customers
12489,1,334.93,2011-01-07 13:13:00,335,2,1,2,212,Others
12490,21,9823.64,2011-12-04 16:07:00,4,5,5,5,555,Champions
12491,1,460.40000000000003,2011-11-01 12:18:00,38,4,1,2,412,Potential Loyalists
12492,3,715.21,2011-10-07 15:15:00,62,3,3,3,333,Loyal Customers
12493,2,433.74,2011-06-27 10:17:00,165,3,2,2,322,Others
12494,9,1815.27,2011-11-24 09:34:00,15,5,5,4,554,Champions
12495,1,357.4,2010-03-09 10:53:00,640,1,1,2,112,Others
12496,2,45.34,2010-03-29 14:06:00,619,1,2,1,121,Others
12497,3,6248.5,2011-09-19 12:29:00,81,3,3,5,335,Loyal Customers
12498,3,403.70000000000005,2011-11-18 12:53:00,20,4,3,2,432,Others
12499,1,393.72,2010-05-28 15:12:00,559,1,1,2,112,Others
12500,19,5955.21,2011-11-16 16:20:00,22,4,5,5,455,Champions
12501,1,2169.39,2011-01-07 12:28:00,336,2,1,4,214,At Risk
12502,5,3723.87,2011-09-05 11:52:00,95,3,4,5,345,Loyal Customers
12503,1,1126.0,2010-05-04 13:59:00,583,1,1,3,113,Others
12504,4,779.05,2011-11-21 16:02:00,17,5,3,3,533,Loyal Customers
12505,1,955.2,2010-10-27 09:18:00,408,2,1,3,213,Others
12506,1,73.5,2011-04-21 08:54:00,232,2,1,1,211,Others
12507,4,1844.06,2011-07-28 17:09:00,133,3,3,4,334,Loyal Customers
12508,2,397.88,2011-11-13 15:37:00,25,4,2,2,422,Potential Loyalists
12509,1,176.5,2011-02-28 14:45:00,283,2,1,1,211,Others
12510,9,5178.02,2011-07-20 10:15:00,142,3,5,5,355,Loyal Customers
12511,1,3084.02,2010-10-07 10:39:00,428,1,1,5,115,At Risk
12512,2,132.18,2011-10-04 14:55:00,65,3,2,1,321,Others
12513,1,612.29,2011-08-19 10:51:00,112,3,1,3,313,Others
12514,2,1597.76,2011-03-17 16:38:00,266,2,2,4,224,At Risk
12515,1,383.7,2010-12-21 15:43:00,352,2,1,2,212,Others
12516,4,2648.62,2011-09-23 09:13:00,77,3,3,4,334,Loyal Customers
12517,5,2481.6,2011-11-11 14:04:00,27,4,4,4,444,Champions
12518,5,2056.89,2011-12-09 10:13:00,0,5,4,4,544,Champions
12519,2,716.54,2011-10-07 09:26:00,63,3,2,3,323,Others
12520,5,2634.26,2011-09-21 15:23:00,78,3,4,4,344,Loyal Customers
12521,1,599.68,2011-07-20 10:51:00,142,3,1,2,312,Others
12522,2,192.72,2011-10-31 15:30:00,38,4,2,1,421,Potential Loyalists
12523,23,4352.35,2011-11-20 12:55:00,18,5,5,5,555,Champions
12524,17,11126.11,2011-11-30 15:31:00,8,5,5,5,555,Champions
12525,3,973.73,2010-07-29 16:08:00,497,1,3,3,133,Others
12526,3,1316.66,2011-12-09 12:09:00,0,5,3,4,534,Loyal Customers
12527,5,735.51,2011-09-19 11:55:00,81,3,4,3,343,Loyal Customers
12528,6,1933.48,2011-11-30 14:40:00,8,5,4,4,544,Champions
12529,1,316.48,2010-06-29 13:10:00,527,1,1,2,112,Others
12530,9,3759.26,2011-10-11 12:34:00,59,3,5,5,355,Loyal Customers
12531,2,1933.2,2011-11-25 11:12:00,14,5,2,4,524,Potential Loyalists
12532,1,349.83000000000004,2011-11-09 13:47:00,29,4,1,2,412,Potential Loyalists
12533,2,1367.89,2010-03-22 10:56:00,627,1,2,4,124,At Risk
12534,1,1089.18,2011-08-01 10:26:00,130,3,1,3,313,Others
12535,2,716.35,2011-09-09 08:48:00,91,3,2,3,323,Others
12536,3,12601.830000000002,2011-10-27 14:20:00,42,4,3,5,435,Loyal Customers
12537,1,732.94,2010-10-27 08:36:00,408,2,1,3,213,Others
12538,2,640.45,2011-11-10 17:16:00,28,4,2,3,423,Potential Loyalists
12539,7,11214.75,2011-11-17 13:30:00,21,4,4,5,445,Champions
12540,33,22254.49,2011-11-20 11:31:00,19,4,5,5,455,Champions
12541,3,981.18,2011-11-10 10:40:00,29,4,3,3,433,Loyal Customers
12542,2,481.88,2010-08-12 19:12:00,483,1,2,2,122,Others
12543,1,980.25,2010-09-17 15:51:00,447,1,1,3,113,Others
12544,1,372.7,2011-11-03 16:15:00,35,4,1,2,412,Potential Loyalists
12545,2,1000.39,2011-09-25 13:39:00,74,3,2,3,323,Others
12546,2,1161.5,2011-10-24 12:09:00,46,4,2,3,423,Potential Loyalists
12547,3,383.58,2011-05-26 12:38:00,197,2,3,2,232,Others
12548,1,95.19999999999999,2011-06-26 15:35:00,165,3,1,1,311,Others
12549,6,1575.68,2010-05-13 12:05:00,575,1,4,4,144,At Risk
12550,1,964.83,2011-09-21 14:35:00,78,3,1,3,313,Others
12551,1,168.0,2010-12-17 11:23:00,357,2,1,1,211,Others
12552,2,437.82,2011-11-01 10:02:00,38,4,2,2,422,Potential Loyalists
12553,12,4608.75,2011-12-01 16:38:00,7,5,5,5,555,Champions
12554,1,468.5,2010-09-17 12:29:00,448,1,1,2,112,Others
12555,1,129.23,2010-01-26 16:26:00,681,1,1,1,111,Others
12556,2,599.56,2011-10-20 13:06:00,49,4,2,2,422,Potential Loyalists
12557,8,18096.14,2011-11-23 16:59:00,15,5,4,5,545,Champions
12558,1,269.96,2011-12-02 10:41:00,7,5,1,1,511,Potential Loyalists
12559,2,561.71,2011-02-02 09:49:00,310,2,2,2,222,Others
12560,3,2134.01,2011-12-04 13:54:00,4,5,3,4,534,Loyal Customers
12561,1,238.85,2011-02-10 11:39:00,302,2,1,1,211,Others
12562,9,4966.92,2011-12-01 17:20:00,7,5,5,5,555,Champions
12563,1,249.24,2010-10-27 09:52:00,408,2,1,1,211,Others
12564,1,456.9,2011-03-23 14:55:00,260,2,1,2,212,Others
12565,1,145.92,2011-02-24 10:34:00,288,2,1,1,211,Others
12566,1,351.65,2011-09-14 14:30:00,85,3,1,2,312,Others
12567,15,11767.48,2011-11-17 11:02:00,22,4,5,5,455,Champions
12568,1,70.0,2010-03-05 09:15:00,644,1,1,1,111,Others
12569,32,4124.69,2011-12-07 16:24:00,1,5,5,5,555,Champions
12570,1,77.52,2010-01-26 17:28:00,681,1,1,1,111,Others
12571,2,519.61,2011-10-31 10:19:00,39,4,2,2,422,Potential Loyalists
12572,2,1020.42,2011-12-01 09:20:00,8,5,2,3,523,Potential Loyalists
12573,5,717.41,2011-04-26 15:52:00,226,2,4,3,243,Others
12574,1,218.45,2011-01-28 09:20:00,315,2,1,1,211,Others
12575,2,622.8199999999999,2010-09-08 13:09:00,456,1,2,3,123,Others
12576,8,2142.72,2011-11-04 10:11:00,35,4,4,4,444,Champions
12577,8,1617.1,2011-11-04 13:24:00,34,4,4,4,444,Champions
12578,4,4642.45,2011-11-18 13:30:00,20,4,3,5,435,Loyal Customers
12579,1,440.42,2011-09-22 17:15:00,77,3,1,2,312,Others
12580,2,1052.9,2011-04-07 10:24:00,246,2,2,3,223,Others
12581,1,197.71,2011-10-31 08:56:00,39,4,1,1,411,Potential Loyalists
12582,4,1980.4,2011-04-15 08:45:00,238,2,3,4,234,At Risk
12583,27,13591.58,2011-12-07 08:07:00,2,5,5,5,555,Champions
12584,9,2338.15,2011-12-06 09:35:00,3,5,5,4,554,Champions
12585,2,2040.1,2011-04-19 13:39:00,233,2,2,4,224,At Risk
12586,4,2062.67,2011-11-22 16:24:00,16,5,3,4,534,Loyal Customers
12587,1,144.0,2011-12-02 12:47:00,7,5,1,1,511,Potential Loyalists
12588,4,958.78,2011-10-31 15:01:00,38,4,3,3,433,Loyal Customers
12589,8,4695.66,2011-11-11 10:19:00,28,4,4,5,445,Champions
12590,2,9864.26,2011-05-12 14:52:00,210,2,2,5,225,At Risk
12591,3,1338.95,2011-01-26 14:35:00,316,2,3,4,234,At Risk
12592,5,2582.66,2011-09-08 15:04:00,91,3,4,4,344,Loyal Customers
12593,3,418.09999999999997,2011-08-23 12:43:00,108,3,3,2,332,Others
12594,15,5090.110000000001,2011-11-02 12:20:00,37,4,5,5,455,Champions
12595,1,299.02,2010-07-23 09:10:00,504,1,1,2,112,Others
12596,2,618.27,2011-10-19 13:02:00,50,4,2,3,423,Potential Loyalists
12597,4,3811.22,2011-11-20 13:33:00,18,5,3,5,535,Loyal Customers
12598,11,4534.09,2011-11-30 12:18:00,9,5,5,5,555,Champions
12599,13,2296.72,2011-11-10 13:34:00,28,4,5,4,454,Champions
12600,21,4967.42,2011-11-11 10:29:00,28,4,5,5,455,Champions
12601,6,681.26,2011-06-03 10:17:00,189,2,4,3,243,Others
12602,1,153.12,2011-10-12 11:22:00,58,4,1,1,411,Potential Loyalists
12603,1,739.1999999999999,2011-11-18 10:42:00,21,4,1,3,413,Potential Loyalists
12604,2,254.18,2011-09-21 14:08:00,78,3,2,1,321,Others
12605,4,1232.95,2010-11-28 14:18:00,375,2,3,4,234,At Risk
12606,1,21.0,2010-01-26 16:23:00,681,1,1,1,111,Others
12607,1,1579.51,2011-10-10 16:06:00,59,3,1,4,314,Others
12608,1,415.79,2010-10-31 10:49:00,404,2,1,2,212,Others
12609,9,3435.86,2011-09-22 16:34:00,77,3,5,5,355,Loyal Customers
12610,5,2099.54,2011-11-17 09:34:00,22,4,4,4,444,Champions
12611,1,1193.32,2011-10-18 13:12:00,51,4,1,3,413,Potential Loyalists
12612,1,704.0400000000001,2011-09-26 15:35:00,73,3,1,3,313,Others
12613,10,6817.37,2011-10-13 14:59:00,56,4,5,5,455,Champions
12614,1,315.6,2011-03-07 10:22:00,277,2,1,2,212,Others
12615,8,5740.98,2011-12-07 15:02:00,1,5,4,5,545,Champions
12616,3,1131.1,2011-09-05 15:17:00,94,3,3,3,333,Loyal Customers
12617,1,352.98,2011-11-10 14:39:00,28,4,1,2,412,Potential Loyalists
12618,1,177.31,2011-11-18 11:10:00,21,4,1,1,411,Potential Loyalists
12619,10,3781.38,2011-11-23 14:52:00,15,5,5,5,555,Champions
12620,3,1339.41,2011-11-25 10:20:00,14,5,3,4,534,Loyal Customers
12621,35,24311.2,2011-12-08 11:25:00,1,5,5,5,555,Champions
12622,1,180.1,2011-04-21 16:39:00,231,2,1,1,211,Others
12623,7,3747.84,2011-03-08 13:50:00,275,2,4,5,245,At Risk
12624,2,641.13,2011-08-25 15:04:00,105,3,2,3,323,Others
12625,4,5164.88,2011-05-12 09:54:00,211,2,3,5,235,At Risk
12626,9,6620.48,2011-11-16 16:06:00,22,4,5,5,455,Champions
12627,7,4478.53,2011-11-29 12:07:00,10,5,4,5,545,Champions
12628,3,786.46,2011-12-05 13:15:00,3,5,3,3,533,Loyal Customers
12629,2,1558.22,2010-11-19 09:18:00,385,2,2,4,224,At Risk
12630,2,1270.88,2011-11-30 10:48:00,9,5,2,4,524,Potential Loyalists
12631,6,3481.57,2011-10-13 13:53:00,56,4,4,5,445,Champions
12632,2,804.88,2010-07-07 09:39:00,520,1,2,3,123,Others
12633,7,5678.16,2011-10-12 11:40:00,58,4,4,5,445,Champions
12634,2,490.0,2010-06-22 10:05:00,535,1,2,2,122,Others
12635,4,2930.41,2011-09-11 11:04:00,89,3,3,5,335,Loyal Customers
12636,1,141.0,2009-12-01 09:55:00,738,1,1,1,111,Others
12637,12,8283.81,2011-10-03 13:46:00,66,3,5,5,355,Loyal Customers
12638,2,921.49,2011-11-06 13:11:00,32,4,2,3,423,Potential Loyalists
12639,3,1312.37,2011-04-15 12:48:00,238,2,3,4,234,At Risk
12640,3,1174.58,2011-11-16 11:52:00,23,4,3,3,433,Loyal Customers
12641,1,185.9,2011-08-16 13:26:00,114,3,1,1,311,Others
12642,3,1013.26,2011-11-14 15:03:00,24,4,3,3,433,Loyal Customers
12643,12,8304.82,2011-08-03 12:56:00,127,3,5,5,355,Loyal Customers
12644,4,1918.49,2011-08-02 10:33:00,129,3,3,4,334,Loyal Customers
12645,8,3539.3,2011-11-06 12:38:00,33,4,4,5,445,Champions
12646,2,1346.97,2011-12-05 10:14:00,4,5,2,4,524,Potential Loyalists
12647,36,16955.55,2011-11-17 12:56:00,21,4,5,5,455,Champions
12648,4,1112.0,2011-07-08 11:55:00,154,3,3,3,333,Loyal Customers
12649,8,2294.65,2011-08-24 14:41:00,106,3,4,4,344,Loyal Customers
12650,1,314.44,2011-12-06 16:34:00,2,5,1,2,512,Potential Loyalists
12651,4,377.75,2011-01-09 12:46:00,334,2,3,2,232,Others
12652,2,1017.03,2011-01-12 15:00:00,330,2,2,3,223,Others
12653,3,4160.83,2011-07-14 10:41:00,148,3,3,5,335,Loyal Customers
12654,5,601.98,2011-11-29 10:10:00,10,5,4,2,542,Others
12655,1,261.35,2010-10-12 09:17:00,423,1,1,1,111,Others
12656,8,6407.83,2011-11-22 13:42:00,16,5,4,5,545,Champions
12657,4,1643.18,2011-11-28 15:47:00,10,5,3,4,534,Loyal Customers
12658,1,686.05,2011-11-21 10:22:00,18,5,1,3,513,Potential Loyalists
12659,1,91.68,2011-11-10 11:53:00,29,4,1,1,411,Potential Loyalists
12660,1,245.1,2011-11-28 13:26:00,10,5,1,1,511,Potential Loyalists
12661,1,162.0,2010-09-29 16:46:00,435,1,1,1,111,Others
12662,20,6726.54,2011-12-09 11:59:00,0,5,5,5,555,Champions
12663,2,239.4,2010-03-25 09:40:00,624,1,2,1,121,Others
12664,11,6070.04,2011-12-01 17:07:00,7,5,5,5,555,Champions
12665,3,313.6,2011-01-19 08:34:00,324,2,3,2,232,Others
12666,1,1248.42,2010-11-10 16:40:00,393,2,1,4,214,At Risk
12667,1,620.13,2011-10-12 17:00:00,57,4,1,3,413,Potential Loyalists
12668,10,11383.03,2011-11-28 10:56:00,11,5,5,5,555,Champions
12669,3,2744.0299999999997,2011-07-12 09:54:00,150,3,3,4,334,Loyal Customers
12670,7,3760.29,2011-11-29 15:23:00,9,5,4,5,545,Champions
12671,1,2622.481,2010-04-12 16:30:00,605,1,1,4,114,At Risk
12672,2,437.05,2011-01-14 09:20:00,329,2,2,2,222,Others
12673,3,1230.02,2011-12-04 13:55:00,4,5,3,4,534,Loyal Customers
12674,4,1970.6,2011-11-01 12:12:00,38,4,3,4,434,Loyal Customers
12675,2,957.25,2010-06-04 09:49:00,553,1,2,3,123,Others
12676,11,2843.09,2011-11-15 12:25:00,24,4,5,4,454,Champions
12677,2,395.1,2010-06-02 14:30:00,554,1,2,2,122,Others
12678,21,34281.18,2011-10-28 13:04:00,41,4,5,5,455,Champions
12679,4,1113.02,2011-10-12 12:30:00,58,4,3,3,433,Loyal Customers
12680,4,880.81,2011-12-09 12:50:00,0,5,3,3,533,Loyal Customers
12681,45,29834.76,2011-11-25 11:33:00,14,5,5,5,555,Champions
12682,52,22950.22,2011-12-06 10:00:00,3,5,5,5,555,Champions
12683,21,11633.7,2011-12-05 16:31:00,3,5,5,5,555,Champions
12684,7,2283.63,2011-12-02 09:53:00,7,5,4,4,544,Champions
12685,6,2863.08,2011-11-11 13:46:00,27,4,4,4,444,Champions
12686,1,89.14,2010-12-03 09:51:00,371,2,1,1,211,Others
12687,2,2138.91,2010-08-16 12:12:00,480,1,2,4,124,At Risk
12688,1,4873.8099999999995,2011-08-18 08:49:00,113,3,1,5,315,Others
12689,2,1247.61,2011-11-14 08:31:00,25,4,2,4,424,Potential Loyalists
12690,1,389.01,2011-05-18 09:09:00,205,2,1,2,212,Others
12691,7,1170.4,2011-11-11 16:49:00,27,4,4,3,443,Loyal Customers
12692,1,110.95,2010-03-12 14:02:00,636,1,1,1,111,Others
12693,7,1703.02,2011-08-04 17:51:00,126,3,4,4,344,Loyal Customers
12694,3,1843.35,2011-09-30 13:06:00,69,3,3,4,334,Loyal Customers
12695,7,1407.1200000000001,2011-12-02 13:22:00,6,5,4,4,544,Champions
12696,2,851.91,2010-10-01 10:43:00,434,1,2,3,123,Others
12697,3,957.59,2011-11-11 08:47:00,28,4,3,3,433,Loyal Customers
12698,1,339.75,2010-04-28 15:51:00,589,1,1,2,112,Others
12699,1,638.11,2010-10-18 12:07:00,417,1,1,3,113,Others
12700,4,4939.99,2011-12-02 10:47:00,7,5,3,5,535,Loyal Customers
12701,6,2446.41,2011-09-21 10:47:00,79,3,4,4,344,Loyal Customers
12702,1,219.0,2011-11-20 10:36:00,19,4,1,1,411,Potential Loyalists
12703,4,1006.53,2011-09-29 17:52:00,70,3,3,3,333,Loyal Customers
12704,8,2340.84,2011-12-02 13:15:00,6,5,4,4,544,Champions
12705,14,11762.1,2011-11-24 13:17:00,14,5,5,5,555,Champions
12707,1,603.42,2011-02-21 08:38:00,291,2,1,2,212,Others
12708,18,5117.66,2011-11-10 09:52:00,29,4,5,5,455,Champions
12709,34,30291.76,2011-11-24 15:38:00,14,5,5,5,555,Champions
12710,3,1149.02,2011-09-04 12:00:00,96,3,3,3,333,Loyal Customers
12711,2,1339.05,2010-04-07 11:59:00,611,1,2,4,124,At Risk
12712,21,6723.03,2011-11-11 08:19:00,28,4,5,5,455,Champions
12713,1,848.55,2011-12-09 12:16:00,0,5,1,3,513,Potential Loyalists
12714,12,14093.71,2011-11-30 15:43:00,8,5,5,5,555,Champions
12715,1,343.36,2011-08-25 15:22:00,105,3,1,2,312,Others
12716,2,1053.49,2011-12-06 08:55:00,3,5,2,3,523,Potential Loyalists
12717,3,1308.91,2011-07-11 14:47:00,150,3,3,4,334,Loyal Customers
12718,1,238.25,2011-09-29 16:38:00,70,3,1,1,311,Others
12719,2,644.95,2011-12-04 13:45:00,4,5,2,3,523,Potential Loyalists
12720,30,7787.28,2011-12-07 08:03:00,2,5,5,5,555,Champions
12721,8,4013.08,2011-11-08 12:13:00,31,4,4,5,445,Champions
12722,4,997.63,2011-09-15 14:50:00,84,3,3,3,333,Loyal Customers
12723,5,725.07,2011-12-06 10:19:00,3,5,4,3,543,Loyal Customers
12724,7,2317.52,2011-12-04 16:02:00,4,5,4,4,544,Champions
12725,4,2266.76,2010-12-03 15:45:00,370,2,3,4,234,At Risk
12726,11,4014.6,2011-11-11 13:35:00,27,4,5,5,455,Champions
12727,10,5679.53,2011-11-29 11:46:00,10,5,5,5,555,Champions
12728,5,1070.17,2011-09-29 15:31:00,70,3,4,3,343,Loyal Customers
12729,1,453.01,2011-08-18 11:40:00,113,3,1,2,312,Others
12730,1,829.25,2010-07-06 12:19:00,521,1,1,3,113,Others
12731,17,25775.71,2011-11-16 11:59:00,23,4,5,5,455,Champions
12732,1,236.26000000000002,2011-06-13 11:33:00,179,3,1,1,311,Others
12733,4,2424.87,2011-04-19 16:19:00,233,2,3,4,234,At Risk
12734,3,639.65,2010-12-22 12:47:00,352,2,3,3,233,Others
12735,2,779.5699999999999,2011-01-28 13:37:00,314,2,2,3,223,Others
12736,1,234.0,2011-01-11 07:57:00,332,2,1,1,211,Others
12737,2,3710.5,2010-07-29 12:29:00,498,1,2,5,125,At Risk
12738,1,155.35,2010-12-02 18:27:00,371,2,1,1,211,Others
12739,4,2726.73,2011-09-22 13:00:00,77,3,3,4,334,Loyal Customers
12740,1,427.6,2011-10-07 10:44:00,63,3,1,2,312,Others
12741,2,406.07,2010-06-28 14:36:00,528,1,2,2,122,Others
12742,1,1201.52,2010-03-24 12:43:00,625,1,1,3,113,Others
12743,2,540.13,2011-07-28 16:21:00,133,3,2,2,322,Others
12744,11,25317.06,2011-10-19 11:18:00,51,4,5,5,455,Champions
12745,3,925.41,2010-08-10 10:14:00,486,1,3,3,133,Others
12746,1,254.55,2010-06-17 10:41:00,540,1,1,1,111,Others
12747,26,8898.48,2011-12-07 14:34:00,1,5,5,5,555,Champions
12748,336,53539.64,2011-12-09 12:20:00,0,5,5,5,555,Champions
12749,9,6897.36,2011-12-06 09:56:00,3,5,5,5,555,Champions
12750,1,275.88,2011-08-03 09:13:00,128,3,1,1,311,Others
12751,1,268.27,2010-09-21 12:49:00,444,1,1,1,111,Others
12752,1,4366.78,2011-09-19 13:32:00,80,3,1,5,315,Others
12753,6,21429.39,2011-11-17 10:52:00,22,4,4,5,445,Champions
12754,3,3010.74,2011-04-18 09:00:00,235,2,3,5,235,At Risk
12755,11,5236.259999999999,2011-03-04 12:42:00,280,2,5,5,255,At Risk
12756,1,112.07999999999998,2011-09-14 09:31:00,86,3,1,1,311,Others
12757,13,7834.650000000001,2011-11-24 12:30:00,15,5,5,5,555,Champions
12758,7,9903.24,2011-08-15 10:22:00,116,3,4,5,345,Loyal Customers
12759,8,5020.74,2011-10-18 14:49:00,51,4,4,5,445,Champions
12760,1,347.8,2010-09-10 08:50:00,455,1,1,2,112,Others
12761,2,782.95,2010-09-08 12:17:00,457,1,2,3,123,Others
12762,2,1898.52,2011-12-02 10:23:00,7,5,2,4,524,Potential Loyalists
12763,2,494.08,2011-07-24 14:12:00,137,3,2,2,322,Others
12764,1,1693.88,2011-01-27 10:19:00,316,2,1,4,214,At Risk
12765,6,1404.58,2010-08-24 13:51:00,471,1,4,4,144,At Risk
12766,9,8918.99,2011-12-06 08:46:00,3,5,5,5,555,Champions
12767,1,949.82,2010-11-29 09:38:00,375,2,1,3,213,Others
12768,1,168.69000000000003,2010-09-15 12:08:00,450,1,1,1,111,Others
12769,1,1143.6,2011-04-15 10:25:00,238,2,1,3,213,Others
12770,2,3246.45,2011-05-13 09:33:00,210,2,2,5,225,At Risk
12771,1,282.3,2010-08-11 11:51:00,485,1,1,1,111,Others
12772,1,892.47,2011-10-11 09:19:00,59,3,1,3,313,Others
12773,1,124.25,2010-05-24 17:30:00,563,1,1,1,111,Others
12774,1,98.7,2010-06-22 10:38:00,535,1,1,1,111,Others
12775,7,1686.12,2011-11-22 16:33:00,16,5,4,4,544,Champions
12776,1,55.5,2010-02-10 12:11:00,667,1,1,1,111,Others
12777,1,519.45,2010-09-08 11:35:00,457,1,1,2,112,Others
12778,9,1775.68,2011-11-20 11:30:00,19,4,5,4,454,Champions
12779,14,6474.11,2011-11-02 11:43:00,37,4,5,5,455,Champions
12780,1,337.4,2010-04-20 09:40:00,598,1,1,2,112,Others
12781,2,826.74,2011-10-07 10:37:00,63,3,2,3,323,Others
12782,11,4618.24,2011-12-05 09:16:00,4,5,5,5,555,Champions
12783,6,2225.91,2011-12-07 15:56:00,1,5,4,4,544,Champions
12784,3,1763.15,2011-11-30 15:38:00,8,5,3,4,534,Loyal Customers
12785,3,1100.4,2010-12-10 13:48:00,363,2,3,3,233,Others
12786,1,728.5,2010-04-09 12:12:00,609,1,1,3,113,Others
12787,4,862.18,2011-11-30 08:44:00,9,5,3,3,533,Loyal Customers
12788,4,444.9,2010-09-02 14:21:00,462,1,3,2,132,Others
12789,3,273.35,2011-10-05 13:34:00,64,3,3,1,331,Others
12790,2,591.85,2011-05-31 14:14:00,191,2,2,2,222,Others
12791,6,863.51,2010-12-01 11:27:00,373,2,4,3,243,Others
12792,2,827.01,2011-03-28 11:36:00,256,2,2,3,223,Others
12793,3,885.53,2011-01-09 12:12:00,334,2,3,3,233,Others
12794,2,860.41,2011-10-17 14:54:00,52,4,2,3,423,Potential Loyalists
12795,1,430.48,2011-11-21 10:27:00,18,5,1,2,512,Potential Loyalists
12796,1,381.0,2010-03-21 15:49:00,627,1,1,2,112,Others
12797,2,552.08,2010-12-09 10:55:00,365,2,2,2,222,Others
12798,4,8510.93,2011-11-29 15:52:00,9,5,3,5,535,Loyal Customers
12799,1,219.35,2010-06-28 15:57:00,528,1,1,1,111,Others
12800,3,584.25,2010-08-26 14:11:00,469,1,3,2,132,Others
12801,1,1071.82,2010-07-27 09:38:00,500,1,1,3,113,Others
12802,7,2416.42,2011-06-06 09:36:00,186,3,4,4,344,Loyal Customers
12803,1,1092.81,2010-11-11 14:57:00,392,2,1,3,213,Others
12804,2,325.37,2010-08-31 11:58:00,465,1,2,2,122,Others
12805,4,1434.95,2010-11-23 12:27:00,381,2,3,4,234,At Risk
12806,4,2878.96,2010-09-30 13:34:00,434,1,3,4,134,At Risk
12807,1,330.35,2010-11-21 14:21:00,382,2,1,2,212,Others
12808,5,776.7,2011-11-03 10:05:00,36,4,4,3,443,Loyal Customers
12809,3,1755.94,2011-06-15 10:51:00,177,3,3,4,334,Loyal Customers
12810,2,534.99,2010-06-23 10:53:00,534,1,2,2,122,Others
12811,5,1033.9,2011-03-24 09:42:00,260,2,4,3,243,Others
12812,1,229.64000000000001,2011-10-26 09:54:00,44,4,1,1,411,Potential Loyalists
12813,3,1687.8,2010-07-26 09:50:00,501,1,3,4,134,At Risk
12814,1,125.92,2011-08-30 12:11:00,101,3,1,1,311,Others
12815,2,1063.46,2011-07-15 10:21:00,147,3,2,3,323,Others
12816,2,572.2,2011-09-05 12:41:00,95,3,2,2,322,Others
12817,3,690.98,2011-03-03 16:28:00,280,2,3,3,233,Others
12818,1,1542.08,2011-03-23 12:06:00,261,2,1,4,214,At Risk
12819,1,540.52,2010-09-07 15:20:00,457,1,1,2,112,Others
12820,11,2689.52,2011-12-06 15:12:00,2,5,5,4,554,Champions
12821,2,220.8,2011-05-09 15:51:00,213,2,2,1,221,Others
12822,2,948.88,2011-09-30 10:04:00,70,3,2,3,323,Others
12823,18,6501.5,2011-09-26 07:35:00,74,3,5,5,355,Loyal Customers
12824,1,397.12,2011-10-11 12:49:00,59,3,1,2,312,Others
12825,2,518.63,2010-07-06 13:56:00,520,1,2,2,122,Others
12826,12,2800.75,2011-12-07 10:25:00,2,5,5,4,554,Champions
12827,3,430.15000000000003,2011-12-04 12:17:00,5,5,3,2,532,Others
12828,6,1018.71,2011-12-07 08:45:00,2,5,4,3,543,Loyal Customers
12829,3,385.3,2011-01-07 11:13:00,336,2,3,2,232,Others
12830,6,6814.64,2011-11-02 11:54:00,37,4,4,5,445,Champions
12831,3,451.11,2011-03-22 13:02:00,261,2,3,2,232,Others
12832,2,383.03,2011-11-07 13:30:00,31,4,2,2,422,Potential Loyalists
12833,1,417.38,2011-07-17 13:46:00,144,3,1,2,312,Others
12834,1,312.38,2011-03-02 09:49:00,282,2,1,2,212,Others
12835,41,5996.83,2010-10-08 10:59:00,427,1,5,5,155,At Risk
12836,15,6559.7300000000005,2011-10-11 15:10:00,58,4,5,5,455,Champions
12837,2,662.66,2011-06-19 16:07:00,172,3,2,3,323,Others
12838,10,2975.91,2011-11-06 12:20:00,33,4,5,5,455,Champions
12839,26,9669.12,2011-12-07 12:33:00,2,5,5,5,555,Champions
12840,7,4041.97,2011-07-19 09:29:00,143,3,4,5,345,Loyal Customers
12841,40,6958.2,2011-12-05 11:13:00,4,5,5,5,555,Champions
12842,4,1917.99,2011-09-30 15:33:00,69,3,3,4,334,Loyal Customers
12843,30,6583.36,2011-10-05 12:09:00,65,3,5,5,355,Loyal Customers
12844,4,648.6,2011-11-10 13:31:00,28,4,3,3,433,Loyal Customers
12845,4,354.09,2011-03-17 13:34:00,266,2,3,2,232,Others
12846,1,15.58,2010-01-26 16:29:00,681,1,1,1,111,Others
12847,2,1609.0,2011-11-17 13:16:00,21,4,2,4,424,Potential Loyalists
12848,1,208.0,2010-02-02 12:45:00,675,1,1,1,111,Others
12849,6,3042.47,2011-11-08 13:41:00,30,4,4,5,445,Champions
12850,1,330.0,2010-09-20 12:26:00,445,1,1,2,112,Others
12851,2,280.76,2011-09-04 12:41:00,96,3,2,1,321,Others
12852,1,311.55,2011-02-18 08:47:00,294,2,1,2,212,Others
12853,11,3907.5,2011-07-28 11:29:00,134,3,5,5,355,Loyal Customers
12854,7,2970.9700000000003,2011-09-22 12:15:00,78,3,4,5,345,Loyal Customers
12855,4,612.84,2010-12-02 09:37:00,372,2,3,3,233,Others
12856,6,2170.78,2011-12-02 10:52:00,7,5,4,4,544,Champions
12857,6,3688.0,2011-05-13 10:20:00,210,2,4,5,245,At Risk
12858,1,147.27,2010-11-21 12:55:00,382,2,1,1,211,Others
12859,1,575.1,2010-09-07 12:20:00,458,1,1,2,112,Others
12860,1,54.22,2010-01-15 15:22:00,692,1,1,1,111,Others
12861,1,68.25,2010-03-30 11:39:00,619,1,1,1,111,Others
12862,2,984.62,2010-10-10 11:47:00,425,1,2,3,123,Others
12863,6,2792.5499999999997,2011-10-18 14:15:00,51,4,4,4,444,Champions
12864,2,299.57,2011-07-24 13:03:00,137,3,2,2,322,Others
12865,4,3323.47,2011-11-13 14:31:00,25,4,3,5,435,Loyal Customers
12866,3,1227.35,2011-03-01 14:11:00,282,2,3,4,234,At Risk
12867,13,7829.26,2011-11-13 15:30:00,25,4,5,5,455,Champions
12868,8,2043.76,2011-06-07 10:42:00,185,3,4,4,344,Loyal Customers
12869,1,337.66999999999996,2010-01-27 12:10:00,681,1,1,2,112,Others
12870,3,1676.95,2010-11-29 13:42:00,374,2,3,4,234,At Risk
12871,3,744.02,2011-09-16 15:07:00,83,3,3,3,333,Loyal Customers
12872,12,3283.96,2011-01-17 10:52:00,326,2,5,5,255,At Risk
12873,3,2027.3,2011-03-02 14:58:00,281,2,3,4,234,At Risk
12874,2,948.42,2010-11-19 15:23:00,384,2,2,3,223,Others
12875,5,1356.99,2011-07-19 15:30:00,142,3,4,4,344,Loyal Customers
12876,4,4081.79,2011-10-13 12:26:00,57,4,3,5,435,Loyal Customers
12877,20,2942.14,2011-12-06 10:30:00,3,5,5,5,555,Champions
12878,2,854.99,2011-04-17 13:07:00,235,2,2,3,223,Others
12879,3,573.22,2011-10-26 12:24:00,44,4,3,2,432,Others
12880,2,640.13,2010-11-23 10:50:00,381,2,2,3,223,Others
12881,1,298.0,2011-03-09 11:44:00,275,2,1,2,212,Others
12882,2,1463.04,2011-11-30 16:18:00,8,5,2,4,524,Potential Loyalists
12883,4,703.47,2011-11-15 09:32:00,24,4,3,3,433,Loyal Customers
12884,1,309.05,2011-09-12 13:10:00,87,3,1,2,312,Others
12885,3,1175.22,2011-10-07 13:40:00,62,3,3,3,333,Loyal Customers
12886,2,1378.4,2011-10-03 10:09:00,67,3,2,4,324,Others
12887,1,222.4,2010-11-21 11:18:00,383,2,1,1,211,Others
12888,2,354.12,2011-05-09 16:02:00,213,2,2,2,222,Others
12889,4,385.46000000000004,2010-11-23 16:08:00,380,2,3,2,232,Others
12890,2,706.02,2011-11-15 17:26:00,23,4,2,3,423,Potential Loyalists
12891,11,840.5,2011-06-07 12:31:00,185,3,5,3,353,Loyal Customers
12892,1,263.38,2010-11-08 09:51:00,396,2,1,1,211,Others
12893,1,176.55,2011-11-09 12:34:00,30,4,1,1,411,Potential Loyalists
12894,1,157.35,2010-05-13 14:47:00,574,1,1,1,111,Others
12895,2,372.8,2011-10-28 13:51:00,41,4,2,2,422,Potential Loyalists
12897,4,514.25,2011-05-19 12:13:00,204,2,3,2,232,Others
12898,2,296.21000000000004,2010-09-02 08:08:00,463,1,2,2,122,Others
12899,1,366.4,2010-10-22 09:53:00,413,1,1,2,112,Others
12900,1,340.33,2010-10-13 15:17:00,421,1,1,2,112,Others
12901,28,17654.54,2011-12-01 10:07:00,8,5,5,5,555,Champions
12902,1,138.68,2011-03-20 12:06:00,264,2,1,1,211,Others
12903,1,833.53,2010-10-07 12:39:00,428,1,1,3,113,Others
12904,2,496.06,2011-11-21 14:34:00,17,5,2,2,522,Potential Loyalists
12905,2,1018.42,2010-05-12 10:05:00,576,1,2,3,123,Others
12906,5,2919.81,2011-11-28 09:55:00,11,5,4,5,545,Champions
12907,2,508.91,2010-11-09 12:08:00,395,2,2,2,222,Others
12908,5,1776.0,2011-06-16 15:39:00,175,3,4,4,344,Loyal Customers
12909,8,3103.19,2011-10-31 12:43:00,39,4,4,5,445,Champions
12910,13,5796.52,2011-11-16 14:28:00,22,4,5,5,455,Champions
12911,1,1651.72,2010-06-06 12:13:00,551,1,1,4,114,At Risk
12912,5,1662.3,2011-12-07 08:55:00,2,5,4,4,544,Champions
12913,13,6283.24,2011-12-05 12:11:00,4,5,5,5,555,Champions
12914,1,223.98,2010-11-04 12:28:00,400,2,1,1,211,Others
12915,4,975.1,2011-07-14 11:34:00,148,3,3,3,333,Loyal Customers
12916,7,4479.73,2011-07-24 10:35:00,138,3,4,5,345,Loyal Customers
12917,6,4359.2,2011-08-03 16:42:00,127,3,4,5,345,Loyal Customers
12918,1,10953.5,2010-03-23 15:22:00,625,1,1,5,115,At Risk
12919,6,1335.19,2011-12-01 13:47:00,7,5,4,4,544,Champions
12920,4,486.64,2011-11-22 15:05:00,16,5,3,2,532,Others
12921,74,35233.24,2011-11-30 16:22:00,8,5,5,5,555,Champions
12922,1,405.38,2011-07-01 15:35:00,160,3,1,2,312,Others
12923,3,770.42,2011-10-06 16:20:00,63,3,3,3,333,Loyal Customers
12924,12,2469.4,2011-09-12 13:55:00,87,3,5,4,354,Loyal Customers
12925,3,729.3299999999999,2011-12-05 11:11:00,4,5,3,3,533,Loyal Customers
12926,4,1523.97,2010-10-24 15:57:00,410,1,3,4,134,At Risk
12927,1,197.31,2010-11-10 10:02:00,394,2,1,1,211,Others
12928,12,4304.89,2011-11-04 14:24:00,34,4,5,5,455,Champions
12929,1,117.85,2011-02-01 12:08:00,311,2,1,1,211,Others
12930,2,415.8,2011-09-22 15:18:00,77,3,2,2,322,Others
12931,57,92347.34,2011-11-18 12:39:00,21,4,5,5,455,Champions
12932,8,1698.56,2010-06-18 14:22:00,538,1,4,4,144,At Risk
12933,8,1636.6299999999999,2011-11-15 16:38:00,23,4,4,4,444,Champions
12934,1,181.65,2009-12-03 10:51:00,736,1,1,1,111,Others
12935,15,4243.86,2011-12-07 17:25:00,1,5,5,5,555,Champions
12936,4,1063.9,2011-11-22 17:32:00,16,5,3,3,533,Loyal Customers
12937,9,3097.61,2011-11-24 15:05:00,14,5,5,5,555,Champions
12938,1,114.14,2011-11-14 11:21:00,25,4,1,1,411,Potential Loyalists
12939,20,25264.8,2011-10-06 14:33:00,63,3,5,5,355,Loyal Customers
12940,2,899.69,2011-10-16 12:09:00,54,4,2,3,423,Potential Loyalists
12941,1,377.49,2009-12-15 13:12:00,723,1,1,2,112,Others
12942,3,675.6,2011-07-31 14:39:00,130,3,3,3,333,Loyal Customers
12943,2,496.5,2010-05-30 13:52:00,557,1,2,2,122,Others
12944,2,604.51,2011-11-04 11:04:00,35,4,2,2,422,Potential Loyalists
12945,2,900.11,2011-02-24 14:15:00,287,2,2,3,223,Others
12946,1,324.45,2010-09-29 10:14:00,436,1,1,2,112,Others
12947,6,1603.99,2011-07-19 10:06:00,143,3,4,4,344,Loyal Customers
12948,9,2317.43,2011-11-23 17:10:00,15,5,5,4,554,Champions
12949,22,15526.7,2011-11-09 11:25:00,30,4,5,5,455,Champions
12950,3,1843.0,2011-12-07 13:17:00,1,5,3,4,534,Loyal Customers
12951,15,3213.7200000000003,2011-12-01 12:14:00,8,5,5,5,555,Champions
12952,4,1387.79,2011-12-04 10:35:00,5,5,3,4,534,Loyal Customers
12953,2,828.8100000000001,2011-11-30 09:24:00,9,5,2,3,523,Potential Loyalists
12954,1,162.45,2010-03-11 10:16:00,638,1,1,1,111,Others
12955,11,4757.16,2011-12-08 16:29:00,0,5,5,5,555,Champions
12956,4,521.89,2011-02-06 16:08:00,305,2,3,2,232,Others
12957,13,8706.97,2011-11-30 09:53:00,9,5,5,5,555,Champions
12958,2,467.34,2010-11-04 16:16:00,399,2,2,2,222,Others
12959,1,150.95,2010-08-12 17:20:00,483,1,1,1,111,Others
12960,4,1322.07,2010-10-22 09:31:00,413,1,3,4,134,At Risk
12961,1,211.99,2010-11-25 16:44:00,378,2,1,1,211,Others
12962,2,266.39,2011-12-02 15:55:00,6,5,2,1,521,Potential Loyalists
12963,12,3235.79,2011-12-01 12:55:00,7,5,5,5,555,Champions
12964,1,132.24,2010-09-28 17:47:00,436,1,1,1,111,Others
12965,1,769.8100000000001,2011-09-11 15:31:00,88,3,1,3,313,Others
12966,1,160.18,2011-11-30 12:38:00,9,5,1,1,511,Potential Loyalists
12967,3,2938.52,2010-12-16 19:10:00,357,2,3,5,235,At Risk
12968,1,135.95,2011-08-19 15:44:00,111,3,1,1,311,Others
12969,1,122.45,2010-04-16 10:50:00,602,1,1,1,111,Others
12970,10,1453.6,2011-12-02 14:30:00,6,5,5,4,554,Champions
12971,116,15704.6,2011-12-06 12:20:00,3,5,5,5,555,Champions
12972,4,1161.2,2010-10-22 08:41:00,413,1,3,3,133,Others
12973,1,385.55,2010-10-22 10:14:00,413,1,1,2,112,Others
12974,2,408.95,2011-05-26 09:33:00,197,2,2,2,222,Others
12975,6,2100.09,2010-09-29 09:46:00,436,1,4,4,144,At Risk
12976,8,3156.38,2011-05-12 09:55:00,211,2,4,5,245,At Risk
12977,4,513.88,2011-07-06 16:40:00,155,3,3,2,332,Others
12978,5,2502.82,2010-11-19 14:29:00,384,2,4,4,244,At Risk
12979,1,517.7,2009-12-10 15:45:00,728,1,1,2,112,Others
12980,21,16245.78,2011-07-05 09:34:00,157,3,5,5,355,Loyal Customers
12981,2,372.21999999999997,2011-11-10 12:00:00,29,4,2,2,422,Potential Loyalists
12982,8,2744.81,2011-04-11 11:51:00,242,2,4,4,244,At Risk
12983,1,490.08000000000004,2010-04-20 12:58:00,597,1,1,2,112,Others
12984,1,97.5,2011-11-21 12:37:00,18,5,1,1,511,Potential Loyalists
12985,2,1239.38,2011-12-09 10:46:00,0,5,2,4,524,Potential Loyalists
12986,10,2729.84,2010-10-07 11:57:00,428,1,5,4,154,At Risk
12987,5,1312.21,2011-09-27 12:03:00,73,3,4,4,344,Loyal Customers
12988,1,505.82,2011-02-20 14:31:00,291,2,1,2,212,Others
12989,33,13551.75,2011-12-06 15:28:00,2,5,5,5,555,Champions
12990,7,955.5,2011-11-08 13:01:00,30,4,4,3,443,Loyal Customers
12991,3,764.82,2011-11-16 15:34:00,22,4,3,3,433,Loyal Customers
12992,1,93.35000000000001,2009-12-14 16:46:00,724,1,1,1,111,Others
12993,8,1259.6299999999999,2011-11-16 15:49:00,22,4,4,4,444,Champions
12994,3,974.4200000000001,2011-12-05 15:43:00,3,5,3,3,533,Loyal Customers
12995,1,211.32,2011-09-15 15:44:00,84,3,1,1,311,Others
12996,1,355.5,2010-11-29 09:27:00,375,2,1,2,212,Others
12997,8,2110.91,2011-11-17 15:47:00,21,4,4,4,444,Champions
12998,3,920.08,2010-08-04 08:05:00,492,1,3,3,133,Others
12999,3,455.88,2011-05-27 13:24:00,195,2,3,2,232,Others
13000,4,1032.5,2011-08-25 10:43:00,106,3,3,3,333,Loyal Customers
13001,33,24042.65,2011-12-05 14:51:00,3,5,5,5,555,Champions
13002,3,414.13,2011-01-25 15:18:00,317,2,3,2,232,Others
13003,3,149.05,2011-08-26 10:50:00,105,3,3,1,331,Others
13004,36,11650.85,2011-11-28 11:27:00,11,5,5,5,555,Champions
13005,4,999.68,2011-06-19 10:53:00,173,3,3,3,333,Loyal Customers
13006,1,81.57,2011-10-14 13:49:00,55,4,1,1,411,Potential Loyalists
13007,1,175.25,2010-05-09 10:38:00,579,1,1,1,111,Others
13008,3,612.13,2011-01-20 14:24:00,322,2,3,3,233,Others
13009,1,234.0,2010-02-05 12:22:00,672,1,1,1,111,Others
13010,2,330.12,2010-11-30 15:09:00,373,2,2,2,222,Others
13011,1,50.550000000000004,2010-12-02 17:22:00,371,2,1,1,211,Others
13012,11,2957.83,2011-11-30 13:05:00,8,5,5,5,555,Champions
13013,29,11097.43,2011-12-08 15:01:00,0,5,5,5,555,Champions
13014,11,5381.08,2011-11-29 12:27:00,10,5,5,5,555,Champions
13015,11,6579.78,2011-10-17 13:19:00,52,4,5,5,455,Champions
13016,3,789.89,2011-09-27 14:08:00,72,3,3,3,333,Loyal Customers
13017,1,204.0,2011-12-02 15:53:00,6,5,1,1,511,Potential Loyalists
13018,35,9763.16,2011-11-23 13:28:00,15,5,5,5,555,Champions
13019,6,1229.95,2010-11-25 14:56:00,378,2,4,4,244,At Risk
13020,2,618.96,2010-05-26 11:12:00,562,1,2,3,123,Others
13021,17,4887.24,2011-12-05 16:37:00,3,5,5,5,555,Champions
13022,1,65.3,2010-10-06 10:50:00,429,1,1,1,111,Others
13023,3,1449.03,2011-10-06 16:27:00,63,3,3,4,334,Loyal Customers
13024,2,555.87,2010-08-26 09:42:00,470,1,2,2,122,Others
13025,1,323.39,2009-12-08 10:02:00,731,1,1,2,112,Others
13026,9,1733.08,2011-12-08 16:58:00,0,5,5,4,554,Champions
13027,19,17239.2,2011-08-18 09:39:00,113,3,5,5,355,Loyal Customers
13028,2,661.3199999999999,2011-11-17 11:10:00,22,4,2,3,423,Potential Loyalists
13029,5,1927.3,2011-11-09 09:13:00,30,4,4,4,444,Champions
13030,2,752.4399999999999,2011-11-28 14:30:00,10,5,2,3,523,Potential Loyalists
13031,5,3292.84,2010-10-28 15:34:00,406,2,4,5,245,At Risk
13032,9,2815.96,2011-10-18 15:54:00,51,4,5,4,454,Champions
13033,2,220.55,2010-12-17 14:23:00,356,2,2,1,221,Others
13034,3,756.82,2011-10-16 12:21:00,54,4,3,3,433,Loyal Customers
13035,3,1364.2,2011-09-27 08:57:00,73,3,3,4,334,Loyal Customers
13036,1,307.1,2010-01-24 11:35:00,684,1,1,2,112,Others
13037,12,3914.9500000000003,2011-07-24 15:46:00,137,3,5,5,355,Loyal Customers
13038,3,908.46,2011-09-20 14:37:00,79,3,3,3,333,Loyal Customers
13039,4,1010.73,2010-05-04 16:45:00,583,1,3,3,133,Others
13040,2,676.99,2011-12-01 10:38:00,8,5,2,3,523,Potential Loyalists
13041,4,799.13,2010-09-15 11:44:00,450,1,3,3,133,Others
13042,3,1488.59,2010-04-20 13:43:00,597,1,3,4,134,At Risk
13043,1,516.42,2011-03-11 14:52:00,272,2,1,2,212,Others
13044,11,4848.05,2011-02-21 15:20:00,290,2,5,5,255,At Risk
13045,3,808.92,2011-09-01 15:04:00,98,3,3,3,333,Loyal Customers
13046,3,949.25,2011-11-09 08:36:00,30,4,3,3,433,Loyal Customers
13047,24,8428.53,2011-11-08 12:06:00,31,4,5,5,455,Champions
13048,9,4049.13,2011-11-25 13:23:00,13,5,5,5,555,Champions
13049,4,1408.24,2011-10-06 15:31:00,63,3,3,4,334,Loyal Customers
13050,35,11986.52,2011-11-25 09:18:00,14,5,5,5,555,Champions
13051,2,155.8,2010-05-10 09:14:00,578,1,2,1,121,Others
13052,7,3119.33,2011-05-11 14:12:00,211,2,4,5,245,At Risk
13053,1,127.65,2010-03-28 11:28:00,621,1,1,1,111,Others
13055,4,2321.11,2011-09-22 14:26:00,77,3,3,4,334,Loyal Customers
13056,1,209.48,2010-06-06 14:10:00,550,1,1,1,111,Others
13057,3,709.59,2010-06-27 15:44:00,529,1,3,3,133,Others
13058,3,271.40000000000003,2011-11-15 12:43:00,24,4,3,1,431,Others
13059,10,2291.77,2011-04-04 10:40:00,249,2,5,4,254,At Risk
13060,1,307.53,2011-03-31 11:37:00,253,2,1,2,212,Others
13061,1,248.61,2011-09-28 16:04:00,71,3,1,1,311,Others
13062,1,346.98,2011-06-01 15:12:00,190,2,1,2,212,Others
13063,1,188.4,2010-08-16 12:27:00,480,1,1,1,111,Others
13064,6,1666.8400000000001,2011-11-27 12:31:00,12,5,4,4,544,Champions
13065,5,1055.05,2010-12-01 16:52:00,372,2,4,3,243,Others
13066,2,470.8,2011-11-15 12:57:00,23,4,2,2,422,Potential Loyalists
13067,3,508.51,2011-09-18 13:38:00,81,3,3,2,332,Others
13068,2,344.0,2011-11-29 15:00:00,9,5,2,2,522,Potential Loyalists
13069,38,9284.45,2011-12-09 08:39:00,0,5,5,5,555,Champions
13070,4,751.7,2011-05-31 13:45:00,191,2,3,3,233,Others
13071,1,129.22,2010-04-06 13:37:00,611,1,1,1,111,Others
13072,1,177.15,2011-03-18 08:12:00,266,2,1,1,211,Others
13073,2,418.08,2010-10-24 14:06:00,410,1,2,2,122,Others
13074,4,1378.74,2010-07-16 16:53:00,510,1,3,4,134,At Risk
13075,1,919.61,2011-08-02 10:19:00,129,3,1,3,313,Others
13076,1,135.4,2010-09-08 10:27:00,457,1,1,1,111,Others
13077,11,2740.65,2011-12-08 19:24:00,0,5,5,4,554,Champions
13078,57,29018.06,2011-12-06 15:36:00,2,5,5,5,555,Champions
13079,6,419.18,2011-12-05 16:53:00,3,5,4,2,542,Others
13080,4,280.73,2011-06-13 14:59:00,178,3,3,1,331,Others
13081,28,56838.37,2011-11-28 10:54:00,11,5,5,5,555,Champions
13082,21,7335.75,2011-08-05 16:16:00,125,3,5,5,355,Loyal Customers
13083,3,395.43,2011-12-05 15:01:00,3,5,3,2,532,Others
13084,1,122.39999999999999,2010-08-05 08:49:00,491,1,1,1,111,Others
13085,8,2433.28,2011-07-05 12:11:00,157,3,4,4,344,Loyal Customers
13086,1,439.33000000000004,2010-11-22 10:28:00,382,2,1,2,212,Others
13087,1,313.64,2009-12-13 15:16:00,725,1,1,2,112,Others
13088,1,236.11,2010-10-18 15:35:00,416,1,1,1,111,Others
13089,203,113416.91,2011-12-07 09:02:00,2,5,5,5,555,Champions
13090,24,13091.74,2011-12-01 12:39:00,8,5,5,5,555,Champions
13091,3,2321.82,2011-11-11 15:54:00,27,4,3,4,434,Loyal Customers
13092,12,2140.28,2011-09-30 11:18:00,70,3,5,4,354,Loyal Customers
13093,55,54144.25,2011-03-09 12:14:00,275,2,5,5,255,At Risk
13094,13,2209.44,2011-11-18 14:07:00,20,4,5,4,454,Champions
13095,1,74.39999999999999,2011-09-30 12:03:00,70,3,1,1,311,Others
13096,1,419.70000000000005,2010-11-10 14:08:00,393,2,1,2,212,Others
13097,28,13324.1,2011-11-07 10:43:00,32,4,5,5,455,Champions
13098,28,28882.44,2011-12-08 14:14:00,0,5,5,5,555,Champions
13099,1,207.35999999999999,2011-09-01 17:40:00,98,3,1,1,311,Others
13101,4,695.4,2011-04-19 14:37:00,233,2,3,3,233,Others
13102,37,11380.1,2011-12-08 12:52:00,0,5,5,5,555,Champions
13103,3,709.64,2011-10-31 09:38:00,39,4,3,3,433,Loyal Customers
13104,9,1709.1,2011-12-06 13:10:00,2,5,5,4,554,Champions
13105,1,72.0,2010-09-29 13:41:00,435,1,1,1,111,Others
13106,2,603.46,2011-07-29 15:12:00,132,3,2,2,322,Others
13107,9,5253.07,2011-10-26 14:52:00,43,4,5,5,455,Champions
13108,2,748.46,2010-12-02 10:35:00,372,2,2,3,223,Others
13109,3,1134.03,2011-10-11 10:16:00,59,3,3,3,333,Loyal Customers
13110,12,2957.4700000000003,2011-11-08 14:30:00,30,4,5,5,455,Champions
13111,1,321.88000000000005,2009-12-21 09:00:00,718,1,1,2,112,Others
13112,1,20.6,2010-06-16 17:03:00,540,1,1,1,111,Others
13113,37,18230.07,2011-12-09 12:49:00,0,5,5,5,555,Champions
13114,1,234.38,2009-12-09 09:56:00,730,1,1,1,111,Others
13115,10,5494.7,2011-11-28 12:38:00,11,5,5,5,555,Champions
13116,1,501.14,2011-07-24 14:33:00,137,3,1,2,312,Others
13117,18,2255.66,2011-11-18 12:02:00,21,4,5,4,454,Champions
13118,9,2415.41,2011-11-20 12:46:00,19,4,5,4,454,Champions
13119,1,134.9,2010-02-09 08:38:00,668,1,1,1,111,Others
13120,1,30.599999999999998,2011-04-15 10:19:00,238,2,1,1,211,Others
13121,1,283.73,2011-03-15 16:47:00,268,2,1,1,211,Others
13122,2,922.39,2011-09-06 15:53:00,93,3,2,3,323,Others
13123,2,506.75,2010-08-24 10:18:00,472,1,2,2,122,Others
13124,4,4641.66,2011-09-11 12:45:00,89,3,3,5,335,Loyal Customers
13125,1,148.62,2010-07-04 11:58:00,523,1,1,1,111,Others
13126,13,3774.81,2011-12-05 10:00:00,4,5,5,5,555,Champions
13127,1,259.17,2011-09-23 10:26:00,77,3,1,1,311,Others
13128,1,263.5,2010-03-18 15:08:00,630,1,1,1,111,Others
13129,2,233.25,2010-09-13 13:47:00,451,1,2,1,121,Others
13130,1,64.0,2011-09-06 15:30:00,93,3,1,1,311,Others
13131,7,3313.77,2011-11-16 13:21:00,22,4,4,5,445,Champions
13132,1,77.3,2011-03-23 12:44:00,261,2,1,1,211,Others
13133,3,200.45000000000002,2011-03-11 10:31:00,273,2,3,1,231,Others
13134,6,2475.23,2011-09-15 10:35:00,85,3,4,4,344,Loyal Customers
13135,2,3371.45,2011-05-27 10:52:00,196,2,2,5,225,At Risk
13136,13,6274.56,2011-10-14 13:41:00,55,4,5,5,455,Champions
13137,16,7586.94,2011-11-29 12:09:00,10,5,5,5,555,Champions
13138,7,1274.01,2011-11-17 16:51:00,21,4,4,4,444,Champions
13139,8,8202.98,2011-11-23 13:54:00,15,5,4,5,545,Champions
13140,5,1054.92,2011-08-23 15:33:00,107,3,4,3,343,Loyal Customers
13141,17,7656.08,2011-09-16 09:54:00,84,3,5,5,355,Loyal Customers
13142,1,307.09,2011-11-20 16:07:00,18,5,1,2,512,Potential Loyalists
13143,1,405.1,2010-05-04 12:22:00,584,1,1,2,112,Others
13144,2,135.35,2011-01-11 11:15:00,332,2,2,1,221,Others
13145,7,1128.52,2011-10-31 12:45:00,39,4,4,3,443,Loyal Customers
13146,1,228.91,2011-11-13 15:29:00,25,4,1,1,411,Potential Loyalists
13147,4,712.8000000000001,2011-11-29 13:59:00,9,5,3,3,533,Loyal Customers
13148,26,8497.82,2011-11-10 15:23:00,28,4,5,5,455,Champions
13149,4,1676.06,2011-11-25 13:09:00,13,5,3,4,534,Loyal Customers
13150,3,449.96999999999997,2010-08-12 12:59:00,483,1,3,2,132,Others
13151,3,2465.21,2011-02-17 12:29:00,295,2,3,4,234,At Risk
13152,7,2146.38,2010-10-18 13:44:00,416,1,4,4,144,At Risk
13153,1,486.22,2011-12-04 12:14:00,5,5,1,2,512,Potential Loyalists
13154,3,1624.84,2010-11-05 16:00:00,398,2,3,4,234,At Risk
13155,6,1370.48,2011-11-06 15:41:00,32,4,4,4,444,Champions
13156,3,1586.54,2010-11-19 13:09:00,384,2,3,4,234,At Risk
13157,9,5687.36,2011-10-21 13:50:00,48,4,5,5,455,Champions
13158,5,1508.18,2011-09-06 11:58:00,94,3,4,4,344,Loyal Customers
13159,4,1429.35,2011-12-01 11:20:00,8,5,3,4,534,Loyal Customers
13160,1,91.8,2011-11-17 13:07:00,21,4,1,1,411,Potential Loyalists
13161,2,472.13,2011-01-30 14:03:00,312,2,2,2,222,Others
13162,16,9275.49,2011-08-09 15:59:00,121,3,5,5,355,Loyal Customers
13163,1,17.65,2010-04-08 16:21:00,609,1,1,1,111,Others
13164,2,372.2,2010-05-19 13:52:00,568,1,2,2,122,Others
13165,3,1451.16,2011-10-24 15:05:00,45,4,3,4,434,Loyal Customers
13166,2,875.93,2011-03-01 15:16:00,282,2,2,3,223,Others
13167,5,1125.15,2011-11-21 12:24:00,18,5,4,3,543,Loyal Customers
13168,5,1840.73,2011-11-03 12:56:00,35,4,4,4,444,Champions
13169,3,840.08,2011-10-07 12:11:00,63,3,3,3,333,Loyal Customers
13170,1,108.81,2011-11-13 12:19:00,26,4,1,1,411,Potential Loyalists
13171,3,468.41,2011-11-18 10:27:00,21,4,3,2,432,Others
13172,1,69.6,2010-11-04 15:10:00,399,2,1,1,211,Others
13173,11,2399.82,2011-12-05 15:51:00,3,5,5,4,554,Champions
13174,12,7995.36,2011-11-23 14:35:00,15,5,5,5,555,Champions
13175,2,831.45,2010-05-06 13:13:00,581,1,2,3,123,Others
13176,1,481.49,2011-10-24 15:43:00,45,4,1,2,412,Potential Loyalists
13177,2,512.2,2011-10-06 09:56:00,64,3,2,2,322,Others
13178,21,14059.19,2011-11-13 16:14:00,25,4,5,5,455,Champions
13179,1,572.3100000000001,2010-03-31 11:40:00,618,1,1,2,112,Others
13180,1,86.10000000000001,2010-04-11 13:37:00,606,1,1,1,111,Others
13181,1,359.69,2010-11-23 15:05:00,380,2,1,2,212,Others
13182,1,121.18,2011-10-25 13:46:00,44,4,1,1,411,Potential Loyalists
13183,15,7036.18,2011-12-02 10:30:00,7,5,5,5,555,Champions
13184,10,1668.95,2011-11-25 12:02:00,14,5,5,4,554,Champions
13185,1,71.4,2011-03-17 11:56:00,267,2,1,1,211,Others
13186,3,1575.89,2011-10-31 11:40:00,39,4,3,4,434,Loyal Customers
13187,4,341.36,2011-01-06 18:57:00,336,2,3,2,232,Others
13188,1,114.60000000000001,2011-11-28 15:28:00,10,5,1,1,511,Potential Loyalists
13189,2,260.68,2011-11-21 10:39:00,18,5,2,1,521,Potential Loyalists
13190,3,570.66,2010-06-13 15:47:00,543,1,3,2,132,Others
13191,1,164.69,2010-02-19 17:02:00,657,1,1,1,111,Others
13192,6,2558.58,2011-09-05 14:13:00,94,3,4,4,344,Loyal Customers
13193,1,112.08,2011-10-09 14:30:00,60,3,1,1,311,Others
13194,2,472.78,2011-07-27 09:01:00,135,3,2,2,322,Others
13195,1,136.73,2010-10-21 13:07:00,413,1,1,1,111,Others
13196,7,3068.84,2011-11-28 13:54:00,10,5,4,5,545,Champions
13197,1,373.01000000000005,2010-04-09 09:14:00,609,1,1,2,112,Others
13198,8,4974.2300000000005,2011-11-29 15:17:00,9,5,4,5,545,Champions
13199,67,15964.210000000001,2011-12-06 12:30:00,3,5,5,5,555,Champions
13200,4,870.09,2011-11-20 15:35:00,18,5,3,3,533,Loyal Customers
13201,4,1233.06,2010-07-25 14:30:00,501,1,3,4,134,At Risk
13202,7,1580.3,2010-11-10 16:24:00,393,2,4,4,244,At Risk
13203,10,2648.25,2011-11-30 10:45:00,9,5,5,4,554,Champions
13204,1,966.6600000000001,2009-12-08 14:56:00,730,1,1,3,113,Others
13205,1,2803.2,2010-09-22 16:26:00,442,1,1,4,114,At Risk
13206,13,8308.19,2010-11-04 16:50:00,399,2,5,5,255,At Risk
13207,4,535.86,2011-11-24 14:52:00,14,5,3,2,532,Others
13208,9,1976.3,2011-10-12 09:54:00,58,4,5,4,454,Champions
13209,13,8509.51,2011-11-09 13:54:00,29,4,5,5,455,Champions
13210,1,353.48,2011-09-07 08:18:00,93,3,1,2,312,Others
13211,10,2618.77,2011-11-29 14:43:00,9,5,5,4,554,Champions
13212,3,786.83,2011-11-20 12:40:00,19,4,3,3,433,Loyal Customers
13213,11,3851.52,2011-10-14 11:42:00,56,4,5,5,455,Champions
13214,7,3264.23,2010-10-18 10:00:00,417,1,4,5,145,At Risk
13215,1,81.6,2010-11-02 18:26:00,401,2,1,1,211,Others
13216,1,333.74,2011-03-17 12:18:00,267,2,1,2,212,Others
13217,4,666.48,2011-08-09 15:32:00,121,3,3,3,333,Loyal Customers
13218,1,62.63999999999999,2011-08-04 16:59:00,126,3,1,1,311,Others
13219,1,76.23,2010-03-31 14:18:00,617,1,1,1,111,Others
13220,5,1336.0900000000001,2011-09-22 13:38:00,77,3,4,4,344,Loyal Customers
13221,2,847.41,2011-04-13 16:58:00,239,2,2,3,223,Others
13222,1,88.5,2010-05-11 13:54:00,576,1,1,1,111,Others
13223,6,969.1200000000001,2011-05-23 13:03:00,199,2,4,3,243,Others
13224,2,2155.95,2011-10-10 14:55:00,59,3,2,4,324,Others
13225,16,16260.07,2011-12-06 13:29:00,2,5,5,5,555,Champions
13226,2,312.46,2011-03-11 14:35:00,272,2,2,2,222,Others
13227,1,257.7,2011-05-22 11:47:00,201,2,1,1,211,Others
13228,1,358.0,2011-09-19 14:28:00,80,3,1,2,312,Others
13229,1,160.95,2011-04-28 12:07:00,225,2,1,1,211,Others
13230,30,6120.01,2011-12-05 16:03:00,3,5,5,5,555,Champions
13232,7,1328.35,2011-11-27 10:39:00,12,5,4,4,544,Champions
13233,4,1176.46,2011-09-26 13:25:00,73,3,3,3,333,Loyal Customers
13234,2,346.5,2010-02-05 11:41:00,672,1,2,2,122,Others
13235,1,1031.07,2011-05-11 17:13:00,211,2,1,3,213,Others
13236,2,744.85,2011-11-15 12:50:00,24,4,2,3,423,Potential Loyalists
13237,1,643.0,2010-11-17 10:07:00,387,2,1,3,213,Others
13238,6,1006.63,2011-11-22 15:37:00,16,5,4,3,543,Loyal Customers
13239,5,1594.69,2011-03-23 10:25:00,261,2,4,4,244,At Risk
13240,8,1475.79,2011-09-04 14:08:00,95,3,4,4,344,Loyal Customers
13241,1,112.53,2010-10-24 11:17:00,411,1,1,1,111,Others
13242,7,699.4,2011-08-19 12:53:00,111,3,4,3,343,Loyal Customers
13243,5,1220.38,2011-05-20 13:14:00,202,2,4,3,243,Others
13244,1,121.74000000000001,2011-09-08 11:46:00,92,3,1,1,311,Others
13245,2,989.22,2011-10-20 11:40:00,50,4,2,3,423,Potential Loyalists
13246,11,3351.75,2011-11-21 16:50:00,17,5,5,5,555,Champions
13247,4,501.12,2011-11-22 10:59:00,17,5,3,2,532,Others
13248,2,465.68,2011-08-07 12:40:00,124,3,2,2,322,Others
13249,9,1608.93,2011-09-08 13:26:00,91,3,5,4,354,Loyal Customers
13250,2,253.09,2010-09-05 11:33:00,460,1,2,1,121,Others
13251,1,252.68,2010-11-02 13:20:00,401,2,1,1,211,Others
13252,2,399.3,2010-11-10 16:00:00,393,2,2,2,222,Others
13253,4,2951.11,2011-07-06 10:09:00,156,3,3,5,335,Loyal Customers
13254,1,51.410000000000004,2010-11-28 15:42:00,375,2,1,1,211,Others
13255,3,678.76,2011-11-30 13:14:00,8,5,3,3,533,Loyal Customers
13257,1,149.75,2010-09-29 14:58:00,435,1,1,1,111,Others
13258,5,1009.43,2011-11-28 09:31:00,11,5,4,3,543,Loyal Customers
13259,9,1402.54,2011-10-09 10:48:00,61,3,5,4,354,Loyal Customers
13260,1,557.62,2011-10-09 13:21:00,60,3,1,2,312,Others
13261,2,944.1,2011-03-16 12:22:00,268,2,2,3,223,Others
13262,3,573.45,2011-03-21 15:06:00,262,2,3,2,232,Others
13263,39,8676.2,2011-12-08 13:59:00,0,5,5,5,555,Champions
13264,1,722.5600000000001,2010-09-23 12:42:00,442,1,1,3,113,Others
13265,5,2092.66,2011-10-17 15:02:00,52,4,4,4,444,Champions
13266,19,6135.04,2011-11-28 14:39:00,10,5,5,5,555,Champions
13267,36,9429.81,2011-12-07 11:12:00,2,5,5,5,555,Champions
13268,11,3174.75,2011-11-22 11:51:00,17,5,5,5,555,Champions
13269,28,8537.32,2011-12-08 14:53:00,0,5,5,5,555,Champions
13270,1,590.0,2010-12-08 14:53:00,365,2,1,2,212,Others
13271,1,211.49,2011-11-02 14:31:00,36,4,1,1,411,Potential Loyalists
13272,2,276.56,2011-11-08 14:00:00,30,4,2,1,421,Potential Loyalists
13273,1,138.98,2011-08-18 14:02:00,112,3,1,1,311,Others
13274,1,360.85,2010-10-26 13:48:00,408,2,1,2,212,Others
13275,2,238.86,2010-11-21 12:09:00,383,2,2,1,221,Others
13276,5,1891.91,2011-10-07 12:44:00,63,3,4,4,344,Loyal Customers
13277,7,523.3,2011-11-24 09:21:00,15,5,4,2,542,Others
13278,4,1435.85,2011-10-30 11:49:00,40,4,3,4,434,Loyal Customers
13279,1,137.75,2011-09-22 17:24:00,77,3,1,1,311,Others
13280,7,2293.33,2011-08-09 13:14:00,121,3,4,4,344,Loyal Customers
13281,1,350.85,2010-09-26 16:03:00,438,1,1,2,112,Others
13282,4,1313.19,2011-11-21 15:33:00,17,5,3,4,534,Loyal Customers
13283,4,373.36,2011-10-11 09:50:00,59,3,3,2,332,Others
13284,1,201.19,2011-01-13 09:23:00,330,2,1,1,211,Others
13285,6,3364.59,2011-11-16 13:19:00,22,4,4,5,445,Champions
13286,1,734.91,2010-04-18 15:35:00,599,1,1,3,113,Others
13287,3,781.59,2010-04-15 15:26:00,602,1,3,3,133,Others
13288,5,927.61,2010-09-22 16:32:00,442,1,4,3,143,Others
13289,1,307.95,2009-12-16 11:53:00,723,1,1,2,112,Others
13290,1,208.63,2010-09-27 16:29:00,437,1,1,1,111,Others
13291,11,3270.79,2011-07-07 10:36:00,155,3,5,5,355,Loyal Customers
13292,5,994.51,2011-11-01 10:04:00,38,4,4,3,443,Loyal Customers
13293,6,1192.94,2010-11-12 13:28:00,391,2,4,3,243,Others
13294,3,1689.53,2011-06-03 08:54:00,189,2,3,4,234,At Risk
13295,4,1101.97,2010-12-15 11:21:00,359,2,3,3,233,Others
13296,6,792.51,2011-07-25 13:46:00,136,3,4,3,343,Loyal Customers
13297,7,4368.62,2011-12-02 09:32:00,7,5,4,5,545,Champions
13298,1,360.0,2011-12-08 13:11:00,0,5,1,2,512,Potential Loyalists
13299,3,1218.7,2011-03-16 12:55:00,267,2,3,3,233,Others
13300,3,1285.51,2011-06-23 13:09:00,168,3,3,4,334,Loyal Customers
13301,4,618.09,2011-08-28 11:25:00,103,3,3,3,333,Loyal Customers
13302,2,159.2,2011-07-07 17:56:00,154,3,2,1,321,Others
13303,1,61.72,2010-11-04 14:55:00,399,2,1,1,211,Others
13304,4,1217.99,2010-12-23 14:35:00,350,2,3,3,233,Others
13305,16,3616.41,2011-12-05 15:15:00,3,5,5,5,555,Champions
13306,1,53.65,2010-10-05 14:55:00,429,1,1,1,111,Others
13307,3,273.34,2011-08-11 17:14:00,119,3,3,1,331,Others
13308,4,1670.3700000000001,2011-11-17 09:31:00,22,4,3,4,434,Loyal Customers
13309,6,1706.3700000000001,2011-12-02 16:34:00,6,5,4,4,544,Champions
13310,5,1541.2,2011-11-11 17:23:00,27,4,4,4,444,Champions
13311,2,598.57,2011-12-05 12:55:00,3,5,2,2,522,Potential Loyalists
13312,1,124.75,2010-09-14 14:36:00,450,1,1,1,111,Others
13313,12,3445.32,2011-11-17 16:48:00,21,4,5,5,455,Champions
13314,3,775.94,2011-12-08 12:29:00,1,5,3,3,533,Loyal Customers
13315,1,310.26,2010-01-19 15:34:00,688,1,1,2,112,Others
13316,10,12940.82,2011-11-02 13:40:00,36,4,5,5,455,Champions
13317,19,6486.091,2011-10-04 13:35:00,65,3,5,5,355,Loyal Customers
13318,3,640.76,2011-12-08 18:51:00,0,5,3,3,533,Loyal Customers
13319,58,21323.22,2011-12-04 13:34:00,4,5,5,5,555,Champions
13320,6,2211.6,2011-09-22 18:07:00,77,3,4,4,344,Loyal Customers
13321,2,567.36,2011-09-28 15:24:00,71,3,2,2,322,Others
13322,1,199.48000000000002,2011-11-22 14:21:00,16,5,1,1,511,Potential Loyalists
13323,5,787.85,2011-12-06 17:12:00,2,5,4,3,543,Loyal Customers
13324,18,10513.47,2011-11-03 16:28:00,35,4,5,5,455,Champions
13325,1,675.3,2011-09-19 10:36:00,81,3,1,3,313,Others
13326,1,281.76,2010-10-03 16:00:00,431,1,1,1,111,Others
13327,20,9134.48,2011-11-01 10:21:00,38,4,5,5,455,Champions
13328,1,1308.48,2011-01-27 15:22:00,315,2,1,4,214,At Risk
13329,8,4808.77,2011-11-08 10:29:00,31,4,4,5,445,Champions
13330,6,2796.1,2011-09-08 12:27:00,92,3,4,4,344,Loyal Customers
13331,1,262.4,2010-11-03 08:04:00,401,2,1,1,211,Others
13332,1,350.9,2011-11-25 13:30:00,13,5,1,2,512,Potential Loyalists
13333,3,1015.74,2010-10-24 13:24:00,410,1,3,3,133,Others
13334,5,6201.8,2011-09-18 15:21:00,81,3,4,5,345,Loyal Customers
13336,1,795.12,2011-09-23 14:05:00,76,3,1,3,313,Others
13337,1,1575.26,2010-06-11 13:27:00,545,1,1,4,114,At Risk
13338,4,2445.62,2011-07-05 09:06:00,157,3,3,4,334,Loyal Customers
13339,1,860.12,2011-05-23 08:31:00,200,2,1,3,213,Others
13340,12,22100.56,2011-10-25 13:15:00,44,4,5,5,455,Champions
13341,1,775.85,2011-03-24 09:50:00,260,2,1,3,213,Others
13343,1,353.43,2011-06-15 12:24:00,177,3,1,2,312,Others
13344,3,2511.69,2011-10-03 09:45:00,67,3,3,4,334,Loyal Customers
13345,1,389.5,2011-02-25 09:01:00,287,2,1,2,212,Others
13346,6,299.4,2010-09-03 11:41:00,462,1,4,2,142,Others
13347,1,341.36,2011-09-30 13:28:00,69,3,1,2,312,Others
13348,1,233.76,2011-10-06 17:28:00,63,3,1,1,311,Others
13349,1,247.32,2011-11-29 08:07:00,10,5,1,1,511,Potential Loyalists
13350,2,979.12,2011-11-23 16:33:00,15,5,2,3,523,Potential Loyalists
13351,1,373.94,2011-10-04 12:55:00,65,3,1,2,312,Others
13352,1,397.97999999999996,2011-10-10 13:55:00,59,3,1,2,312,Others
13354,1,743.53,2011-09-29 13:17:00,70,3,1,3,313,Others
13355,1,674.7,2011-08-09 14:48:00,121,3,1,3,313,Others
13356,1,768.24,2011-09-20 14:33:00,79,3,1,3,313,Others
13357,5,3805.5099999999998,2011-03-27 13:56:00,256,2,4,5,245,At Risk
13358,1,439.03,2011-03-16 11:52:00,268,2,1,2,212,Others
13359,2,1043.31,2011-10-07 09:30:00,63,3,2,3,323,Others
13360,4,1553.65,2010-10-04 12:37:00,431,1,3,4,134,At Risk
13361,2,1450.5,2010-08-24 14:56:00,471,1,2,4,124,At Risk
13362,7,5394.07,2011-11-30 14:41:00,8,5,4,5,545,Champions
13363,3,1723.86,2011-11-22 12:40:00,17,5,3,4,534,Loyal Customers
13364,1,134.95999999999998,2011-09-29 18:13:00,70,3,1,1,311,Others
13365,2,2225.37,2011-11-06 12:36:00,33,4,2,4,424,Potential Loyalists
13366,1,56.160000000000004,2011-10-20 13:37:00,49,4,1,1,411,Potential Loyalists
13367,1,510.20000000000005,2010-10-04 10:00:00,431,1,1,2,112,Others
13368,4,1121.5,2011-03-28 09:59:00,256,2,3,3,233,Others
13369,1,308.28000000000003,2010-12-09 11:30:00,365,2,1,2,212,Others
13370,1,754.87,2010-12-03 10:26:00,371,2,1,3,213,Others
13371,2,2297.66,2010-07-22 17:33:00,504,1,2,4,124,At Risk
13372,1,378.64,2011-09-11 12:46:00,89,3,1,2,312,Others
13373,6,7587.1900000000005,2011-10-10 10:51:00,60,3,4,5,345,Loyal Customers
13374,2,422.8,2010-10-21 10:04:00,414,1,2,2,122,Others
13375,2,1792.23,2011-09-12 10:19:00,88,3,2,4,324,Others
13376,3,1019.76,2011-09-01 16:16:00,98,3,3,3,333,Loyal Customers
13377,2,1552.88,2010-11-08 12:20:00,396,2,2,4,224,At Risk
13379,3,572.56,2011-11-13 13:45:00,25,4,3,2,432,Others
13380,1,62.4,2010-10-03 10:18:00,432,1,1,1,111,Others
13381,12,8224.37,2011-11-08 11:58:00,31,4,5,5,455,Champions
13382,5,1387.58,2011-03-04 10:03:00,280,2,4,4,244,At Risk
13383,1,305.28000000000003,2010-06-14 11:45:00,543,1,1,2,112,Others
13384,11,6680.83,2011-11-09 11:04:00,30,4,5,5,455,Champions
13385,1,534.57,2011-01-14 09:52:00,329,2,1,2,212,Others
13386,2,835.46,2010-10-21 12:52:00,413,1,2,3,123,Others
13387,1,186.94,2010-10-18 14:07:00,416,1,1,1,111,Others
13388,3,1185.65,2011-07-31 12:52:00,130,3,3,3,333,Loyal Customers
13389,3,797.96,2011-11-28 14:01:00,10,5,3,3,533,Loyal Customers
13390,1,544.08,2011-09-26 08:38:00,74,3,1,2,312,Others
13391,1,59.8,2011-05-20 10:50:00,203,2,1,1,211,Others
13392,1,91.14,2010-01-31 13:34:00,676,1,1,1,111,Others
13393,4,1131.45,2010-05-05 09:34:00,583,1,3,3,133,Others
13394,19,6621.7,2011-12-08 11:36:00,1,5,5,5,555,Champions
13395,3,1180.23,2011-06-07 15:04:00,184,3,3,3,333,Loyal Customers
13396,2,1360.99,2011-11-10 16:59:00,28,4,2,4,424,Potential Loyalists
13397,10,3191.87,2011-09-28 10:56:00,72,3,5,5,355,Loyal Customers
13398,2,670.34,2011-05-31 13:17:00,191,2,2,3,223,Others
13399,3,275.4,2010-09-01 13:59:00,463,1,3,1,131,Others
13400,1,310.83,2010-05-06 09:00:00,582,1,1,2,112,Others
13402,4,1226.8500000000001,2011-08-04 15:51:00,126,3,3,4,334,Loyal Customers
13403,3,229.5,2011-11-22 08:28:00,17,5,3,1,531,Others
13404,2,252.49,2011-12-08 15:37:00,0,5,2,1,521,Potential Loyalists
13405,6,1213.811,2011-09-26 17:01:00,73,3,4,3,343,Loyal Customers
13406,2,568.92,2010-10-08 14:44:00,426,1,2,2,122,Others
13407,3,2244.7,2010-05-10 12:41:00,578,1,3,4,134,At Risk
13408,106,50174.782,2011-12-08 09:05:00,1,5,5,5,555,Champions
13410,9,2201.96,2011-11-15 15:33:00,23,4,5,4,454,Champions
13411,1,213.55,2011-08-24 13:57:00,106,3,1,1,311,Others
13412,1,487.34999999999997,2010-03-29 16:28:00,619,1,1,2,112,Others
13413,6,429.44,2010-03-10 12:17:00,639,1,4,2,142,Others
13414,6,2494.14,2011-07-29 11:45:00,133,3,4,4,344,Loyal Customers
13415,4,784.17,2010-08-24 11:38:00,472,1,3,3,133,Others
13416,3,940.8000000000001,2011-10-27 08:56:00,43,4,3,3,433,Loyal Customers
13417,6,1669.49,2011-12-05 08:49:00,4,5,4,4,544,Champions
13418,31,11559.66,2011-11-28 10:23:00,11,5,5,5,555,Champions
13419,1,221.06,2011-10-07 12:49:00,63,3,1,1,311,Others
13420,2,159.85,2011-07-13 08:48:00,149,3,2,1,321,Others
13421,8,4058.75,2011-10-30 14:21:00,39,4,4,5,445,Champions
13422,1,2626.3,2011-10-06 13:42:00,63,3,1,4,314,Others
13423,1,217.03,2010-10-07 09:02:00,428,1,1,1,111,Others
13424,1,572.77,2010-09-16 10:49:00,449,1,1,2,112,Others
13425,5,3390.4300000000003,2011-08-23 17:13:00,107,3,4,5,345,Loyal Customers
13426,22,8167.38,2011-12-09 08:59:00,0,5,5,5,555,Champions
13427,6,1006.53,2011-11-20 13:02:00,18,5,4,3,543,Loyal Customers
13428,3,478.54,2011-11-29 14:20:00,9,5,3,2,532,Others
13429,4,1006.8,2011-11-29 09:10:00,10,5,3,3,533,Loyal Customers
13430,2,679.45,2011-11-21 08:19:00,18,5,2,3,523,Potential Loyalists
13431,8,3316.24,2011-10-03 13:49:00,66,3,4,5,345,Loyal Customers
13432,2,439.1,2010-05-17 13:18:00,570,1,2,2,122,Others
13433,4,658.3199999999999,2010-07-26 16:55:00,500,1,3,3,133,Others
13434,5,1666.8600000000001,2011-09-26 14:30:00,73,3,4,4,344,Loyal Customers
13435,9,4447.33,2011-12-04 14:45:00,4,5,5,5,555,Champions
13436,1,196.89,2011-12-08 10:33:00,1,5,1,1,511,Potential Loyalists
13437,7,3408.06,2011-11-25 14:00:00,13,5,4,5,545,Champions
13438,1,46.5,2010-06-10 18:46:00,546,1,1,1,111,Others
13439,3,986.61,2011-03-29 14:20:00,254,2,3,3,233,Others
13440,7,1295.25,2010-10-12 13:11:00,422,1,4,4,144,At Risk
13441,2,720.9,2011-09-09 09:38:00,91,3,2,3,323,Others
13442,3,419.87,2010-02-10 14:03:00,666,1,3,2,132,Others
13443,6,1273.16,2010-09-17 12:31:00,448,1,4,4,144,At Risk
13444,2,619.08,2010-11-30 13:02:00,373,2,2,3,223,Others
13445,1,241.89999999999998,2010-03-23 15:34:00,625,1,1,1,111,Others
13446,11,3881.89,2010-10-05 18:51:00,429,1,5,5,155,At Risk
13447,3,1129.14,2011-11-16 13:38:00,22,4,3,3,433,Loyal Customers
13448,13,8745.93,2011-11-23 12:33:00,16,5,5,5,555,Champions
13449,1,291.88,2011-11-16 08:28:00,23,4,1,2,412,Potential Loyalists
13450,13,4120.04,2011-11-13 11:54:00,26,4,5,5,455,Champions
13451,11,7090.06,2011-11-13 15:58:00,25,4,5,5,455,Champions
13452,3,729.8,2011-03-25 14:19:00,258,2,3,3,233,Others
13453,3,781.6899999999999,2011-06-27 09:34:00,165,3,3,3,333,Loyal Customers
13454,1,219.87,2010-03-08 14:40:00,640,1,1,1,111,Others
13455,6,2212.9900000000002,2011-11-15 11:21:00,24,4,4,4,444,Champions
13456,6,1766.72,2011-11-22 09:18:00,17,5,4,4,544,Champions
13457,2,148.22,2010-01-20 08:48:00,688,1,2,1,121,Others
13458,16,11959.27,2011-12-02 15:29:00,6,5,5,5,555,Champions
13459,2,1160.4099999999999,2010-03-25 10:24:00,624,1,2,3,123,Others
13460,2,183.44,2011-11-10 17:17:00,28,4,2,1,421,Potential Loyalists
13461,6,4160.0,2011-11-01 09:01:00,38,4,4,5,445,Champions
13462,5,1153.85,2011-04-01 11:20:00,252,2,4,3,243,Others
13464,6,3097.64,2011-10-12 15:01:00,57,4,4,5,445,Champions
13465,2,931.12,2010-09-19 15:13:00,445,1,2,3,123,Others
13466,5,1013.35,2011-06-08 16:39:00,183,3,4,3,343,Loyal Customers
13467,2,1071.91,2011-11-29 10:01:00,10,5,2,3,523,Potential Loyalists
13468,72,12793.28,2011-12-08 10:39:00,1,5,5,5,555,Champions
13469,1,82.4,2010-02-24 15:03:00,652,1,1,1,111,Others
13470,2,165.0,2011-09-01 14:57:00,98,3,2,1,321,Others
13471,4,2501.84,2011-12-08 15:44:00,0,5,3,4,534,Loyal Customers
13472,2,592.24,2010-09-02 09:41:00,463,1,2,2,122,Others
13473,8,2657.7599999999998,2011-10-10 11:20:00,60,3,4,4,344,Loyal Customers
13474,3,646.59,2011-04-17 13:53:00,235,2,3,3,233,Others
13475,4,1431.78,2011-06-01 13:52:00,190,2,3,4,234,At Risk
13476,5,2061.4700000000003,2011-06-14 12:00:00,178,3,4,4,344,Loyal Customers
13477,11,2819.17,2011-11-02 12:04:00,37,4,5,4,454,Champions
13478,5,2215.78,2010-08-27 13:23:00,468,1,4,4,144,At Risk
13479,4,851.37,2011-05-23 10:45:00,200,2,3,3,233,Others
13480,2,627.82,2010-10-19 11:53:00,416,1,2,3,123,Others
13481,11,3830.84,2011-10-25 09:07:00,45,4,5,5,455,Champions
13482,2,336.09,2011-04-21 17:03:00,231,2,2,2,222,Others
13483,1,140.34,2011-10-05 11:53:00,65,3,1,1,311,Others
13484,3,790.72,2011-04-12 16:30:00,240,2,3,3,233,Others
13485,11,3019.2200000000003,2011-04-20 13:58:00,232,2,5,5,255,At Risk
13486,3,1122.41,2011-09-22 13:13:00,77,3,3,3,333,Loyal Customers
13487,5,846.87,2011-10-13 12:07:00,57,4,4,3,443,Loyal Customers
13488,23,14205.96,2011-11-22 14:41:00,16,5,5,5,555,Champions
13489,4,449.52,2011-08-26 13:16:00,104,3,3,2,332,Others
13490,1,154.25,2010-02-23 14:48:00,653,1,1,1,111,Others
13491,27,4467.66,2011-10-19 08:32:00,51,4,5,5,455,Champions
13492,3,1269.84,2011-07-26 14:25:00,135,3,3,4,334,Loyal Customers
13493,2,618.63,2011-03-09 15:35:00,274,2,2,3,223,Others
13494,1,316.26000000000005,2011-02-01 11:58:00,311,2,1,2,212,Others
13495,10,4863.31,2011-12-02 11:21:00,7,5,5,5,555,Champions
13496,2,653.33,2011-11-29 10:58:00,10,5,2,3,523,Potential Loyalists
13497,6,1166.83,2011-03-02 09:04:00,282,2,4,3,243,Others
13498,1,327.38,2009-12-09 15:26:00,729,1,1,2,112,Others
13499,5,1159.11,2011-11-22 11:21:00,17,5,4,3,543,Loyal Customers
13500,4,1466.3,2011-11-16 15:35:00,22,4,3,4,434,Loyal Customers
13501,3,2885.11,2011-02-24 18:59:00,287,2,3,4,234,At Risk
13502,5,780.5,2011-11-23 10:39:00,16,5,4,3,543,Loyal Customers
13503,6,1859.24,2011-09-29 13:23:00,70,3,4,4,344,Loyal Customers
13504,1,295.93,2011-10-06 13:20:00,63,3,1,2,312,Others
13505,4,4393.63,2011-09-28 11:56:00,72,3,3,5,335,Loyal Customers
13506,5,1338.08,2011-01-27 13:53:00,315,2,4,4,244,At Risk
13507,4,2479.16,2011-12-06 13:13:00,2,5,3,4,534,Loyal Customers
13508,2,287.05,2011-04-10 11:58:00,243,2,2,2,222,Others
13509,8,1114.72,2011-12-01 10:10:00,8,5,4,3,543,Loyal Customers
13510,11,4558.29,2011-12-08 13:46:00,0,5,5,5,555,Champions
13511,1,282.76,2010-02-01 12:10:00,676,1,1,1,111,Others
13512,4,713.39,2011-03-24 10:03:00,260,2,3,3,233,Others
13513,3,824.59,2011-08-05 11:50:00,126,3,3,3,333,Loyal Customers
13514,4,815.9000000000001,2011-09-27 09:39:00,73,3,3,3,333,Loyal Customers
13515,6,1265.82,2011-09-28 11:26:00,72,3,4,4,344,Loyal Customers
13516,4,1685.26,2011-11-18 13:15:00,20,4,3,4,434,Loyal Customers
13517,3,2128.42,2011-10-11 11:43:00,59,3,3,4,334,Loyal Customers
13518,1,627.16,2011-09-15 10:29:00,85,3,1,3,313,Others
13519,2,343.21,2011-09-22 18:24:00,77,3,2,2,322,Others
13520,11,6606.0,2011-10-12 10:20:00,58,4,5,5,455,Champions
13521,3,1071.73,2011-12-08 13:50:00,0,5,3,3,533,Loyal Customers
13522,1,125.80000000000001,2011-11-09 15:11:00,29,4,1,1,411,Potential Loyalists
13523,6,4534.57,2011-11-06 15:11:00,32,4,4,5,445,Champions
13524,5,680.1800000000001,2011-10-30 12:34:00,40,4,4,3,443,Loyal Customers
13525,2,628.78,2011-11-25 12:01:00,14,5,2,3,523,Potential Loyalists
13526,2,1182.0,2009-12-01 13:13:00,737,1,2,3,123,Others
13527,12,4541.29,2011-11-06 12:04:00,33,4,5,5,455,Champions
13529,2,307.76,2011-09-22 09:15:00,78,3,2,2,322,Others
13530,1,402.97999999999996,2010-03-15 14:10:00,633,1,1,2,112,Others
13531,6,1433.07,2011-05-18 16:56:00,204,2,4,4,244,At Risk
13532,1,210.31,2011-11-06 12:25:00,33,4,1,1,411,Potential Loyalists
13533,3,269.09,2011-06-10 11:54:00,182,3,3,1,331,Others
13534,35,7720.9,2011-12-07 14:52:00,1,5,5,5,555,Champions
13535,1,89.5,2010-11-02 11:49:00,402,2,1,1,211,Others
13536,7,3444.39,2011-12-08 16:38:00,0,5,4,5,545,Champions
13537,2,717.85,2010-10-10 12:45:00,425,1,2,3,123,Others
13538,12,3103.13,2011-10-27 16:34:00,42,4,5,5,455,Champions
13539,7,1569.3600000000001,2011-09-15 10:18:00,85,3,4,4,344,Loyal Customers
13540,3,632.39,2010-08-29 14:20:00,466,1,3,3,133,Others
13541,2,785.25,2010-10-08 16:37:00,426,1,2,3,123,Others
13542,17,3959.4900000000002,2010-11-28 11:24:00,376,2,5,5,255,At Risk
13543,2,1439.6100000000001,2010-03-15 13:34:00,633,1,2,4,124,At Risk
13544,6,790.2,2011-10-31 11:57:00,39,4,4,3,443,Loyal Customers
13545,2,364.93,2010-11-14 11:27:00,390,2,2,2,222,Others
13546,5,1086.24,2011-11-27 14:50:00,11,5,4,3,543,Loyal Customers
13547,1,167.08,2010-10-27 14:14:00,407,2,1,1,211,Others
13548,3,901.44,2011-09-04 14:50:00,95,3,3,3,333,Loyal Customers
13549,8,1005.8,2011-11-14 09:20:00,25,4,4,3,443,Loyal Customers
13550,1,342.55,2010-11-21 15:24:00,382,2,1,2,212,Others
13551,2,244.2,2011-01-24 14:46:00,318,2,2,1,221,Others
13552,22,6948.92,2011-10-04 15:19:00,65,3,5,5,355,Loyal Customers
13553,1,499.6,2010-02-03 12:21:00,674,1,1,2,112,Others
13554,7,1629.35,2010-11-24 15:05:00,379,2,4,4,244,At Risk
13555,13,8891.84,2011-09-27 12:36:00,73,3,5,5,355,Loyal Customers
13556,2,200.82,2010-10-06 16:44:00,428,1,2,1,121,Others
13557,13,3032.26,2011-11-11 15:24:00,27,4,5,5,455,Champions
13558,4,594.52,2011-12-04 11:24:00,5,5,3,2,532,Others
13559,2,990.0,2010-07-15 09:52:00,512,1,2,3,123,Others
13560,1,171.42000000000002,2011-12-02 13:11:00,6,5,1,1,511,Potential Loyalists
13561,11,1803.4,2011-05-08 12:39:00,215,2,5,4,254,At Risk
13562,8,4838.18,2011-09-19 10:51:00,81,3,4,5,345,Loyal Customers
13563,2,777.53,2011-09-16 14:45:00,83,3,2,3,323,Others
13564,37,16498.97,2011-07-18 14:33:00,143,3,5,5,355,Loyal Customers
13565,3,414.8,2011-11-20 14:33:00,18,5,3,2,532,Others
13566,5,1688.6,2011-10-30 11:59:00,40,4,4,4,444,Champions
13567,4,1079.29,2010-10-07 12:51:00,427,1,3,3,133,Others
13568,1,187.05,2011-06-19 14:42:00,172,3,1,1,311,Others
13569,4,726.54,2011-11-22 13:07:00,16,5,3,3,533,Loyal Customers
13570,1,239.49,2011-04-10 13:36:00,242,2,1,1,211,Others
13571,26,4537.26,2011-11-27 10:47:00,12,5,5,5,555,Champions
13572,1,1384.25,2011-05-18 11:59:00,205,2,1,4,214,At Risk
13573,6,904.52,2011-10-20 14:33:00,49,4,4,3,443,Loyal Customers
13574,1,404.45,2010-10-24 13:28:00,410,1,1,2,112,Others
13575,5,732.0699999999999,2011-11-16 13:14:00,22,4,4,3,443,Loyal Customers
13576,28,11202.59,2011-11-29 15:34:00,9,5,5,5,555,Champions
13577,11,3489.28,2011-11-14 15:19:00,24,4,5,5,455,Champions
13578,1,147.66,2010-10-26 13:44:00,408,2,1,1,211,Others
13579,5,1374.34,2011-11-25 08:41:00,14,5,4,4,544,Champions
13580,1,107.75,2010-10-29 15:01:00,405,2,1,1,211,Others
13581,2,280.53000000000003,2011-02-03 14:41:00,308,2,2,1,221,Others
13582,2,241.68,2010-11-15 11:34:00,389,2,2,1,221,Others
13583,2,1445.031,2011-07-07 10:40:00,155,3,2,4,324,Others
13584,3,385.7,2011-02-06 12:49:00,306,2,3,2,232,Others
13585,3,684.54,2010-06-27 12:33:00,530,1,3,3,133,Others
13586,1,127.28,2010-06-16 13:47:00,540,1,1,1,111,Others
13587,4,1673.5,2011-10-07 12:31:00,63,3,3,4,334,Loyal Customers
13588,9,2478.95,2011-11-24 10:42:00,15,5,5,4,554,Champions
13589,6,1120.74,2011-11-25 12:10:00,14,5,4,3,543,Loyal Customers
13590,18,6336.04,2011-11-28 12:54:00,10,5,5,5,555,Champions
13591,7,2093.94,2011-10-06 12:26:00,64,3,4,4,344,Loyal Customers
13592,4,247.95999999999998,2011-11-04 09:49:00,35,4,3,1,431,Others
13593,14,5493.29,2011-08-23 13:35:00,107,3,5,5,355,Loyal Customers
13594,2,533.32,2011-10-18 10:19:00,52,4,2,2,422,Potential Loyalists
13595,3,784.48,2010-07-11 12:36:00,516,1,3,3,133,Others
13596,2,664.11,2011-12-04 12:01:00,5,5,2,3,523,Potential Loyalists
13597,2,396.71,2010-11-04 14:54:00,399,2,2,2,222,Others
13598,5,761.96,2011-10-23 14:28:00,46,4,4,3,443,Loyal Customers
13599,33,9811.04,2011-12-08 16:10:00,0,5,5,5,555,Champions
13600,2,518.42,2011-01-31 15:27:00,311,2,2,2,222,Others
13601,4,1159.99,2011-10-25 17:31:00,44,4,3,3,433,Loyal Customers
13602,4,1025.17,2011-10-06 11:47:00,64,3,3,3,333,Loyal Customers
13603,1,164.34,2011-11-13 15:57:00,25,4,1,1,411,Potential Loyalists
13604,1,717.62,2010-02-19 12:02:00,658,1,1,3,113,Others
13605,2,522.67,2010-11-17 17:16:00,386,2,2,2,222,Others
13606,3,276.75,2011-11-10 17:46:00,28,4,3,1,431,Others
13607,2,1075.81,2011-10-30 16:17:00,39,4,2,3,423,Potential Loyalists
13608,1,232.05,2010-06-17 12:28:00,540,1,1,1,111,Others
13609,1,167.35,2010-04-25 13:26:00,592,1,1,1,111,Others
13610,14,2103.71,2011-11-27 15:38:00,11,5,5,4,554,Champions
13611,10,3297.9300000000003,2011-09-11 14:51:00,88,3,5,5,355,Loyal Customers
13612,1,818.29,2010-03-17 12:14:00,632,1,1,3,113,Others
13613,5,1039.8500000000001,2010-09-13 12:01:00,452,1,4,3,143,Others
13614,6,2332.74,2011-11-15 14:47:00,23,4,4,4,444,Champions
13615,8,6272.53,2011-01-25 08:21:00,318,2,4,5,245,At Risk
13616,2,283.85,2010-05-20 12:59:00,567,1,2,1,121,Others
13617,8,1278.75,2011-10-30 13:50:00,39,4,4,4,444,Champions
13618,1,177.34,2011-06-19 11:09:00,173,3,1,1,311,Others
13619,2,224.94,2010-06-13 11:39:00,544,1,2,1,121,Others
13620,1,112.34,2010-06-29 15:02:00,527,1,1,1,111,Others
13621,1,213.85,2011-08-15 08:26:00,116,3,1,1,311,Others
13622,1,658.95,2010-01-12 13:22:00,695,1,1,3,113,Others
13623,10,2533.06,2011-11-09 12:00:00,30,4,5,4,454,Champions
13624,1,462.08,2010-11-16 13:43:00,387,2,1,2,212,Others
13625,1,301.26,2010-04-22 10:50:00,596,1,1,2,112,Others
13626,2,707.04,2011-04-01 10:05:00,252,2,2,3,223,Others
13627,7,2245.9,2011-10-11 14:20:00,58,4,4,4,444,Champions
13628,1,310.14,2010-02-01 14:44:00,675,1,1,2,112,Others
13629,19,13370.86,2011-11-16 13:21:00,22,4,5,5,455,Champions
13630,7,2031.78,2011-12-04 15:16:00,4,5,4,4,544,Champions
13631,11,3070.42,2011-09-01 09:57:00,99,3,5,5,355,Loyal Customers
13632,8,3645.81,2011-11-15 10:51:00,24,4,4,5,445,Champions
13634,16,5033.77,2011-11-06 13:40:00,32,4,5,5,455,Champions
13635,4,2999.16,2011-10-03 10:55:00,67,3,3,5,335,Loyal Customers
13636,5,949.12,2011-11-03 10:30:00,36,4,4,3,443,Loyal Customers
13637,3,804.3,2011-10-18 13:32:00,51,4,3,3,433,Loyal Customers
13638,1,122.64,2011-11-24 10:38:00,15,5,1,1,511,Potential Loyalists
13639,2,1346.27,2011-09-26 13:36:00,73,3,2,4,324,Others
13640,1,405.0,2010-04-07 15:33:00,610,1,1,2,112,Others
13641,5,1016.47,2010-03-09 07:37:00,640,1,4,3,143,Others
13642,4,472.2,2011-05-08 12:34:00,215,2,3,2,232,Others
13643,10,2156.77,2011-11-08 15:37:00,30,4,5,4,454,Champions
13644,4,2624.26,2011-11-23 14:07:00,15,5,3,4,534,Loyal Customers
13645,1,252.1,2011-08-11 16:11:00,119,3,1,1,311,Others
13646,2,326.25,2010-11-05 12:13:00,399,2,2,2,222,Others
13647,8,3041.68,2011-11-30 12:00:00,9,5,4,5,545,Champions
13648,8,1764.02,2010-11-04 14:46:00,399,2,4,4,244,At Risk
13649,6,1453.68,2011-03-28 11:51:00,256,2,4,4,244,At Risk
13650,10,3288.0,2011-11-23 12:22:00,16,5,5,5,555,Champions
13651,3,226.85,2011-11-04 14:59:00,34,4,3,1,431,Others
13652,5,2262.05,2011-10-25 08:51:00,45,4,4,4,444,Champions
13653,1,152.2,2010-08-09 08:19:00,487,1,1,1,111,Others
13654,11,6308.0,2011-10-27 16:24:00,42,4,5,5,455,Champions
13655,6,2280.51,2011-08-17 14:25:00,113,3,4,4,344,Loyal Customers
13656,4,1078.85,2011-06-28 10:31:00,164,3,3,3,333,Loyal Customers
13657,2,382.14,2011-11-29 12:32:00,10,5,2,2,522,Potential Loyalists
13658,9,6025.5,2011-11-30 10:13:00,9,5,5,5,555,Champions
13659,12,4884.68,2011-05-18 12:37:00,205,2,5,5,255,At Risk
13660,1,306.64,2010-11-04 16:10:00,399,2,1,2,212,Others
13661,1,325.24,2010-04-15 14:58:00,602,1,1,2,112,Others
13662,11,2233.61,2011-09-15 12:04:00,85,3,5,4,354,Loyal Customers
13663,5,2047.51,2011-06-13 15:44:00,178,3,4,4,344,Loyal Customers
13665,3,1711.6599999999999,2010-11-18 13:06:00,385,2,3,4,234,At Risk
13666,5,127.89999999999999,2011-10-10 15:39:00,59,3,4,1,341,Others
13667,1,299.05,2011-07-13 15:42:00,148,3,1,2,312,Others
13668,35,12948.48,2011-12-07 12:11:00,2,5,5,5,555,Champions
13669,3,413.55,2011-10-20 09:32:00,50,4,3,2,432,Others
13670,1,349.7,2011-09-25 15:25:00,74,3,1,2,312,Others
13671,1,172.6,2010-11-10 10:50:00,394,2,1,1,211,Others
13672,3,419.92,2011-02-11 13:53:00,300,2,3,2,232,Others
13673,2,387.44,2011-11-21 12:11:00,18,5,2,2,522,Potential Loyalists
13674,1,240.68,2010-10-03 10:41:00,432,1,1,1,111,Others
13675,2,486.82000000000005,2011-07-11 12:57:00,150,3,2,2,322,Others
13676,2,243.9,2010-06-18 17:30:00,538,1,2,1,121,Others
13677,2,551.24,2010-10-31 11:32:00,404,2,2,2,222,Others
13678,1,232.6,2011-07-11 10:14:00,151,3,1,1,311,Others
13679,3,281.26,2010-08-03 12:13:00,493,1,3,1,131,Others
13680,12,11419.67,2011-12-08 13:47:00,0,5,5,5,555,Champions
13681,4,827.83,2011-11-22 11:13:00,17,5,3,3,533,Loyal Customers
13682,1,59.5,2011-06-05 14:06:00,186,3,1,1,311,Others
13683,1,258.6,2010-09-08 10:00:00,457,1,1,1,111,Others
13684,4,594.88,2011-02-27 10:13:00,285,2,3,2,232,Others
13685,7,3119.44,2011-12-07 11:41:00,2,5,4,5,545,Champions
13686,3,409.04,2011-06-10 09:10:00,182,3,3,2,332,Others
13687,1,11880.84,2010-09-27 16:30:00,437,1,1,5,115,At Risk
13688,1,375.5,2010-03-14 14:11:00,634,1,1,2,112,Others
13689,2,1259.5,2011-10-07 13:21:00,62,3,2,4,324,Others
13690,1,172.25,2011-10-11 15:03:00,58,4,1,1,411,Potential Loyalists
13691,1,212.78,2010-11-08 17:34:00,395,2,1,1,211,Others
13692,5,3114.4,2011-11-15 11:17:00,24,4,4,5,445,Champions
13693,9,2011.82,2010-11-30 18:21:00,373,2,5,4,254,At Risk
13694,143,195640.69,2011-12-06 09:32:00,3,5,5,5,555,Champions
13695,16,2770.73,2011-11-08 14:26:00,30,4,5,4,454,Champions
13696,3,2020.4,2010-10-14 09:44:00,421,1,3,4,134,At Risk
13697,1,151.29999999999998,2011-11-01 09:14:00,38,4,1,1,411,Potential Loyalists
13698,2,451.73,2010-04-22 11:52:00,596,1,2,2,122,Others
13699,2,764.15,2011-07-07 16:51:00,154,3,2,3,323,Others
13700,13,2596.9700000000003,2011-11-13 13:00:00,25,4,5,4,454,Champions
13701,1,161.0,2010-09-19 12:39:00,446,1,1,1,111,Others
13702,1,135.18,2010-09-20 11:40:00,445,1,1,1,111,Others
13703,2,425.56,2011-01-25 13:10:00,317,2,2,2,222,Others
13704,9,2308.06,2011-12-04 15:13:00,4,5,5,4,554,Champions
13705,7,1717.19,2011-12-02 12:32:00,7,5,4,4,544,Champions
13706,2,631.17,2011-02-10 09:21:00,302,2,2,3,223,Others
13707,5,3365.86,2011-03-17 18:03:00,266,2,4,5,245,At Risk
13708,1,285.33,2011-03-13 13:46:00,270,2,1,1,211,Others
13709,18,7571.35,2011-12-06 10:28:00,3,5,5,5,555,Champions
13710,3,509.52,2011-11-08 08:16:00,31,4,3,2,432,Others
13711,9,1792.26,2011-05-05 10:31:00,218,2,5,4,254,At Risk
13712,2,766.42,2011-04-07 12:33:00,246,2,2,3,223,Others
13713,3,740.76,2010-10-27 16:18:00,407,2,3,3,233,Others
13714,1,161.35,2010-08-31 13:57:00,464,1,1,1,111,Others
13715,17,8153.04,2011-03-03 19:21:00,280,2,5,5,255,At Risk
13716,1,138.28,2011-03-15 13:49:00,268,2,1,1,211,Others
13717,8,1763.3,2011-11-07 14:13:00,31,4,4,4,444,Champions
13718,2,306.55,2011-04-07 13:24:00,245,2,2,2,222,Others
13719,11,2783.08,2011-11-24 15:26:00,14,5,5,4,554,Champions
13720,4,799.9,2011-08-15 12:46:00,116,3,3,3,333,Loyal Customers
13721,2,741.54,2011-11-03 14:05:00,35,4,2,3,423,Potential Loyalists
13722,10,5635.41,2011-07-31 12:44:00,131,3,5,5,355,Loyal Customers
13723,6,1194.08,2011-05-06 17:04:00,216,2,4,3,243,Others
13724,1,213.01,2010-03-12 15:28:00,636,1,1,1,111,Others
13725,8,1980.56,2011-10-21 10:03:00,49,4,4,4,444,Champions
13726,2,1079.6599999999999,2011-11-01 10:49:00,38,4,2,3,423,Potential Loyalists
13727,8,1074.15,2011-11-11 09:46:00,28,4,4,3,443,Loyal Customers
13728,16,2855.17,2011-11-03 10:49:00,36,4,5,4,454,Champions
13729,3,724.73,2010-09-30 10:44:00,435,1,3,3,133,Others
13730,2,752.6,2011-07-27 08:35:00,135,3,2,3,323,Others
13731,2,610.59,2011-05-04 14:33:00,218,2,2,3,223,Others
13732,1,491.86,2011-11-11 15:49:00,27,4,1,2,412,Potential Loyalists
13733,2,487.03000000000003,2010-10-25 12:18:00,410,1,2,2,122,Others
13734,4,6695.6900000000005,2010-07-19 12:04:00,508,1,3,5,135,At Risk
13735,13,9762.77,2011-11-15 11:14:00,24,4,5,5,455,Champions
13736,7,2752.47,2011-12-04 15:19:00,4,5,4,4,544,Champions
13737,1,339.59999999999997,2011-05-23 16:32:00,199,2,1,2,212,Others
13738,1,434.78000000000003,2010-11-08 15:23:00,395,2,1,2,212,Others
13739,2,292.2,2011-11-21 13:35:00,17,5,2,2,522,Potential Loyalists
13740,5,1582.77,2011-04-13 10:32:00,240,2,4,4,244,At Risk
13741,3,668.4300000000001,2011-09-29 09:19:00,71,3,3,3,333,Loyal Customers
13742,12,3107.87,2011-11-23 11:07:00,16,5,5,5,555,Champions
13743,7,1341.6,2011-12-07 10:09:00,2,5,4,4,544,Champions
13744,2,1080.52,2011-09-05 15:19:00,94,3,2,3,323,Others
13745,2,777.36,2011-06-30 16:43:00,161,3,2,3,323,Others
13746,1,176.69,2010-10-22 11:55:00,413,1,1,1,111,Others
13747,2,169.79999999999998,2010-12-01 10:37:00,373,2,2,1,221,Others
13748,9,2064.35,2011-09-05 09:45:00,95,3,5,4,354,Loyal Customers
13750,11,3602.1800000000003,2011-10-17 12:16:00,53,4,5,5,455,Champions
13751,1,296.25,2011-02-24 15:56:00,287,2,1,2,212,Others
13752,7,1579.8300000000002,2011-08-07 14:16:00,123,3,4,4,344,Loyal Customers
13753,4,2094.57,2011-02-25 12:48:00,287,2,3,4,234,At Risk
13754,3,447.05,2011-07-11 11:51:00,151,3,3,2,332,Others
13755,9,2108.06,2011-12-06 12:26:00,3,5,5,4,554,Champions
13756,23,8655.95,2011-12-07 16:44:00,1,5,5,5,555,Champions
13757,1,195.55,2010-02-03 12:37:00,674,1,1,1,111,Others
13758,15,8698.13,2011-11-28 11:11:00,11,5,5,5,555,Champions
13759,2,659.4100000000001,2011-11-06 14:47:00,32,4,2,3,423,Potential Loyalists
13760,5,1363.6399999999999,2011-10-16 16:13:00,53,4,4,4,444,Champions
13761,6,1952.17,2011-10-20 14:01:00,49,4,4,4,444,Champions
13762,5,2472.48,2011-05-05 09:15:00,218,2,4,4,244,At Risk
13763,3,5217.4400000000005,2011-10-07 15:13:00,62,3,3,5,335,Loyal Customers
13764,6,2919.62,2011-09-30 12:03:00,70,3,4,5,345,Loyal Customers
13765,1,352.821,2010-02-24 13:46:00,652,1,1,2,112,Others
13766,1,190.35,2010-08-01 14:25:00,494,1,1,1,111,Others
13767,73,33903.57,2011-12-07 15:00:00,1,5,5,5,555,Champions
13768,2,875.97,2009-12-13 10:41:00,726,1,2,3,123,Others
13769,20,5478.12,2011-12-07 15:08:00,1,5,5,5,555,Champions
13770,4,785.37,2010-10-13 15:10:00,421,1,3,3,133,Others
13771,9,5728.82,2011-10-06 14:18:00,63,3,5,5,355,Loyal Customers
13772,8,3100.02,2011-11-06 11:43:00,33,4,4,5,445,Champions
13773,2,301.54,2010-11-08 11:49:00,396,2,2,2,222,Others
13774,1,345.0,2011-09-19 12:06:00,81,3,1,2,312,Others
13775,1,1049.66,2010-04-28 12:15:00,590,1,1,3,113,Others
13776,2,623.98,2010-10-07 16:11:00,427,1,2,3,123,Others
13777,61,49638.26,2011-12-09 12:25:00,0,5,5,5,555,Champions
13778,4,1124.49,2011-08-28 15:25:00,102,3,3,3,333,Loyal Customers
13779,1,161.13,2010-07-12 11:24:00,515,1,1,1,111,Others
13780,3,732.07,2011-12-02 13:49:00,6,5,3,3,533,Loyal Customers
13781,3,778.83,2011-04-03 12:08:00,250,2,3,3,233,Others
13782,13,1786.08,2011-11-27 11:54:00,12,5,5,4,554,Champions
13783,4,1542.09,2010-08-09 09:23:00,487,1,3,4,134,At Risk
13784,14,2910.23,2011-11-30 09:33:00,9,5,5,5,555,Champions
13785,4,542.49,2010-10-07 09:25:00,428,1,3,2,132,Others
13786,6,3127.99,2010-12-07 13:53:00,366,2,4,5,245,At Risk
13787,6,1222.5,2011-09-25 12:06:00,75,3,4,4,344,Loyal Customers
13788,1,3.75,2010-07-22 15:50:00,504,1,1,1,111,Others
13789,1,239.45999999999998,2010-11-16 15:31:00,387,2,1,1,211,Others
13790,1,348.8,2011-12-05 15:48:00,3,5,1,2,512,Potential Loyalists
13791,2,1516.0,2011-08-04 11:44:00,127,3,2,4,324,Others
13792,3,383.95,2011-10-04 14:31:00,65,3,3,2,332,Others
13793,1,96.0,2010-03-03 08:25:00,646,1,1,1,111,Others
13794,1,126.03,2010-06-11 12:30:00,546,1,1,1,111,Others
13795,4,836.3,2010-11-16 17:25:00,387,2,3,3,233,Others
13796,1,289.7,2010-07-28 14:45:00,498,1,1,2,112,Others
13797,3,1179.45,2010-09-29 10:34:00,436,1,3,3,133,Others
13798,110,75428.87,2011-12-08 15:51:00,0,5,5,5,555,Champions
13799,9,2803.57,2011-08-15 12:07:00,116,3,5,4,354,Loyal Customers
13800,3,1679.56,2011-02-03 12:27:00,309,2,3,4,234,At Risk
13801,1,324.8,2011-10-04 10:15:00,66,3,1,2,312,Others
13802,19,26259.11,2011-07-24 10:54:00,138,3,5,5,355,Loyal Customers
13803,3,1338.91,2011-03-29 12:57:00,254,2,3,4,234,At Risk
13804,9,3161.12,2011-11-09 12:32:00,30,4,5,5,455,Champions
13805,2,924.6,2011-10-18 14:50:00,51,4,2,3,423,Potential Loyalists
13806,1,256.38,2011-10-07 11:43:00,63,3,1,1,311,Others
13807,3,422.2,2010-12-07 15:48:00,366,2,3,2,232,Others
13808,5,1747.66,2011-12-04 12:18:00,5,5,4,4,544,Champions
13809,3,679.7,2011-02-07 13:15:00,304,2,3,3,233,Others
13810,3,1499.01,2011-11-11 08:33:00,28,4,3,4,434,Loyal Customers
13811,3,814.5,2011-06-09 09:54:00,183,3,3,3,333,Loyal Customers
13812,3,539.0,2011-10-28 14:27:00,41,4,3,2,432,Others
13813,8,2765.47,2011-10-31 10:38:00,39,4,4,4,444,Champions
13814,3,2257.32,2011-09-08 13:48:00,91,3,3,4,334,Loyal Customers
13815,8,7475.74,2011-11-17 14:19:00,21,4,4,5,445,Champions
13816,2,571.6700000000001,2011-11-16 08:38:00,23,4,2,2,422,Potential Loyalists
13817,2,382.98,2011-11-10 17:49:00,28,4,2,2,422,Potential Loyalists
13818,1,61.28,2010-10-06 12:35:00,429,1,1,1,111,Others
13819,6,2642.35,2011-02-11 10:38:00,301,2,4,4,244,At Risk
13820,3,652.75,2010-10-17 13:46:00,417,1,3,3,133,Others
13821,6,1379.08,2011-07-18 09:49:00,144,3,4,4,344,Loyal Customers
13822,2,632.0,2011-12-04 12:13:00,5,5,2,3,523,Potential Loyalists
13823,7,3403.4500000000003,2011-11-21 10:22:00,18,5,4,5,545,Champions
13824,12,3314.76,2011-11-07 12:41:00,32,4,5,5,455,Champions
13825,2,255.59,2010-03-28 11:02:00,621,1,2,1,121,Others
13826,1,189.5,2011-06-16 13:48:00,175,3,1,1,311,Others
13827,3,409.8,2011-10-13 12:38:00,57,4,3,2,432,Others
13828,1,209.49,2011-11-17 16:02:00,21,4,1,1,411,Potential Loyalists
13829,1,102.0,2010-10-14 18:19:00,420,1,1,1,111,Others
13830,1,156.85000000000002,2010-05-07 12:24:00,581,1,1,1,111,Others
13831,18,6585.54,2011-11-23 15:41:00,15,5,5,5,555,Champions
13832,2,609.89,2011-11-20 15:36:00,18,5,2,3,523,Potential Loyalists
13833,2,700.41,2011-07-03 13:27:00,158,3,2,3,323,Others
13834,2,324.19,2010-05-12 10:27:00,576,1,2,2,122,Others
13835,7,1095.27,2011-11-14 15:37:00,24,4,4,3,443,Loyal Customers
13836,2,620.37,2010-11-05 13:31:00,398,2,2,3,223,Others
13837,2,266.59000000000003,2011-05-12 12:10:00,211,2,2,1,221,Others
13838,10,1690.07,2011-12-04 11:00:00,5,5,5,4,554,Champions
13839,1,139.95000000000002,2010-08-10 13:52:00,485,1,1,1,111,Others
13840,1,651.4,2010-10-19 13:34:00,415,1,1,3,113,Others
13841,1,85.0,2011-04-01 12:10:00,252,2,1,1,211,Others
13842,18,5319.34,2011-10-12 10:51:00,58,4,5,5,455,Champions
13843,1,319.75,2010-11-23 17:48:00,380,2,1,2,212,Others
13844,1,361.62,2011-11-28 13:21:00,10,5,1,2,512,Potential Loyalists
13845,1,312.98,2011-10-06 08:25:00,64,3,1,2,312,Others
13846,4,1307.79,2011-11-15 12:07:00,24,4,3,4,434,Loyal Customers
13847,1,310.72,2009-12-20 10:41:00,719,1,1,2,112,Others
13848,8,3015.0,2011-09-08 12:58:00,91,3,4,5,345,Loyal Customers
13849,5,3469.3,2011-10-19 10:59:00,51,4,4,5,445,Champions
13850,1,1595.48,2011-08-02 14:04:00,128,3,1,4,314,Others
13851,8,4606.46,2011-09-05 12:36:00,95,3,4,5,345,Loyal Customers
13852,1,187.35000000000002,2010-04-08 09:06:00,610,1,1,1,111,Others
13853,1,1090.14,2011-10-13 14:18:00,56,4,1,3,413,Potential Loyalists
13854,39,11944.56,2011-12-01 09:06:00,8,5,5,5,555,Champions
13855,4,1310.3400000000001,2010-07-27 09:53:00,500,1,3,4,134,At Risk
13856,11,1142.03,2011-06-24 10:03:00,168,3,5,3,353,Loyal Customers
13857,6,1001.01,2010-11-11 12:54:00,392,2,4,3,243,Others
13858,1,216.17,2011-10-13 16:17:00,56,4,1,1,411,Potential Loyalists
13859,2,515.86,2011-01-17 16:14:00,325,2,2,2,222,Others
13860,5,1245.9,2011-12-08 12:57:00,0,5,4,4,544,Champions
13861,2,273.26,2010-10-06 14:20:00,428,1,2,1,121,Others
13862,9,2556.09,2011-11-21 16:24:00,17,5,5,4,554,Champions
13863,4,1239.55,2011-04-06 10:20:00,247,2,3,4,234,At Risk
13864,1,662.4000000000001,2010-11-18 12:50:00,386,2,1,3,213,Others
13865,4,501.56,2011-10-12 13:31:00,57,4,3,2,432,Others
13866,1,145.67000000000002,2011-09-26 14:54:00,73,3,1,1,311,Others
13867,3,1005.09,2011-11-08 15:48:00,30,4,3,3,433,Loyal Customers
13868,2,3192.54,2011-12-02 16:32:00,6,5,2,5,525,Potential Loyalists
13869,10,7996.87,2011-08-08 13:53:00,122,3,5,5,355,Loyal Customers
13870,15,5712.08,2011-12-07 13:23:00,1,5,5,5,555,Champions
13871,17,7885.85,2011-11-17 10:49:00,22,4,5,5,455,Champions
13872,3,919.57,2010-06-30 15:35:00,526,1,3,3,133,Others
13873,8,1038.92,2011-08-12 10:08:00,119,3,4,3,343,Loyal Customers
13874,7,2049.15,2010-12-16 18:20:00,357,2,4,4,244,At Risk
13875,14,4814.37,2011-10-17 09:36:00,53,4,5,5,455,Champions
13876,1,122.7,2011-10-07 10:22:00,63,3,1,1,311,Others
13877,3,449.68,2011-09-14 15:49:00,85,3,3,2,332,Others
13878,4,2416.9,2011-10-16 12:19:00,54,4,3,4,434,Loyal Customers
13879,1,395.5,2010-03-04 10:49:00,645,1,1,2,112,Others
13880,17,4293.86,2011-11-18 13:44:00,20,4,5,5,455,Champions
13881,43,45179.1,2011-12-06 12:50:00,3,5,5,5,555,Champions
13882,5,1191.13,2011-12-07 11:16:00,2,5,4,3,543,Loyal Customers
13883,15,6560.02,2011-11-29 10:45:00,10,5,5,5,555,Champions
13884,10,1825.03,2011-12-02 16:30:00,6,5,5,4,554,Champions
13885,2,506.8,2011-06-03 15:07:00,188,3,2,2,322,Others
13886,1,243.56,2011-09-29 13:17:00,70,3,1,1,311,Others
13887,1,349.55,2011-05-19 17:22:00,203,2,1,2,212,Others
13888,7,2001.59,2011-08-12 10:13:00,119,3,4,4,344,Loyal Customers
13889,6,1991.23,2011-09-08 09:13:00,92,3,4,4,344,Loyal Customers
13890,14,2927.38,2011-12-08 15:36:00,0,5,5,5,555,Champions
13891,3,859.21,2010-11-26 15:57:00,377,2,3,3,233,Others
13892,6,1267.6499999999999,2011-11-13 11:50:00,26,4,4,4,444,Champions
13893,1,821.1,2011-02-15 11:30:00,297,2,1,3,213,Others
13894,3,564.62,2011-11-16 09:44:00,23,4,3,2,432,Others
13895,6,4008.52,2011-11-11 16:57:00,27,4,4,5,445,Champions
13896,1,388.55,2010-03-24 08:55:00,625,1,1,2,112,Others
13897,3,1160.72,2011-10-20 14:30:00,49,4,3,3,433,Loyal Customers
13898,2,686.4,2011-01-18 10:28:00,325,2,2,3,223,Others
13899,2,388.52,2011-11-23 13:40:00,15,5,2,2,522,Potential Loyalists
13900,6,1610.59,2011-06-09 19:26:00,182,3,4,4,344,Loyal Customers
13901,15,5676.34,2011-09-28 14:48:00,71,3,5,5,355,Loyal Customers
13902,5,34095.26,2010-03-17 13:09:00,631,1,4,5,145,At Risk
13903,1,165.45000000000002,2010-11-04 17:44:00,399,2,1,1,211,Others
13904,2,332.64,2011-11-02 13:41:00,36,4,2,2,422,Potential Loyalists
13905,1,312.65,2009-12-07 11:41:00,732,1,1,2,112,Others
13906,1,42.0,2010-10-26 15:00:00,408,2,1,1,211,Others
13907,1,136.8,2010-01-17 12:22:00,691,1,1,1,111,Others
13908,4,2369.55,2011-09-21 11:49:00,79,3,3,4,334,Loyal Customers
13909,2,282.85,2010-10-12 17:22:00,422,1,2,1,121,Others
13911,20,4234.99,2011-10-13 15:43:00,56,4,5,5,455,Champions
13912,1,124.95,2010-10-12 08:43:00,423,1,1,1,111,Others
13913,1,42.22,2010-07-21 10:11:00,506,1,1,1,111,Others
13914,2,626.45,2011-11-28 10:35:00,11,5,2,3,523,Potential Loyalists
13915,1,70.80000000000001,2010-11-10 15:17:00,393,2,1,1,211,Others
13916,4,1275.81,2010-09-02 10:04:00,463,1,3,4,134,At Risk
13917,2,272.04,2011-10-21 09:56:00,49,4,2,1,421,Potential Loyalists
13918,2,1212.8400000000001,2011-10-21 12:25:00,49,4,2,3,423,Potential Loyalists
13919,4,1360.68,2011-10-11 14:24:00,58,4,3,4,434,Loyal Customers
13920,4,1774.68,2010-10-04 12:37:00,431,1,3,4,134,At Risk
13921,4,730.7,2010-11-02 16:32:00,401,2,3,3,233,Others
13922,3,865.2,2010-12-23 10:38:00,351,2,3,3,233,Others
13923,1,351.13,2011-10-17 12:33:00,53,4,1,2,412,Potential Loyalists
13924,6,1838.8500000000001,2011-12-08 09:39:00,1,5,4,4,544,Champions
13925,4,678.25,2011-09-08 12:47:00,92,3,3,3,333,Loyal Customers
13926,1,223.85000000000002,2011-11-16 13:16:00,22,4,1,1,411,Potential Loyalists
13927,2,708.26,2011-09-26 12:00:00,74,3,2,3,323,Others
13928,4,464.57,2011-11-29 10:33:00,10,5,3,2,532,Others
13929,11,3494.1,2011-06-23 15:26:00,168,3,5,5,355,Loyal Customers
13930,2,337.34,2011-10-13 09:45:00,57,4,2,2,422,Potential Loyalists
13931,11,5257.38,2011-09-05 10:12:00,95,3,5,5,355,Loyal Customers
13932,1,307.4,2011-02-18 12:02:00,294,2,1,2,212,Others
13933,2,608.7900000000001,2011-08-22 14:03:00,108,3,2,2,322,Others
13934,1,922.1,2011-03-21 08:39:00,263,2,1,3,213,Others
13935,3,6116.92,2010-04-22 11:21:00,596,1,3,5,135,At Risk
13936,3,939.66,2011-06-13 08:47:00,179,3,3,3,333,Loyal Customers
13937,2,880.13,2011-06-23 16:35:00,168,3,2,3,323,Others
13938,1,71.66,2011-11-04 14:37:00,34,4,1,1,411,Potential Loyalists
13939,7,1560.96,2011-11-16 13:33:00,22,4,4,4,444,Champions
13940,4,839.14,2011-11-22 15:15:00,16,5,3,3,533,Loyal Customers
13941,15,10027.18,2011-11-18 09:43:00,21,4,5,5,455,Champions
13942,1,320.0,2010-06-23 12:35:00,534,1,1,2,112,Others
13943,1,246.54,2010-05-11 11:30:00,577,1,1,1,111,Others
13944,1,200.43,2010-02-24 15:02:00,652,1,1,1,111,Others
13945,2,854.15,2010-11-10 10:00:00,394,2,2,3,223,Others
13946,6,1876.23,2011-09-21 13:33:00,78,3,4,4,344,Loyal Customers
13947,1,90.6,2011-10-05 14:42:00,64,3,1,1,311,Others
13948,4,548.76,2010-12-14 10:18:00,360,2,3,2,232,Others
13949,6,2427.32,2011-12-07 09:35:00,2,5,4,4,544,Champions
13950,4,745.06,2011-11-28 14:44:00,10,5,3,3,533,Loyal Customers
13951,3,674.45,2011-06-16 16:43:00,175,3,3,3,333,Loyal Customers
13952,14,12823.521,2011-05-06 09:00:00,217,2,5,5,255,At Risk
13953,12,6640.68,2011-12-02 16:04:00,6,5,5,5,555,Champions
13954,2,439.92,2011-12-08 12:50:00,1,5,2,2,522,Potential Loyalists
13955,3,544.0699999999999,2011-07-08 17:19:00,153,3,3,2,332,Others
13956,5,1019.27,2011-12-04 13:20:00,4,5,4,3,543,Loyal Customers
13957,3,458.25,2010-10-18 10:02:00,417,1,3,2,132,Others
13958,8,4709.2300000000005,2010-11-25 10:11:00,379,2,4,5,245,At Risk
13959,6,1064.77,2011-09-21 15:06:00,78,3,4,3,343,Loyal Customers
13960,2,230.22,2011-11-18 15:27:00,20,4,2,1,421,Potential Loyalists
13961,1,538.4,2010-11-12 14:40:00,391,2,1,2,212,Others
13962,3,362.8,2011-11-18 08:47:00,21,4,3,2,432,Others
13963,17,2860.57,2011-02-04 14:43:00,307,2,5,4,254,At Risk
13964,2,438.9,2010-11-17 13:53:00,386,2,2,2,222,Others
13965,3,996.61,2010-08-20 10:40:00,476,1,3,3,133,Others
13966,1,384.26,2010-09-30 13:08:00,434,1,1,2,112,Others
13967,2,166.3,2011-07-17 12:02:00,145,3,2,1,321,Others
13968,1,123.66,2010-10-12 13:22:00,422,1,1,1,111,Others
13969,35,12973.460000000001,2011-12-02 15:11:00,6,5,5,5,555,Champions
13970,2,846.55,2010-11-18 13:21:00,385,2,2,3,223,Others
13971,14,4667.57,2011-11-21 12:06:00,18,5,5,5,555,Champions
13972,2,190.25,2011-09-30 11:54:00,70,3,2,1,321,Others
13973,1,264.7,2011-02-25 15:21:00,286,2,1,1,211,Others
13974,2,677.72,2011-10-21 14:41:00,48,4,2,3,423,Potential Loyalists
13975,12,5256.4,2011-11-08 13:19:00,30,4,5,5,455,Champions
13976,4,1192.36,2011-05-17 09:13:00,206,2,3,3,233,Others
13977,1,519.8100000000001,2010-10-24 14:08:00,410,1,1,2,112,Others
13978,2,196.79000000000002,2011-11-25 11:36:00,14,5,2,1,521,Potential Loyalists
13979,7,3379.93,2011-09-27 13:32:00,72,3,4,5,345,Loyal Customers
13980,5,768.82,2011-10-10 13:34:00,59,3,4,3,343,Loyal Customers
13981,1,331.14,2010-10-20 10:03:00,415,1,1,2,112,Others
13982,9,3954.29,2011-10-31 16:24:00,38,4,5,5,455,Champions
13983,21,6753.89,2011-11-10 11:06:00,29,4,5,5,455,Champions
13984,12,1893.8,2011-11-13 12:38:00,26,4,5,4,454,Champions
13985,22,10020.86,2011-12-05 17:06:00,3,5,5,5,555,Champions
13986,1,320.46,2011-11-22 15:00:00,16,5,1,2,512,Potential Loyalists
13987,2,682.54,2010-11-25 10:20:00,379,2,2,3,223,Others
13988,8,4757.8,2011-11-20 10:15:00,19,4,4,5,445,Champions
13989,5,2026.06,2011-10-05 09:47:00,65,3,4,4,344,Loyal Customers
13990,1,311.3,2011-05-10 15:19:00,212,2,1,2,212,Others
13991,6,852.88,2011-11-27 16:18:00,11,5,4,3,543,Loyal Customers
13992,3,219.5,2011-11-09 15:23:00,29,4,3,1,431,Others
13993,19,6775.71,2011-10-28 09:06:00,42,4,5,5,455,Champions
13994,6,2274.14,2011-12-06 11:05:00,3,5,4,4,544,Champions
13995,14,3902.01,2011-11-24 14:22:00,14,5,5,5,555,Champions
13996,2,895.76,2010-11-18 16:27:00,385,2,2,3,223,Others
13997,3,376.46,2010-07-08 18:06:00,518,1,3,2,132,Others
13998,3,566.7,2010-09-19 10:20:00,446,1,3,2,132,Others
13999,29,9502.26,2011-11-29 13:40:00,9,5,5,5,555,Champions
14000,5,2046.3400000000001,2011-05-12 16:50:00,210,2,4,4,244,At Risk
14001,9,4228.85,2011-10-25 10:31:00,45,4,5,5,455,Champions
14002,2,529.73,2011-07-28 15:55:00,133,3,2,2,322,Others
14003,1,209.41,2009-12-07 08:53:00,732,1,1,1,111,Others
14004,11,6258.45,2011-10-27 14:40:00,42,4,5,5,455,Champions
14005,5,2874.72,2011-11-30 12:41:00,9,5,4,4,544,Champions
14006,7,2196.67,2011-08-16 09:39:00,115,3,4,4,344,Loyal Customers
14007,1,79.48,2010-07-15 09:06:00,512,1,1,1,111,Others
14008,1,509.04,2010-10-03 13:09:00,431,1,1,2,112,Others
14009,3,1099.91,2011-05-25 15:47:00,197,2,3,3,233,Others
14010,2,445.15,2010-05-23 13:00:00,564,1,2,2,122,Others
14011,2,457.82,2010-08-16 15:31:00,479,1,2,2,122,Others
14012,1,328.8,2011-03-07 12:26:00,277,2,1,2,212,Others
14013,5,1084.57,2011-08-21 15:01:00,109,3,4,3,343,Loyal Customers
14014,3,1948.21,2011-09-23 13:18:00,76,3,3,4,334,Loyal Customers
14015,1,917.34,2011-10-18 10:02:00,52,4,1,3,413,Potential Loyalists
14016,11,11403.41,2011-07-01 11:29:00,161,3,5,5,355,Loyal Customers
14017,1,229.75,2010-05-17 14:52:00,570,1,1,1,111,Others
14018,1,367.15000000000003,2010-03-04 14:23:00,644,1,1,2,112,Others
14019,3,1421.61,2011-10-24 10:13:00,46,4,3,4,434,Loyal Customers
14020,4,1249.01,2011-11-23 09:22:00,16,5,3,4,534,Loyal Customers
14021,7,1716.58,2011-07-07 15:46:00,154,3,4,4,344,Loyal Customers
14022,2,792.15,2011-04-28 14:39:00,224,2,2,3,223,Others
14023,2,584.07,2011-12-02 13:58:00,6,5,2,2,522,Potential Loyalists
14024,3,645.74,2011-08-10 11:30:00,121,3,3,3,333,Loyal Customers
14025,8,4057.9,2010-09-01 10:11:00,464,1,4,5,145,At Risk
14026,2,713.11,2010-08-26 10:31:00,470,1,2,3,123,Others
14027,1,104.82,2011-10-10 09:01:00,60,3,1,1,311,Others
14028,3,10396.5,2010-06-07 13:33:00,549,1,3,5,135,At Risk
14029,2,467.66,2011-10-07 14:46:00,62,3,2,2,322,Others
14030,20,7521.8,2011-11-21 16:48:00,17,5,5,5,555,Champions
14031,44,39019.51,2011-12-02 17:13:00,6,5,5,5,555,Champions
14032,16,4546.41,2011-12-07 15:23:00,1,5,5,5,555,Champions
14033,1,109.44,2010-06-02 15:10:00,554,1,1,1,111,Others
14034,3,648.89,2011-11-17 14:02:00,21,4,3,3,433,Loyal Customers
14035,9,2794.75,2011-11-11 10:03:00,28,4,5,4,454,Champions
14036,1,626.65,2011-02-28 09:26:00,284,2,1,3,213,Others
14037,6,836.95,2011-06-16 13:57:00,175,3,4,3,343,Loyal Customers
14038,5,3069.88,2011-09-22 13:37:00,77,3,4,5,345,Loyal Customers
14039,2,267.28000000000003,2011-11-06 13:48:00,32,4,2,1,421,Potential Loyalists
14040,35,12523.81,2011-10-30 12:42:00,40,4,5,5,455,Champions
14041,1,141.41,2011-03-18 13:25:00,265,2,1,1,211,Others
14042,1,431.98,2009-12-14 15:07:00,724,1,1,2,112,Others
14043,2,302.6,2010-08-05 18:18:00,490,1,2,2,122,Others
14044,10,3077.7,2011-11-13 12:05:00,26,4,5,5,455,Champions
14045,16,10986.63,2011-08-22 15:27:00,108,3,5,5,355,Loyal Customers
14046,1,154.99,2011-02-28 14:48:00,283,2,1,1,211,Others
14047,14,3968.11,2011-12-01 11:43:00,8,5,5,5,555,Champions
14048,3,748.69,2011-02-07 14:53:00,304,2,3,3,233,Others
14049,13,13023.4,2011-11-23 12:20:00,16,5,5,5,555,Champions
14050,2,746.36,2011-11-08 10:00:00,31,4,2,3,423,Potential Loyalists
14051,37,21770.98,2011-12-09 10:20:00,0,5,5,5,555,Champions
14052,2,466.66,2011-11-20 12:30:00,19,4,2,2,422,Potential Loyalists
14053,4,572.3,2011-08-07 14:27:00,123,3,3,2,332,Others
14054,1,92.46,2011-10-05 15:49:00,64,3,1,1,311,Others
14055,3,1520.96,2011-08-25 15:04:00,105,3,3,4,334,Loyal Customers
14056,23,8152.71,2011-12-08 13:36:00,0,5,5,5,555,Champions
14057,22,8346.66,2011-11-16 10:32:00,23,4,5,5,455,Champions
14058,2,469.19,2010-09-03 09:31:00,462,1,2,2,122,Others
14059,1,183.6,2011-03-18 10:06:00,266,2,1,1,211,Others
14060,30,8898.24,2011-12-05 12:29:00,4,5,5,5,555,Champions
14061,3,917.4300000000001,2010-07-20 17:22:00,506,1,3,3,133,Others
14062,24,25585.65,2011-11-30 10:04:00,9,5,5,5,555,Champions
14063,9,22710.2,2010-09-27 16:18:00,437,1,5,5,155,At Risk
14064,15,3260.24,2011-11-10 13:14:00,28,4,5,5,455,Champions
14065,3,891.02,2010-11-15 16:13:00,388,2,3,3,233,Others
14066,1,152.55,2011-03-18 12:21:00,266,2,1,1,211,Others
14067,2,374.7,2011-10-07 10:21:00,63,3,2,2,322,Others
14068,4,1516.72,2011-01-23 16:02:00,319,2,3,4,234,At Risk
14069,2,225.81,2010-07-13 12:12:00,514,1,2,1,121,Others
14070,1,321.6,2010-01-24 12:27:00,684,1,1,2,112,Others
14071,8,1437.57,2011-12-06 12:27:00,3,5,4,4,544,Champions
14072,1,390.85,2010-02-11 12:31:00,666,1,1,2,112,Others
14073,1,151.04,2011-11-07 15:49:00,31,4,1,1,411,Potential Loyalists
14074,1,219.39999999999998,2010-03-26 13:55:00,622,1,1,1,111,Others
14075,6,1734.87,2011-12-05 08:38:00,4,5,4,4,544,Champions
14076,1,118.67,2011-08-02 15:19:00,128,3,1,1,311,Others
14077,6,615.0799999999999,2011-10-30 12:35:00,40,4,4,3,443,Loyal Customers
14078,9,1553.47,2011-08-30 12:16:00,101,3,5,4,354,Loyal Customers
14079,2,618.73,2011-08-07 12:10:00,124,3,2,3,323,Others
14080,5,1115.68,2011-11-07 11:09:00,32,4,4,3,443,Loyal Customers
14081,10,4867.57,2011-02-10 16:17:00,301,2,5,5,255,At Risk
14082,2,413.36,2010-12-10 11:02:00,364,2,2,2,222,Others
14083,11,1082.19,2011-12-05 13:14:00,3,5,5,3,553,Loyal Customers
14084,1,150.5,2010-07-15 14:36:00,511,1,1,1,111,Others
14085,33,9720.67,2011-12-07 13:46:00,1,5,5,5,555,Champions
14086,1,39.95,2010-09-03 10:52:00,462,1,1,1,111,Others
14087,3,829.47,2011-12-07 12:41:00,2,5,3,3,533,Loyal Customers
14088,16,64036.8,2011-11-29 16:16:00,9,5,5,5,555,Champions
14089,1,158.75,2011-10-14 10:38:00,56,4,1,1,411,Potential Loyalists
14090,1,76.32000000000001,2011-01-19 10:51:00,324,2,1,1,211,Others
14091,2,9530.08,2010-02-23 15:17:00,653,1,2,5,125,At Risk
14092,24,7229.45,2011-12-02 12:13:00,7,5,5,5,555,Champions
14093,1,433.86,2011-11-27 16:27:00,11,5,1,2,512,Potential Loyalists
14094,1,311.77,2010-09-26 11:58:00,439,1,1,2,112,Others
14095,1,2.95,2009-12-17 12:49:00,722,1,1,1,111,Others
14096,17,65164.79,2011-12-05 17:17:00,3,5,5,5,555,Champions
14097,2,422.85999999999996,2010-08-15 14:20:00,480,1,2,2,122,Others
14098,1,147.35,2011-11-03 10:13:00,36,4,1,1,411,Potential Loyalists
14099,20,5750.91,2011-11-23 13:53:00,15,5,5,5,555,Champions
14100,1,191.95000000000002,2011-07-25 11:01:00,137,3,1,1,311,Others
14101,13,9961.93,2011-09-27 12:28:00,73,3,5,5,355,Loyal Customers
14102,5,1105.8799999999999,2011-12-04 15:38:00,4,5,4,3,543,Loyal Customers
14104,5,743.53,2011-07-08 12:50:00,154,3,4,3,343,Loyal Customers
14105,5,5988.83,2011-04-14 17:58:00,238,2,4,5,245,At Risk
14106,1,214.79999999999998,2009-12-02 14:09:00,736,1,1,1,111,Others
14107,11,4877.3,2011-10-19 12:12:00,51,4,5,5,455,Champions
14108,4,1044.96,2011-11-09 10:41:00,30,4,3,3,433,Loyal Customers
14109,1,144.2,2011-09-28 10:18:00,72,3,1,1,311,Others
14110,33,12987.95,2011-12-06 12:26:00,3,5,5,5,555,Champions
14111,4,692.85,2011-11-25 13:44:00,13,5,3,3,533,Loyal Customers
14112,13,5834.59,2011-11-17 12:30:00,22,4,5,5,455,Champions
14113,16,7092.610000000001,2011-12-06 12:18:00,3,5,5,5,555,Champions
14114,7,1364.09,2011-03-11 09:42:00,273,2,4,4,244,At Risk
14115,2,622.6700000000001,2010-07-26 12:36:00,501,1,2,3,123,Others
14116,5,1382.74,2011-11-20 10:29:00,19,4,4,4,444,Champions
14117,1,90.0,2011-07-19 09:49:00,143,3,1,1,311,Others
14118,1,458.45,2010-10-07 11:59:00,428,1,1,2,112,Others
14119,2,183.37,2010-11-29 10:33:00,375,2,2,1,221,Others
14121,4,2780.15,2011-12-06 12:19:00,3,5,3,4,534,Loyal Customers
14122,3,362.42,2010-10-29 15:11:00,405,2,3,2,232,Others
14123,1,436.18,2009-12-06 15:35:00,732,1,1,2,112,Others
14124,1,419.58000000000004,2011-09-16 13:32:00,83,3,1,2,312,Others
14125,3,2720.63,2011-11-29 12:47:00,10,5,3,4,534,Loyal Customers
14126,4,1172.46,2011-12-02 11:45:00,7,5,3,3,533,Loyal Customers
14127,6,1900.0800000000002,2011-08-09 10:49:00,122,3,4,4,344,Loyal Customers
14128,3,924.21,2011-10-10 12:00:00,60,3,3,3,333,Loyal Customers
14129,9,2591.34,2011-12-08 11:02:00,1,5,5,4,554,Champions
14130,4,1858.77,2011-01-24 16:05:00,318,2,3,4,234,At Risk
14131,1,168.22,2010-03-01 11:59:00,648,1,1,1,111,Others
14132,11,3586.0299999999997,2011-12-07 13:35:00,1,5,5,5,555,Champions
14133,4,911.14,2011-08-02 11:34:00,129,3,3,3,333,Loyal Customers
14134,15,11123.35,2010-11-22 12:26:00,382,2,5,5,255,At Risk
14135,24,8839.67,2011-12-08 11:38:00,1,5,5,5,555,Champions
14136,5,1570.81,2010-11-04 11:53:00,400,2,4,4,244,At Risk
14137,1,332.7,2010-01-13 12:30:00,695,1,1,2,112,Others
14138,2,965.8800000000001,2011-12-08 12:44:00,1,5,2,3,523,Potential Loyalists
14139,4,1086.8,2011-10-24 13:34:00,45,4,3,3,433,Loyal Customers
14140,2,935.05,2011-12-06 09:05:00,3,5,2,3,523,Potential Loyalists
14141,4,915.13,2011-12-07 09:53:00,2,5,3,3,533,Loyal Customers
14142,2,671.34,2010-12-01 16:33:00,372,2,2,3,223,Others
14143,1,115.8,2011-07-29 09:48:00,133,3,1,1,311,Others
14144,1,30.599999999999998,2010-08-10 15:17:00,485,1,1,1,111,Others
14145,7,7600.05,2011-10-24 12:10:00,46,4,4,5,445,Champions
14146,12,9450.3,2011-12-01 10:18:00,8,5,5,5,555,Champions
14147,9,2590.2,2011-09-22 18:10:00,77,3,5,4,354,Loyal Customers
14148,2,466.29,2011-04-20 12:02:00,233,2,2,2,222,Others
14149,1,446.62,2011-05-03 09:44:00,220,2,1,2,212,Others
14150,2,658.64,2011-11-04 10:05:00,35,4,2,3,423,Potential Loyalists
14151,2,679.45,2010-02-04 15:35:00,672,1,2,3,123,Others
14152,7,1997.3400000000001,2011-09-25 12:54:00,74,3,4,4,344,Loyal Customers
14153,1,233.4,2010-08-13 14:35:00,482,1,1,1,111,Others
14154,8,6460.7,2011-04-14 16:26:00,238,2,4,5,245,At Risk
14155,1,118.75,2011-03-18 14:13:00,265,2,1,1,211,Others
14156,156,313437.62,2011-11-30 10:54:00,9,5,5,5,555,Champions
14157,5,978.69,2011-11-20 11:32:00,19,4,4,3,443,Loyal Customers
14158,1,507.66,2011-10-30 15:08:00,39,4,1,2,412,Potential Loyalists
14159,20,7860.8,2011-11-20 12:36:00,19,4,5,5,455,Champions
14160,7,8421.47,2010-04-08 14:30:00,609,1,4,5,145,At Risk
14161,7,2996.93,2011-05-08 11:41:00,215,2,4,5,245,At Risk
14162,2,289.36,2011-06-19 11:36:00,173,3,2,2,322,Others
14163,5,2594.62,2011-09-13 15:18:00,86,3,4,4,344,Loyal Customers
14164,2,1631.77,2011-09-30 12:24:00,70,3,2,4,324,Others
14165,1,120.44,2011-03-09 12:39:00,275,2,1,1,211,Others
14166,2,251.15,2010-07-22 19:42:00,504,1,2,1,121,Others
14167,8,1274.29,2011-10-31 14:29:00,38,4,4,4,444,Champions
14168,2,370.45,2010-10-15 10:49:00,420,1,2,2,122,Others
14169,2,621.51,2010-10-05 08:45:00,430,1,2,3,123,Others
14170,3,570.18,2010-11-29 13:10:00,374,2,3,2,232,Others
14171,2,498.79,2011-09-02 16:43:00,97,3,2,2,322,Others
14172,3,369.02,2010-04-13 13:26:00,604,1,3,2,132,Others
14173,6,586.0,2011-11-29 11:54:00,10,5,4,2,542,Others
14174,1,134.46,2011-11-06 13:17:00,32,4,1,1,411,Potential Loyalists
14175,8,7678.88,2011-10-11 11:55:00,59,3,4,5,345,Loyal Customers
14176,5,756.46,2011-02-15 13:12:00,296,2,4,3,243,Others
14177,13,2209.69,2011-09-14 15:11:00,85,3,5,4,354,Loyal Customers
14178,7,1600.26,2011-12-01 12:01:00,8,5,4,4,544,Champions
14179,2,701.57,2011-10-30 12:07:00,40,4,2,3,423,Potential Loyalists
14180,33,6117.5,2011-11-29 10:56:00,10,5,5,5,555,Champions
14181,2,308.35,2010-10-25 08:27:00,410,1,2,2,122,Others
14182,4,678.77,2010-09-22 11:45:00,443,1,3,3,133,Others
14183,2,278.34000000000003,2010-10-24 14:45:00,410,1,2,1,121,Others
14184,1,452.89,2011-10-04 12:43:00,66,3,1,2,312,Others
14185,1,197.65,2011-01-12 13:52:00,330,2,1,1,211,Others
14186,5,1550.63,2010-10-08 13:30:00,426,1,4,4,144,At Risk
14187,1,123.5,2010-08-23 12:06:00,473,1,1,1,111,Others
14188,6,2054.36,2011-11-09 12:45:00,30,4,4,4,444,Champions
14189,16,5503.15,2011-12-07 15:55:00,1,5,5,5,555,Champions
14190,1,79.9,2010-02-11 14:27:00,665,1,1,1,111,Others
14191,15,4817.66,2011-12-08 09:23:00,1,5,5,5,555,Champions
14192,1,293.74,2010-11-16 17:44:00,387,2,1,2,212,Others
14193,3,1210.19,2011-10-03 09:34:00,67,3,3,3,333,Loyal Customers
14194,36,18670.59,2011-12-05 10:38:00,4,5,5,5,555,Champions
14195,6,2615.6,2011-05-22 10:29:00,201,2,4,4,244,At Risk
14196,1,335.52,2011-08-25 10:25:00,106,3,1,2,312,Others
14197,1,390.05,2010-10-25 10:01:00,410,1,1,2,112,Others
14198,9,1569.73,2011-11-21 16:35:00,17,5,5,4,554,Champions
14199,4,1091.7,2011-05-05 13:44:00,217,2,3,3,233,Others
14200,1,379.2,2010-04-01 13:01:00,616,1,1,2,112,Others
14201,10,1193.54,2011-10-10 13:27:00,59,3,5,3,353,Loyal Customers
14202,3,847.76,2010-11-23 17:13:00,380,2,3,3,233,Others
14203,1,339.34,2010-11-07 13:35:00,396,2,1,2,212,Others
14204,4,1024.83,2011-12-07 13:38:00,1,5,3,3,533,Loyal Customers
14205,9,2414.2,2011-11-23 10:55:00,16,5,5,4,554,Champions
14206,3,1185.01,2011-04-14 16:38:00,238,2,3,3,233,Others
14207,1,157.8,2010-01-21 09:33:00,687,1,1,1,111,Others
14208,2,567.05,2011-09-06 12:48:00,94,3,2,2,322,Others
14209,15,4993.27,2011-11-29 10:18:00,10,5,5,5,555,Champions
14210,16,5556.570000000001,2011-08-26 12:36:00,105,3,5,5,355,Loyal Customers
14211,18,4402.29,2011-10-17 13:23:00,52,4,5,5,455,Champions
14212,2,2190.14,2011-09-11 12:45:00,89,3,2,4,324,Others
14213,1,1192.2,2010-10-31 10:37:00,404,2,1,3,213,Others
14214,5,1004.38,2011-11-09 10:31:00,30,4,4,3,443,Loyal Customers
14215,9,3250.33,2011-11-28 12:19:00,11,5,5,5,555,Champions
14216,5,2150.04,2011-12-06 14:56:00,2,5,4,4,544,Champions
14217,23,3298.59,2011-12-08 11:53:00,1,5,5,5,555,Champions
14218,1,169.48000000000002,2011-10-28 10:00:00,42,4,1,1,411,Potential Loyalists
14219,3,633.83,2011-12-05 16:23:00,3,5,3,3,533,Loyal Customers
14220,4,1515.0,2011-04-06 13:23:00,246,2,3,4,234,At Risk
14221,17,6517.49,2011-10-28 13:42:00,41,4,5,5,455,Champions
14222,1,683.17,2011-06-15 16:42:00,176,3,1,3,313,Others
14223,3,991.13,2011-09-08 13:38:00,91,3,3,3,333,Loyal Customers
14224,9,1841.71,2011-08-21 13:24:00,109,3,5,4,354,Loyal Customers
14225,4,2031.07,2010-10-01 10:32:00,434,1,3,4,134,At Risk
14226,6,2985.13,2011-11-11 11:34:00,28,4,4,5,445,Champions
14227,15,6368.71,2011-11-13 15:48:00,25,4,5,5,455,Champions
14228,3,745.5,2010-09-28 09:45:00,437,1,3,3,133,Others
14229,7,2594.04,2011-10-19 10:04:00,51,4,4,4,444,Champions
14230,3,979.8000000000001,2010-09-30 09:07:00,435,1,3,3,133,Others
14231,4,1235.6200000000001,2011-06-09 11:05:00,183,3,3,4,334,Loyal Customers
14232,5,2048.07,2011-10-28 11:09:00,42,4,4,4,444,Champions
14233,7,2904.27,2011-10-21 15:54:00,48,4,4,4,444,Champions
14234,4,754.12,2011-11-17 17:53:00,21,4,3,3,433,Loyal Customers
14235,9,4717.99,2011-09-25 14:37:00,74,3,5,5,355,Loyal Customers
14236,5,1555.34,2011-09-20 09:13:00,80,3,4,4,344,Loyal Customers
14237,2,471.14,2010-12-01 13:20:00,372,2,2,2,222,Others
14238,3,434.23,2011-01-17 14:40:00,325,2,3,2,232,Others
14239,21,4263.17,2011-10-27 14:40:00,42,4,5,5,455,Champions
14240,3,1247.49,2011-11-09 13:45:00,29,4,3,4,434,Loyal Customers
14241,2,333.70000000000005,2011-06-09 11:46:00,183,3,2,2,322,Others
14242,2,280.55,2011-04-19 11:46:00,234,2,2,1,221,Others
14243,17,7217.75,2011-12-01 11:12:00,8,5,5,5,555,Champions
14244,1,366.41999999999996,2010-02-17 11:40:00,660,1,1,2,112,Others
14245,2,1693.45,2011-05-04 08:40:00,219,2,2,4,224,At Risk
14246,3,1474.06,2011-08-21 11:50:00,110,3,3,4,334,Loyal Customers
14247,5,753.56,2011-03-06 15:21:00,277,2,4,3,243,Others
14248,3,1032.95,2011-01-25 14:45:00,317,2,3,3,233,Others
14249,12,5400.461,2010-10-25 12:34:00,410,1,5,5,155,At Risk
14250,3,1904.05,2011-12-02 14:30:00,6,5,3,4,534,Loyal Customers
14251,5,2879.7000000000003,2011-12-08 08:32:00,1,5,4,4,544,Champions
14252,1,350.99,2010-11-23 13:36:00,380,2,1,2,212,Others
14253,2,363.40000000000003,2010-08-03 14:55:00,492,1,2,2,122,Others
14254,1,601.03,2010-10-03 11:52:00,432,1,1,2,112,Others
14255,1,1000.63,2010-06-11 15:54:00,545,1,1,3,113,Others
14256,5,2460.79,2011-03-24 13:17:00,259,2,4,4,244,At Risk
14257,9,5954.45,2011-10-06 16:54:00,63,3,5,5,355,Loyal Customers
14258,25,32051.34,2011-11-30 15:27:00,8,5,5,5,555,Champions
14259,1,120.0,2011-07-21 10:44:00,141,3,1,1,311,Others
14260,3,824.28,2010-08-25 14:55:00,470,1,3,3,133,Others
14261,2,1163.45,2011-10-20 10:04:00,50,4,2,3,423,Potential Loyalists
14262,8,2618.23,2011-12-01 14:17:00,7,5,4,4,544,Champions
14263,1,322.93,2010-10-12 14:09:00,422,1,1,2,112,Others
14264,6,1517.3600000000001,2011-07-08 10:20:00,154,3,4,4,344,Loyal Customers
14265,4,1373.35,2011-08-22 13:32:00,108,3,3,4,334,Loyal Customers
14266,1,40.56,2010-10-07 13:32:00,427,1,1,1,111,Others
14267,3,1516.24,2011-06-30 10:09:00,162,3,3,4,334,Loyal Customers
14268,1,354.85,2010-08-26 10:45:00,470,1,1,2,112,Others
14269,1,295.73,2010-09-26 12:53:00,438,1,1,2,112,Others
14270,1,492.65000000000003,2011-01-12 09:33:00,331,2,1,2,212,Others
14271,2,214.18,2011-04-28 12:47:00,225,2,2,1,221,Others
14272,4,920.81,2011-09-27 10:08:00,73,3,3,3,333,Loyal Customers
14273,4,559.97,2011-10-19 13:20:00,50,4,3,2,432,Others
14274,1,256.6,2010-01-22 12:51:00,685,1,1,1,111,Others
14275,6,1189.3799999999999,2010-11-09 09:06:00,395,2,4,3,243,Others
14276,7,2102.68,2011-09-02 09:45:00,98,3,4,4,344,Loyal Customers
14277,9,17197.61,2011-11-24 15:01:00,14,5,5,5,555,Champions
14278,1,205.83,2010-10-26 12:07:00,409,2,1,1,211,Others
14279,2,191.86,2010-07-07 08:42:00,520,1,2,1,121,Others
14280,1,134.04,2011-05-27 10:37:00,196,2,1,1,211,Others
14281,1,245.15,2010-10-27 14:45:00,407,2,1,1,211,Others
14282,25,7250.76,2011-12-06 17:04:00,2,5,5,5,555,Champions
14283,4,628.4399999999999,2010-09-02 14:46:00,462,1,3,3,133,Others
14284,3,1299.65,2011-11-09 08:11:00,30,4,3,4,434,Loyal Customers
14285,8,3284.42,2011-11-18 14:50:00,20,4,4,5,445,Champions
14286,7,8479.76,2011-11-16 10:34:00,23,4,4,5,445,Champions
14287,3,176.63,2011-12-01 13:25:00,7,5,3,1,531,Others
14288,1,426.6,2011-05-10 13:22:00,212,2,1,2,212,Others
14289,6,911.26,2011-12-01 11:44:00,8,5,4,3,543,Loyal Customers
14290,8,4516.56,2011-11-28 14:02:00,10,5,4,5,545,Champions
14291,23,7904.1,2011-12-08 10:26:00,1,5,5,5,555,Champions
14292,16,9226.25,2011-12-02 11:50:00,7,5,5,5,555,Champions
14293,9,2903.01,2011-12-06 15:17:00,2,5,5,4,554,Champions
14294,1,375.34,2010-10-28 16:25:00,406,2,1,2,212,Others
14295,5,2362.91,2011-10-30 15:50:00,39,4,4,4,444,Champions
14296,2,456.40000000000003,2010-10-14 14:14:00,420,1,2,2,122,Others
14297,4,1305.33,2011-11-22 09:06:00,17,5,3,4,534,Loyal Customers
14298,82,91194.49,2011-12-01 13:12:00,7,5,5,5,555,Champions
14299,27,14070.25,2011-12-01 16:05:00,7,5,5,5,555,Champions
14300,1,43.2,2011-11-21 08:57:00,18,5,1,1,511,Potential Loyalists
14301,4,1992.18,2011-08-14 15:33:00,116,3,3,4,334,Loyal Customers
14302,3,742.9000000000001,2010-10-05 08:10:00,430,1,3,3,133,Others
14303,2,277.94,2010-10-28 15:37:00,406,2,2,1,221,Others
14304,3,1725.01,2011-05-01 11:50:00,222,2,3,4,234,At Risk
14305,3,1858.96,2011-09-29 15:29:00,70,3,3,4,334,Loyal Customers
14306,6,3151.4,2011-10-19 13:23:00,50,4,4,5,445,Champions
14307,10,4287.92,2011-09-12 09:38:00,88,3,5,5,355,Loyal Customers
14308,2,1147.02,2010-06-08 16:48:00,548,1,2,3,123,Others
14309,11,3780.81,2011-12-01 13:33:00,7,5,5,5,555,Champions
14310,1,492.1,2010-10-03 12:34:00,432,1,1,2,112,Others
14311,2,516.45,2011-04-11 10:14:00,242,2,2,2,222,Others
14312,11,3090.29,2011-10-24 09:46:00,46,4,5,5,455,Champions
14314,2,229.8,2011-08-25 10:39:00,106,3,2,1,321,Others
14315,8,3197.82,2011-10-26 12:06:00,44,4,4,5,445,Champions
14316,5,1370.34,2010-10-13 16:31:00,421,1,4,4,144,At Risk
14317,1,508.58000000000004,2011-10-06 10:44:00,64,3,1,2,312,Others
14318,1,158.02,2010-09-05 15:32:00,459,1,1,1,111,Others
14319,1,494.85,2010-10-11 13:38:00,423,1,1,2,112,Others
14320,5,1346.75,2011-05-17 09:24:00,206,2,4,4,244,At Risk
14321,7,2218.06,2011-11-29 09:47:00,10,5,4,4,544,Champions
14322,4,474.1,2010-10-06 15:17:00,428,1,3,2,132,Others
14323,2,605.0600000000001,2011-08-17 11:37:00,114,3,2,2,322,Others
14324,2,701.61,2010-10-26 11:44:00,409,2,2,3,223,Others
14325,1,245.48000000000002,2010-05-19 09:20:00,569,1,1,1,111,Others
14326,3,940.98,2011-04-11 15:04:00,241,2,3,3,233,Others
14327,6,1894.93,2011-06-29 13:58:00,162,3,4,4,344,Loyal Customers
14328,1,445.05,2010-09-27 16:01:00,437,1,1,2,112,Others
14329,15,9887.62,2011-11-22 15:50:00,16,5,5,5,555,Champions
14330,1,200.63,2010-03-26 09:10:00,623,1,1,1,111,Others
14331,2,462.65999999999997,2011-08-07 13:17:00,123,3,2,2,322,Others
14332,5,1917.41,2011-11-17 11:54:00,22,4,4,4,444,Champions
14333,1,415.2,2011-10-03 10:38:00,67,3,1,2,312,Others
14334,12,4318.48,2011-11-23 10:01:00,16,5,5,5,555,Champions
14335,2,454.86,2011-11-23 13:41:00,15,5,2,2,522,Potential Loyalists
14336,4,1614.91,2011-11-23 11:40:00,16,5,3,4,534,Loyal Customers
14338,3,928.1,2011-07-01 14:08:00,160,3,3,3,333,Loyal Customers
14339,2,620.27,2011-04-11 11:06:00,242,2,2,3,223,Others
14340,1,134.7,2011-05-05 09:44:00,218,2,1,1,211,Others
14341,18,4452.02,2011-10-25 15:48:00,44,4,5,5,455,Champions
14342,6,918.44,2011-11-18 13:21:00,20,4,4,3,443,Loyal Customers
14343,4,1079.66,2010-10-14 13:05:00,420,1,3,3,133,Others
14344,20,2993.05,2011-08-04 13:51:00,126,3,5,5,355,Loyal Customers
14345,1,108.97999999999999,2011-11-01 09:51:00,38,4,1,1,411,Potential Loyalists
14346,5,2315.75,2011-08-11 09:47:00,120,3,4,4,344,Loyal Customers
14347,1,82.6,2009-12-03 10:49:00,736,1,1,1,111,Others
14348,1,409.57,2011-03-24 16:23:00,259,2,1,2,212,Others
14349,1,133.5,2011-11-29 15:39:00,9,5,1,1,511,Potential Loyalists
14350,3,972.03,2011-03-10 14:14:00,273,2,3,3,233,Others
14351,1,51.0,2011-06-28 11:56:00,164,3,1,1,311,Others
14352,4,1078.96,2011-07-05 15:41:00,156,3,3,3,333,Loyal Customers
14353,3,376.5,2011-05-08 16:06:00,214,2,3,2,232,Others
14354,2,163.62,2011-12-04 11:32:00,5,5,2,1,521,Potential Loyalists
14355,3,840.0500000000001,2010-12-09 12:16:00,365,2,3,3,233,Others
14356,2,701.23,2011-09-21 09:18:00,79,3,2,3,323,Others
14357,1,225.12,2011-10-27 16:23:00,42,4,1,1,411,Potential Loyalists
14358,2,400.06,2010-11-15 15:51:00,388,2,2,2,222,Others
14359,3,912.18,2011-11-20 13:17:00,18,5,3,3,533,Loyal Customers
14360,4,2118.03,2011-11-08 09:12:00,31,4,3,4,434,Loyal Customers
14361,1,214.70999999999998,2010-05-10 12:29:00,578,1,1,1,111,Others
14362,1,151.5,2011-11-17 15:08:00,21,4,1,1,411,Potential Loyalists
14363,2,227.47000000000003,2010-11-02 17:01:00,401,2,2,1,221,Others
14364,8,3717.35,2011-08-23 11:01:00,108,3,4,5,345,Loyal Customers
14365,2,634.68,2010-11-10 09:52:00,394,2,2,3,223,Others
14366,1,136.0,2010-07-02 17:23:00,524,1,1,1,111,Others
14367,16,9227.82,2011-12-01 13:19:00,7,5,5,5,555,Champions
14368,1,155.0,2011-01-24 09:52:00,319,2,1,1,211,Others
14369,2,469.13,2010-03-07 15:47:00,641,1,2,2,122,Others
14370,6,1175.78,2010-09-15 10:53:00,450,1,4,3,143,Others
14371,1,100.5,2011-02-17 16:35:00,294,2,1,1,211,Others
14372,2,860.08,2010-09-22 16:17:00,442,1,2,3,123,Others
14373,1,76.55,2010-12-16 15:40:00,357,2,1,1,211,Others
14374,1,108.0,2010-06-16 14:25:00,540,1,1,1,111,Others
14375,3,1106.82,2011-06-07 13:44:00,184,3,3,3,333,Loyal Customers
14376,1,215.46,2010-01-25 15:36:00,682,1,1,1,111,Others
14377,2,617.05,2011-06-01 13:32:00,190,2,2,3,223,Others
14378,1,131.25,2010-03-28 12:22:00,621,1,1,1,111,Others
14379,4,1265.16,2011-10-26 16:43:00,43,4,3,4,434,Loyal Customers
14380,1,48.96,2010-01-26 17:11:00,681,1,1,1,111,Others
14381,2,625.9399999999999,2011-10-18 17:10:00,51,4,2,3,423,Potential Loyalists
14382,2,1193.6299999999999,2011-11-13 16:18:00,25,4,2,3,423,Potential Loyalists
14383,3,1247.69,2011-11-01 15:53:00,37,4,3,4,434,Loyal Customers
14384,1,58.5,2010-07-27 09:53:00,500,1,1,1,111,Others
14385,3,202.11,2011-11-30 15:36:00,8,5,3,1,531,Others
14386,1,142.4,2011-02-16 09:45:00,296,2,1,1,211,Others
14387,3,1727.6,2011-11-07 12:29:00,32,4,3,4,434,Loyal Customers
14388,16,6388.2,2011-11-29 13:32:00,9,5,5,5,555,Champions
14389,5,1898.01,2011-10-05 15:17:00,64,3,4,4,344,Loyal Customers
14390,13,6150.03,2011-11-29 13:49:00,9,5,5,5,555,Champions
14391,1,135.6,2010-05-12 09:42:00,576,1,1,1,111,Others
14392,1,266.4,2010-10-03 12:56:00,431,1,1,1,111,Others
14393,1,67.95,2011-05-05 18:16:00,217,2,1,1,211,Others
14394,1,93.8,2010-05-24 10:43:00,564,1,1,1,111,Others
14395,20,7801.93,2011-12-07 14:34:00,1,5,5,5,555,Champions
14396,7,1969.38,2011-10-05 16:09:00,64,3,4,4,344,Loyal Customers
14397,19,2612.96,2011-12-07 09:22:00,2,5,5,4,554,Champions
14398,2,707.79,2010-11-03 13:46:00,400,2,2,3,223,Others
14399,8,2108.21,2010-11-10 13:23:00,393,2,4,4,244,At Risk
14400,3,1732.47,2011-07-13 15:50:00,148,3,3,4,334,Loyal Customers
14401,22,6795.9,2011-12-05 13:30:00,3,5,5,5,555,Champions
14402,1,285.6,2010-02-25 13:20:00,651,1,1,2,112,Others
14403,6,1880.51,2011-08-01 12:57:00,129,3,4,4,344,Loyal Customers
14404,13,2724.13,2011-11-06 12:30:00,33,4,5,4,454,Champions
14405,1,195.0,2010-11-18 11:40:00,386,2,1,1,211,Others
14406,1,156.75,2011-08-12 16:54:00,118,3,1,1,311,Others
14407,6,2157.73,2011-08-24 14:02:00,106,3,4,4,344,Loyal Customers
14408,11,4102.27,2011-11-29 11:41:00,10,5,5,5,555,Champions
14409,9,3427.29,2011-09-29 18:18:00,70,3,5,5,355,Loyal Customers
14410,11,2631.9,2011-09-08 15:08:00,91,3,5,4,354,Loyal Customers
14411,1,1063.0,2011-02-02 10:56:00,310,2,1,3,213,Others
14412,3,1426.19,2011-10-28 10:45:00,42,4,3,4,434,Loyal Customers
14413,4,764.52,2010-12-12 13:37:00,361,2,3,3,233,Others
14414,8,2399.33,2011-09-09 12:09:00,91,3,4,4,344,Loyal Customers
14415,23,11980.09,2011-12-08 14:38:00,0,5,5,5,555,Champions
14416,2,490.22,2011-11-17 15:22:00,21,4,2,2,422,Potential Loyalists
14417,1,524.65,2010-11-17 10:55:00,387,2,1,2,212,Others
14418,3,1937.25,2011-12-06 11:39:00,3,5,3,4,534,Loyal Customers
14419,7,1254.64,2011-11-29 11:22:00,10,5,4,4,544,Champions
14420,4,1639.17,2011-09-01 18:07:00,98,3,3,4,334,Loyal Customers
14421,6,2469.37,2011-10-13 13:24:00,56,4,4,4,444,Champions
14422,19,10271.52,2011-12-09 11:26:00,0,5,5,5,555,Champions
14423,3,916.6099999999999,2011-05-05 15:12:00,217,2,3,3,233,Others
14424,1,322.08,2011-11-22 11:48:00,17,5,1,2,512,Potential Loyalists
14425,3,661.39,2010-10-01 10:24:00,434,1,3,3,133,Others
14426,17,11727.94,2011-11-16 12:25:00,23,4,5,5,455,Champions
14427,4,1263.52,2011-10-20 14:23:00,49,4,3,4,434,Loyal Customers
14428,5,1224.06,2011-12-02 13:17:00,6,5,4,4,544,Champions
14429,1,516.28,2010-11-01 10:08:00,403,2,1,2,212,Others
14430,3,1220.9,2010-07-16 11:35:00,511,1,3,3,133,Others
14431,4,2614.2,2011-02-10 10:40:00,302,2,3,4,234,At Risk
14432,6,2248.5,2011-11-30 08:04:00,9,5,4,4,544,Champions
14433,1,280.7,2010-08-31 12:35:00,465,1,1,1,111,Others
14434,6,1372.8,2011-11-18 08:56:00,21,4,4,4,444,Champions
14435,1,90.42,2010-07-26 12:33:00,501,1,1,1,111,Others
14436,2,271.70000000000005,2011-09-02 10:13:00,98,3,2,1,321,Others
14437,5,873.34,2010-12-09 09:27:00,365,2,4,3,243,Others
14438,1,131.9,2011-02-06 14:56:00,305,2,1,1,211,Others
14439,5,9443.04,2011-01-24 11:39:00,319,2,4,5,245,At Risk
14440,13,5982.03,2011-12-01 15:42:00,7,5,5,5,555,Champions
14441,11,4611.6900000000005,2011-12-09 09:07:00,0,5,5,5,555,Champions
14442,7,5367.0199999999995,2011-05-19 11:36:00,204,2,4,5,245,At Risk
14443,5,2082.97,2011-10-17 10:10:00,53,4,4,4,444,Champions
14444,1,120.44,2010-09-09 18:56:00,455,1,1,1,111,Others
14445,1,221.65,2010-09-10 11:09:00,455,1,1,1,111,Others
14446,5,1200.28,2011-12-09 11:34:00,0,5,4,3,543,Loyal Customers
14447,6,1711.73,2011-11-21 08:28:00,18,5,4,4,544,Champions
14448,2,375.35,2011-11-30 13:50:00,8,5,2,2,522,Potential Loyalists
14449,8,2230.96,2011-11-21 12:06:00,18,5,4,4,544,Champions
14450,7,1128.44,2011-06-12 10:46:00,180,3,4,3,343,Loyal Customers
14451,12,3258.68,2011-10-10 13:38:00,59,3,5,5,355,Loyal Customers
14452,4,658.95,2011-11-29 12:06:00,10,5,3,3,533,Loyal Customers
14453,1,119.93,2011-06-02 14:15:00,189,2,1,1,211,Others
14454,5,977.3,2010-11-28 13:26:00,375,2,4,3,243,Others
14455,4,617.72,2010-10-03 15:48:00,431,1,3,3,133,Others
14456,9,3017.28,2011-12-04 13:59:00,4,5,5,5,555,Champions
14457,1,113.64,2011-02-02 09:39:00,310,2,1,1,211,Others
14458,1,228.07,2010-11-24 12:43:00,380,2,1,1,211,Others
14459,2,5375.741,2011-07-07 13:35:00,154,3,2,5,325,Others
14460,9,1093.5,2011-08-21 14:19:00,109,3,5,3,353,Loyal Customers
14461,13,6676.91,2011-07-14 17:11:00,147,3,5,5,355,Loyal Customers
14462,12,2242.81,2011-10-04 15:55:00,65,3,5,4,354,Loyal Customers
14463,4,786.5699999999999,2011-09-02 15:20:00,97,3,3,3,333,Loyal Customers
14464,2,111.0,2010-05-20 18:00:00,567,1,2,1,121,Others
14465,11,3925.85,2011-04-07 12:38:00,246,2,5,5,255,At Risk
14466,13,4267.15,2011-11-10 14:07:00,28,4,5,5,455,Champions
14467,12,2203.2400000000002,2011-11-22 12:48:00,17,5,5,4,554,Champions
14468,1,204.24,2009-12-06 12:21:00,733,1,1,1,111,Others
14469,4,2093.46,2010-10-19 14:30:00,415,1,3,4,134,At Risk
14470,3,712.04,2011-11-28 10:31:00,11,5,3,3,533,Loyal Customers
14471,2,400.95,2010-04-27 17:12:00,590,1,2,2,122,Others
14472,9,2118.72,2011-08-28 11:01:00,103,3,5,4,354,Loyal Customers
14473,2,234.34000000000003,2011-09-26 15:10:00,73,3,2,1,321,Others
14474,2,1258.8899999999999,2011-10-24 13:26:00,45,4,2,4,424,Potential Loyalists
14475,4,1151.15,2011-09-29 10:46:00,71,3,3,3,333,Loyal Customers
14476,1,193.0,2011-03-27 15:39:00,256,2,1,1,211,Others
14477,7,1969.6,2011-11-20 11:11:00,19,4,4,4,444,Champions
14478,4,1276.66,2010-11-22 15:29:00,381,2,3,4,234,At Risk
14479,4,1124.71,2011-03-31 09:07:00,253,2,3,3,233,Others
14480,4,1299.52,2011-11-28 16:35:00,10,5,3,4,534,Loyal Customers
14481,5,2284.69,2011-06-28 10:38:00,164,3,4,4,344,Loyal Customers
14482,12,4306.72,2011-11-21 13:14:00,17,5,5,5,555,Champions
14483,2,257.1,2011-03-03 10:26:00,281,2,2,1,221,Others
14484,4,1070.98,2011-10-20 14:11:00,49,4,3,3,433,Loyal Customers
14485,1,162.8,2011-11-01 12:25:00,38,4,1,1,411,Potential Loyalists
14486,2,175.5,2010-07-16 09:42:00,511,1,2,1,121,Others
14487,7,1266.27,2011-11-13 12:17:00,26,4,4,4,444,Champions
14488,1,1064.28,2011-10-03 09:30:00,67,3,1,3,313,Others
14489,4,1574.93,2011-05-16 14:51:00,206,2,3,4,234,At Risk
14490,2,1273.47,2010-10-29 15:04:00,405,2,2,4,224,At Risk
14491,2,340.93,2011-06-17 15:22:00,174,3,2,2,322,Others
14492,7,1921.91,2010-10-05 13:21:00,429,1,4,4,144,At Risk
14493,10,5087.86,2011-12-02 16:14:00,6,5,5,5,555,Champions
14494,3,401.46,2011-11-14 09:21:00,25,4,3,2,432,Others
14495,3,174.8,2011-10-20 12:28:00,50,4,3,1,431,Others
14496,7,2363.89,2011-02-01 09:01:00,311,2,4,4,244,At Risk
14497,2,697.0600000000001,2011-02-03 17:01:00,308,2,2,3,223,Others
14498,10,3900.83,2011-10-28 12:09:00,42,4,5,5,455,Champions
14499,7,2101.79,2011-11-13 13:01:00,25,4,4,4,444,Champions
14500,3,356.85,2011-09-12 16:45:00,87,3,3,2,332,Others
14501,2,251.21,2011-06-09 12:02:00,183,3,2,1,321,Others
14502,11,2429.83,2011-11-20 11:50:00,19,4,5,4,454,Champions
14503,6,3543.26,2011-12-06 13:30:00,2,5,4,5,545,Champions
14504,4,673.26,2011-10-23 16:00:00,46,4,3,3,433,Loyal Customers
14505,19,11879.08,2011-11-22 15:45:00,16,5,5,5,555,Champions
14506,7,2960.25,2011-11-22 13:02:00,16,5,4,5,545,Champions
14507,11,3216.7400000000002,2011-11-16 12:21:00,23,4,5,5,455,Champions
14508,5,822.92,2011-11-17 19:48:00,21,4,4,3,443,Loyal Customers
14509,1,110.95,2010-06-23 13:21:00,533,1,1,1,111,Others
14510,3,979.85,2010-11-29 12:46:00,375,2,3,3,233,Others
14511,5,1314.81,2011-11-28 17:05:00,10,5,4,4,544,Champions
14512,7,1215.97,2011-06-05 12:39:00,187,3,4,3,343,Loyal Customers
14513,6,788.01,2011-08-31 11:25:00,100,3,4,3,343,Loyal Customers
14514,9,4380.04,2011-10-09 16:05:00,60,3,5,5,355,Loyal Customers
14515,12,3724.06,2011-11-22 11:37:00,17,5,5,5,555,Champions
14516,1,151.17,2010-07-11 14:07:00,515,1,1,1,111,Others
14517,2,330.45,2011-11-06 14:20:00,32,4,2,2,422,Potential Loyalists
14518,1,174.37,2011-10-06 14:43:00,63,3,1,1,311,Others
14519,2,203.14,2010-01-25 11:18:00,683,1,2,1,121,Others
14520,2,270.6,2011-12-08 09:46:00,1,5,2,1,521,Potential Loyalists
14521,1,199.45000000000002,2010-08-05 16:35:00,490,1,1,1,111,Others
14522,8,1748.42,2011-11-15 13:24:00,23,4,4,4,444,Champions
14523,1,241.09,2011-08-23 13:13:00,107,3,1,1,311,Others
14524,13,2909.86,2011-11-08 12:29:00,31,4,5,4,454,Champions
14525,17,8026.54,2011-11-20 11:37:00,19,4,5,5,455,Champions
14526,1,258.65,2010-11-15 13:32:00,388,2,1,1,211,Others
14527,122,27246.88,2011-12-07 12:19:00,2,5,5,5,555,Champions
14528,1,364.21999999999997,2011-11-02 17:09:00,36,4,1,2,412,Potential Loyalists
14529,3,578.61,2011-10-10 15:27:00,59,3,3,2,332,Others
14530,16,6088.87,2011-11-14 10:38:00,25,4,5,5,455,Champions
14531,1,376.34,2010-08-17 10:16:00,479,1,1,2,112,Others
14532,11,3845.78,2011-04-17 13:05:00,235,2,5,5,255,At Risk
14533,11,3466.37,2011-11-15 12:05:00,24,4,5,5,455,Champions
14534,26,6187.66,2011-12-07 12:19:00,2,5,5,5,555,Champions
14535,9,5973.2300000000005,2011-10-10 15:39:00,59,3,5,5,355,Loyal Customers
14536,1,170.95,2011-03-25 12:21:00,259,2,1,1,211,Others
14537,2,641.4,2011-10-13 10:54:00,57,4,2,3,423,Potential Loyalists
14538,5,1370.8400000000001,2011-10-06 10:31:00,64,3,4,4,344,Loyal Customers
14539,2,537.48,2011-11-24 09:50:00,15,5,2,2,522,Potential Loyalists
14540,11,3709.64,2011-11-30 10:15:00,9,5,5,5,555,Champions
14541,14,2491.38,2011-10-12 10:08:00,58,4,5,4,454,Champions
14542,1,103.25,2011-06-07 08:19:00,185,3,1,1,311,Others
14543,39,14587.87,2011-11-11 12:45:00,28,4,5,5,455,Champions
14544,3,2938.53,2011-11-15 15:06:00,23,4,3,5,435,Loyal Customers
14545,1,349.25,2010-02-03 15:23:00,673,1,1,2,112,Others
14546,11,5184.84,2011-12-04 13:00:00,4,5,5,5,555,Champions
14547,8,3974.75,2011-12-06 11:06:00,3,5,4,5,545,Champions
14548,9,2541.29,2011-07-12 12:19:00,150,3,5,4,354,Loyal Customers
14549,4,913.6,2011-02-01 13:47:00,310,2,3,3,233,Others
14550,4,1345.06,2011-11-29 12:12:00,10,5,3,4,534,Loyal Customers
14551,7,878.09,2011-11-21 13:36:00,17,5,4,3,543,Loyal Customers
14552,3,507.93,2011-07-11 12:49:00,151,3,3,2,332,Others
14553,9,1818.6,2011-11-20 13:20:00,18,5,5,4,554,Champions
14554,4,2279.4900000000002,2011-11-29 16:44:00,9,5,3,4,534,Loyal Customers
14555,6,2304.03,2011-10-13 16:24:00,56,4,4,4,444,Champions
14556,3,815.69,2010-04-22 14:57:00,595,1,3,3,133,Others
14557,1,788.38,2011-09-15 15:48:00,84,3,1,3,313,Others
14558,3,655.5,2010-02-23 12:51:00,653,1,3,3,133,Others
14559,1,75.6,2010-11-14 16:05:00,389,2,1,1,211,Others
14560,44,6114.03,2011-12-02 15:22:00,6,5,5,5,555,Champions
14561,3,1080.76,2011-09-25 12:39:00,75,3,3,3,333,Loyal Customers
14562,26,6638.150000000001,2011-12-06 11:05:00,3,5,5,5,555,Champions
14563,2,640.54,2010-07-18 12:01:00,509,1,2,3,123,Others
14564,2,2605.62,2010-10-01 09:02:00,434,1,2,4,124,At Risk
14565,5,3859.2200000000003,2011-09-05 09:07:00,95,3,4,5,345,Loyal Customers
14566,4,4092.0,2011-08-21 11:05:00,110,3,3,5,335,Loyal Customers
14567,2,1530.3600000000001,2011-10-14 10:21:00,56,4,2,4,424,Potential Loyalists
14568,1,919.7,2010-09-30 17:15:00,434,1,1,3,113,Others
14569,4,597.3299999999999,2011-12-08 14:58:00,0,5,3,2,532,Others
14570,3,613.75,2011-03-04 10:58:00,280,2,3,3,233,Others
14571,1,160.0,2010-10-10 15:06:00,424,1,1,1,111,Others
14572,11,5526.88,2011-12-06 14:40:00,2,5,5,5,555,Champions
14573,13,2163.12,2011-06-13 11:15:00,179,3,5,4,354,Loyal Customers
14574,1,143.70000000000002,2009-12-07 12:42:00,732,1,1,1,111,Others
14575,1,420.22,2010-08-08 14:51:00,487,1,1,2,112,Others
14576,1,35.400000000000006,2010-12-02 17:51:00,371,2,1,1,211,Others
14577,7,1364.15,2011-11-27 12:47:00,12,5,4,4,544,Champions
14578,1,168.63,2011-12-06 17:18:00,2,5,1,1,511,Potential Loyalists
14579,1,105.56,2010-10-03 14:36:00,431,1,1,1,111,Others
14580,1,14.850000000000001,2010-07-09 15:20:00,517,1,1,1,111,Others
14581,2,409.65,2011-11-23 12:39:00,16,5,2,2,522,Potential Loyalists
14582,1,114.11,2011-10-30 11:56:00,40,4,1,1,411,Potential Loyalists
14583,8,1660.29,2011-12-04 12:32:00,5,5,4,4,544,Champions
14584,8,1738.16,2011-06-23 18:33:00,168,3,4,4,344,Loyal Customers
14585,5,1143.27,2011-10-20 14:33:00,49,4,4,3,443,Loyal Customers
14586,1,237.36,2011-03-08 10:04:00,276,2,1,1,211,Others
14587,9,1580.29,2011-11-21 11:34:00,18,5,5,4,554,Champions
14588,1,135.39,2010-05-10 15:08:00,577,1,1,1,111,Others
14589,1,39.75,2010-12-03 11:42:00,371,2,1,1,211,Others
14590,20,2993.37,2010-10-11 12:06:00,424,1,5,5,155,At Risk
14591,4,1320.21,2011-11-24 13:57:00,14,5,3,4,534,Loyal Customers
14592,3,557.94,2011-11-04 16:35:00,34,4,3,2,432,Others
14593,12,3665.5299999999997,2011-11-18 12:48:00,21,4,5,5,455,Champions
14594,2,363.33,2011-12-02 13:28:00,6,5,2,2,522,Potential Loyalists
14595,8,2164.45,2011-11-20 12:12:00,19,4,4,4,444,Champions
14596,1,222.22000000000003,2010-03-23 12:13:00,626,1,1,1,111,Others
14597,6,2184.63,2011-11-28 13:13:00,10,5,4,4,544,Champions
14598,2,384.04,2011-10-26 13:19:00,43,4,2,2,422,Potential Loyalists
14599,2,457.89,2010-11-14 14:49:00,389,2,2,2,222,Others
14600,2,865.1700000000001,2011-02-07 09:48:00,305,2,2,3,223,Others
14601,1,213.96,2011-11-29 09:48:00,10,5,1,1,511,Potential Loyalists
14602,1,205.35999999999999,2010-02-21 15:47:00,655,1,1,1,111,Others
14603,1,660.0,2011-03-10 10:27:00,274,2,1,3,213,Others
14604,1,143.85999999999999,2010-03-16 13:00:00,632,1,1,1,111,Others
14605,4,921.5600000000001,2010-11-30 14:07:00,373,2,3,3,233,Others
14606,192,29951.37,2011-12-08 19:28:00,0,5,5,5,555,Champions
14607,22,23763.13,2011-11-24 10:35:00,15,5,5,5,555,Champions
14608,11,3352.94,2011-12-05 16:52:00,3,5,5,5,555,Champions
14609,10,1486.2,2011-09-28 12:54:00,71,3,5,4,354,Loyal Customers
14610,2,24.35,2010-11-09 10:58:00,395,2,2,1,221,Others
14611,2,604.3299999999999,2010-09-22 09:19:00,443,1,2,2,122,Others
14612,1,877.7,2010-10-20 16:01:00,414,1,1,3,113,Others
14613,1,76.32000000000001,2010-01-28 13:02:00,679,1,1,1,111,Others
14614,1,295.13,2010-11-18 13:04:00,385,2,1,2,212,Others
14615,5,951.76,2010-11-10 13:36:00,393,2,4,3,243,Others
14616,5,527.78,2011-04-11 09:54:00,242,2,4,2,242,Others
14617,2,190.47000000000003,2010-11-02 11:41:00,402,2,2,1,221,Others
14618,7,1342.32,2011-11-30 13:45:00,8,5,4,4,544,Champions
14619,2,1291.24,2011-04-08 07:37:00,245,2,2,4,224,At Risk
14620,2,412.78000000000003,2011-05-18 11:58:00,205,2,2,2,222,Others
14621,9,3000.57,2011-12-08 16:22:00,0,5,5,5,555,Champions
14622,1,320.58000000000004,2011-06-08 12:42:00,184,3,1,2,312,Others
14623,10,2016.98,2011-11-07 13:56:00,31,4,5,4,454,Champions
14624,6,814.07,2011-10-13 13:44:00,56,4,4,3,443,Loyal Customers
14625,11,4497.88,2011-05-27 15:32:00,195,2,5,5,255,At Risk
14626,11,5410.92,2011-11-16 10:37:00,23,4,5,5,455,Champions
14627,1,462.75,2010-11-25 16:32:00,378,2,1,2,212,Others
14628,5,1998.0,2011-09-09 14:58:00,90,3,4,4,344,Loyal Customers
14629,2,955.26,2011-12-05 16:55:00,3,5,2,3,523,Potential Loyalists
14630,1,338.65,2010-08-12 16:38:00,483,1,1,2,112,Others
14631,6,2025.69,2011-10-20 11:17:00,50,4,4,4,444,Champions
14632,1,114.56,2011-03-22 08:49:00,262,2,1,1,211,Others
14633,1,344.90000000000003,2011-03-18 17:07:00,265,2,1,2,212,Others
14634,4,2124.46,2010-09-28 10:40:00,437,1,3,4,134,At Risk
14635,1,215.22,2010-09-12 10:47:00,453,1,1,1,111,Others
14636,2,609.85,2011-11-03 16:12:00,35,4,2,3,423,Potential Loyalists
14637,1,106.67999999999999,2010-01-31 15:52:00,676,1,1,1,111,Others
14638,1,443.6,2011-10-20 10:10:00,50,4,1,2,412,Potential Loyalists
14639,9,4978.96,2011-10-18 15:06:00,51,4,5,5,455,Champions
14640,10,3649.36,2011-11-15 13:07:00,23,4,5,5,455,Champions
14641,1,110.46,2011-11-18 10:42:00,21,4,1,1,411,Potential Loyalists
14642,1,96.12,2011-10-12 11:08:00,58,4,1,1,411,Potential Loyalists
14643,5,1679.89,2011-06-22 14:41:00,169,3,4,4,344,Loyal Customers
14644,7,2247.72,2011-10-03 08:30:00,67,3,4,4,344,Loyal Customers
14645,3,876.89,2011-07-06 09:15:00,156,3,3,3,333,Loyal Customers
14646,151,528602.52,2011-12-08 12:12:00,1,5,5,5,555,Champions
14647,2,506.04,2011-05-22 13:40:00,200,2,2,2,222,Others
14648,15,4466.65,2010-10-19 13:12:00,415,1,5,5,155,At Risk
14649,9,3651.19,2011-12-05 12:30:00,4,5,5,5,555,Champions
14650,1,62.5,2010-04-29 20:27:00,588,1,1,1,111,Others
14651,9,2025.52,2011-10-03 15:52:00,66,3,5,4,354,Loyal Customers
14652,1,114.18,2011-09-23 14:21:00,76,3,1,1,311,Others
14653,12,3593.06,2011-12-08 13:45:00,0,5,5,5,555,Champions
14654,1,246.86,2009-12-01 12:57:00,737,1,1,1,111,Others
14655,7,3878.51,2011-12-01 16:28:00,7,5,4,5,545,Champions
14656,5,790.0,2011-06-23 13:51:00,168,3,4,3,343,Loyal Customers
14657,6,1450.19,2011-11-22 12:47:00,17,5,4,4,544,Champions
14658,2,247.15,2011-12-04 15:35:00,4,5,2,1,521,Potential Loyalists
14659,9,2529.93,2011-12-01 12:17:00,8,5,5,4,554,Champions
14660,2,285.74,2011-09-14 11:34:00,86,3,2,2,322,Others
14661,1,107.95,2011-11-13 11:51:00,26,4,1,1,411,Potential Loyalists
14662,7,1376.43,2011-11-11 12:13:00,28,4,4,4,444,Champions
14663,2,490.6,2010-10-05 13:21:00,429,1,2,2,122,Others
14664,2,636.24,2011-11-20 10:59:00,19,4,2,3,423,Potential Loyalists
14665,7,2749.65,2011-10-10 09:14:00,60,3,4,4,344,Loyal Customers
14666,1,195.25,2011-11-15 12:57:00,23,4,1,1,411,Potential Loyalists
14667,54,20395.34,2011-11-29 11:30:00,10,5,5,5,555,Champions
14668,1,111.63,2010-09-20 15:03:00,444,1,1,1,111,Others
14669,7,3216.78,2011-04-12 11:43:00,241,2,4,5,245,At Risk
14670,3,583.33,2011-03-04 14:13:00,279,2,3,2,232,Others
14671,2,1127.45,2010-06-08 13:39:00,548,1,2,3,123,Others
14672,4,1113.14,2011-04-19 10:19:00,234,2,3,3,233,Others
14673,7,3037.32,2011-12-06 14:31:00,2,5,4,5,545,Champions
14674,1,173.66,2010-07-18 14:25:00,508,1,1,1,111,Others
14675,2,1015.58,2011-11-23 12:58:00,15,5,2,3,523,Potential Loyalists
14676,12,8356.79,2011-11-08 13:29:00,30,4,5,5,455,Champions
14677,1,184.91,2010-04-26 09:48:00,592,1,1,1,111,Others
14678,1,403.39,2010-05-09 14:32:00,578,1,1,2,112,Others
14679,3,1289.44,2010-11-23 11:51:00,381,2,3,4,234,At Risk
14680,58,55688.5,2011-11-14 16:59:00,24,4,5,5,455,Champions
14681,6,875.1500000000001,2011-09-29 15:52:00,70,3,4,3,343,Loyal Customers
14682,6,1514.81,2011-06-05 12:12:00,187,3,4,4,344,Loyal Customers
14683,1,146.56,2010-04-30 17:18:00,587,1,1,1,111,Others
14684,6,1430.03,2011-11-14 11:33:00,25,4,4,4,444,Champions
14685,8,4536.64,2010-05-12 13:08:00,575,1,4,5,145,At Risk
14686,5,852.53,2010-10-21 18:31:00,413,1,4,3,143,Others
14687,3,1402.06,2011-08-25 11:59:00,106,3,3,4,334,Loyal Customers
14688,28,7190.42,2011-12-02 12:26:00,7,5,5,5,555,Champions
14689,1,112.8,2011-05-15 11:22:00,208,2,1,1,211,Others
14690,4,777.68,2011-10-26 15:39:00,43,4,3,3,433,Loyal Customers
14691,5,2114.33,2011-11-09 12:30:00,30,4,4,4,444,Champions
14692,12,1715.1399999999999,2011-07-25 15:08:00,136,3,5,4,354,Loyal Customers
14693,7,1165.36,2011-03-20 12:50:00,264,2,4,3,243,Others
14694,1,244.31,2010-04-01 19:46:00,616,1,1,1,111,Others
14695,3,1534.22,2010-07-08 14:18:00,518,1,3,4,134,At Risk
14696,8,2473.28,2011-12-05 13:43:00,3,5,4,4,544,Champions
14697,2,188.60999999999999,2011-05-05 15:39:00,217,2,2,1,221,Others
14698,5,1217.27,2011-12-08 12:26:00,1,5,4,3,543,Loyal Customers
14699,4,702.6,2011-05-09 14:54:00,213,2,3,3,233,Others
14700,5,3076.06,2011-11-07 14:40:00,31,4,4,5,445,Champions
14701,15,4487.11,2011-11-29 12:38:00,10,5,5,5,555,Champions
14702,29,6368.78,2011-12-08 19:29:00,0,5,5,5,555,Champions
14703,1,318.17,2011-11-25 09:23:00,14,5,1,2,512,Potential Loyalists
14704,11,1752.92,2011-11-28 12:51:00,10,5,5,4,554,Champions
14705,1,179.0,2011-05-25 12:39:00,198,2,1,1,211,Others
14706,1,367.54,2010-03-31 11:09:00,618,1,1,2,112,Others
14707,2,139.2,2010-09-30 11:37:00,435,1,2,1,121,Others
14708,5,1793.22,2011-12-07 08:21:00,2,5,4,4,544,Champions
14709,25,8886.33,2011-11-24 15:41:00,14,5,5,5,555,Champions
14710,13,1899.79,2011-11-25 14:53:00,13,5,5,4,554,Champions
14711,11,2839.62,2011-11-29 14:58:00,9,5,5,4,554,Champions
14712,4,1328.0700000000002,2011-11-10 12:59:00,28,4,3,4,434,Loyal Customers
14713,21,5115.76,2011-11-30 16:26:00,8,5,5,5,555,Champions
14714,4,906.24,2011-11-15 13:07:00,23,4,3,3,433,Loyal Customers
14715,8,1825.45,2011-11-15 12:10:00,24,4,4,4,444,Champions
14716,3,543.28,2011-10-27 17:29:00,42,4,3,2,432,Others
14717,1,81.3,2009-12-06 13:05:00,732,1,1,1,111,Others
14718,1,226.42,2010-10-25 13:07:00,409,2,1,1,211,Others
14719,5,1581.84,2011-12-08 12:43:00,1,5,4,4,544,Champions
14720,3,663.81,2011-12-04 12:02:00,5,5,3,3,533,Loyal Customers
14721,1,109.07,2010-11-25 13:08:00,378,2,1,1,211,Others
14722,3,489.52,2011-07-15 14:58:00,146,3,3,2,332,Others
14723,11,1803.06,2011-11-29 15:23:00,9,5,5,4,554,Champions
14724,1,341.9,2010-04-28 13:26:00,589,1,1,2,112,Others
14725,4,1252.74,2011-11-15 12:42:00,24,4,3,4,434,Loyal Customers
14726,1,116.5,2010-02-23 12:35:00,654,1,1,1,111,Others
14727,3,463.72999999999996,2011-03-10 14:45:00,273,2,3,2,232,Others
14728,1,190.58,2010-10-22 15:57:00,412,1,1,1,111,Others
14729,3,586.24,2010-12-01 12:43:00,373,2,3,2,232,Others
14730,8,1897.57,2011-12-08 14:39:00,0,5,4,4,544,Champions
14731,3,380.02,2011-10-23 15:54:00,46,4,3,2,432,Others
14732,19,5517.07,2011-12-01 14:34:00,7,5,5,5,555,Champions
14733,15,14335.15,2011-11-23 15:39:00,15,5,5,5,555,Champions
14734,4,1056.42,2010-10-10 12:04:00,425,1,3,3,133,Others
14735,56,12240.16,2011-12-06 12:09:00,3,5,5,5,555,Champions
14736,2,374.05,2010-08-11 15:21:00,484,1,2,2,122,Others
14737,4,3554.17,2011-12-06 10:16:00,3,5,3,5,535,Loyal Customers
14738,9,1821.9,2011-10-28 08:56:00,42,4,5,4,454,Champions
14739,25,11573.62,2011-12-05 16:54:00,3,5,5,5,555,Champions
14740,11,4161.06,2011-05-26 18:17:00,196,2,5,5,255,At Risk
14741,7,1713.09,2011-11-28 08:48:00,11,5,4,4,544,Champions
14742,1,579.85,2010-09-30 14:07:00,434,1,1,2,112,Others
14743,1,50.48,2010-04-26 10:26:00,592,1,1,1,111,Others
14744,14,3660.08,2011-11-23 12:51:00,15,5,5,5,555,Champions
14745,12,2551.41,2011-08-19 10:05:00,112,3,5,4,354,Loyal Customers
14746,4,593.5,2010-10-29 14:44:00,405,2,3,2,232,Others
14747,1,328.2,2011-04-04 14:09:00,248,2,1,2,212,Others
14748,10,2681.9,2011-11-10 18:33:00,28,4,5,4,454,Champions
14749,1,310.15,2010-08-17 12:36:00,479,1,1,2,112,Others
14750,1,112.03,2009-12-03 17:57:00,735,1,1,1,111,Others
14751,2,126.45,2010-01-24 13:37:00,683,1,2,1,121,Others
14752,1,389.64,2011-10-27 11:55:00,43,4,1,2,412,Potential Loyalists
14753,2,869.51,2011-09-13 14:50:00,86,3,2,3,323,Others
14754,6,1547.93,2011-10-26 12:01:00,44,4,4,4,444,Champions
14755,25,9972.550000000001,2011-11-30 11:24:00,9,5,5,5,555,Champions
14756,3,2653.76,2011-11-24 18:13:00,14,5,3,4,534,Loyal Customers
14757,1,420.5,2011-09-25 14:36:00,74,3,1,2,312,Others
14758,7,2864.97,2011-07-18 08:21:00,144,3,4,4,344,Loyal Customers
14759,3,1625.97,2011-12-05 12:03:00,4,5,3,4,534,Loyal Customers
14760,1,89.2,2011-02-15 16:27:00,296,2,1,1,211,Others
14761,3,447.92,2011-10-12 12:10:00,58,4,3,2,432,Others
14762,2,417.57,2011-03-21 08:20:00,263,2,2,2,222,Others
14764,1,278.3,2011-10-24 11:54:00,46,4,1,1,411,Potential Loyalists
14765,3,254.11,2011-11-10 19:53:00,28,4,3,1,431,Others
14766,11,6375.7300000000005,2011-12-01 16:05:00,7,5,5,5,555,Champions
14767,1,382.81,2010-08-22 14:54:00,473,1,1,2,112,Others
14768,2,192.60000000000002,2011-11-22 12:54:00,16,5,2,1,521,Potential Loyalists
14769,17,15514.11,2011-12-07 10:24:00,2,5,5,5,555,Champions
14770,8,3637.64,2011-04-21 14:21:00,231,2,4,5,245,At Risk
14771,2,594.62,2010-03-28 12:52:00,620,1,2,2,122,Others
14772,1,139.26,2011-08-19 15:04:00,111,3,1,1,311,Others
14773,1,140.55,2010-04-26 10:29:00,592,1,1,1,111,Others
14774,1,241.45,2010-06-29 12:26:00,528,1,1,1,111,Others
14775,3,1011.9,2011-10-12 15:27:00,57,4,3,3,433,Loyal Customers
14776,15,3708.3,2011-10-19 15:34:00,50,4,5,5,455,Champions
14777,1,307.56,2010-11-01 12:50:00,403,2,1,2,212,Others
14778,2,730.86,2011-08-04 15:23:00,126,3,2,3,323,Others
14779,3,386.15,2011-03-04 12:42:00,280,2,3,2,232,Others
14780,2,447.68,2011-10-16 12:46:00,54,4,2,2,422,Potential Loyalists
14782,1,200.10000000000002,2011-01-24 11:12:00,319,2,1,1,211,Others
14783,1,307.3,2010-02-18 16:16:00,658,1,1,2,112,Others
14784,3,449.93,2011-11-13 13:30:00,25,4,3,2,432,Others
14785,2,77.4,2011-11-29 13:21:00,9,5,2,1,521,Potential Loyalists
14786,1,90.96,2010-06-07 13:42:00,549,1,1,1,111,Others
14787,1,110.65,2010-08-25 14:38:00,470,1,1,1,111,Others
14788,3,1156.32,2011-12-02 17:06:00,6,5,3,3,533,Loyal Customers
14789,1,197.64,2011-11-11 08:59:00,28,4,1,1,411,Potential Loyalists
14790,10,2526.62,2011-11-23 09:28:00,16,5,5,4,554,Champions
14791,1,303.63,2010-04-12 10:24:00,606,1,1,2,112,Others
14792,1,6.2,2011-10-07 09:19:00,63,3,1,1,311,Others
14793,2,625.9,2011-11-18 14:50:00,20,4,2,3,423,Potential Loyalists
14794,10,1953.9,2011-12-07 10:11:00,2,5,5,4,554,Champions
14795,1,131.45000000000002,2011-06-26 13:04:00,165,3,1,1,311,Others
14796,27,10169.33,2011-12-08 15:31:00,0,5,5,5,555,Champions
14797,1,300.31,2010-07-20 14:07:00,506,1,1,2,112,Others
14798,8,724.31,2011-10-18 10:58:00,52,4,4,3,443,Loyal Customers
14799,2,338.15,2011-10-19 16:16:00,50,4,2,2,422,Potential Loyalists
14800,17,7191.33,2011-10-23 12:46:00,47,4,5,5,455,Champions
14801,1,189.34,2011-10-09 15:24:00,60,3,1,1,311,Others
14802,2,1502.98,2010-09-27 16:34:00,437,1,2,4,124,At Risk
14803,3,845.55,2011-06-30 13:58:00,161,3,3,3,333,Loyal Customers
14804,1,353.27,2011-12-01 11:20:00,8,5,1,2,512,Potential Loyalists
14805,7,1082.55,2011-11-24 16:20:00,14,5,4,3,543,Loyal Customers
14806,2,303.43,2011-09-25 15:32:00,74,3,2,2,322,Others
14807,2,504.14,2010-11-14 12:47:00,390,2,2,2,222,Others
14808,8,2718.6,2011-10-31 12:21:00,39,4,4,4,444,Champions
14809,2,686.76,2010-03-28 15:44:00,620,1,2,3,123,Others
14810,13,2354.03,2011-10-30 11:19:00,40,4,5,4,454,Champions
14811,1,170.5,2010-11-17 13:09:00,386,2,1,1,211,Others
14812,1,178.85,2010-04-20 12:13:00,598,1,1,1,111,Others
14813,4,888.91,2010-12-05 11:57:00,369,2,3,3,233,Others
14814,1,154.21,2010-05-07 14:10:00,580,1,1,1,111,Others
14815,2,778.5,2011-11-03 11:36:00,36,4,2,3,423,Potential Loyalists
14816,1,271.85,2011-05-26 13:16:00,196,2,1,1,211,Others
14817,7,3959.86,2011-05-23 13:35:00,199,2,4,5,245,At Risk
14818,6,1153.56,2011-09-27 11:01:00,73,3,4,3,343,Loyal Customers
14819,4,456.41,2011-10-06 13:41:00,63,3,3,2,332,Others
14820,9,1274.76,2011-11-18 15:41:00,20,4,5,4,454,Champions
14821,7,1230.15,2010-12-08 08:43:00,366,2,4,4,244,At Risk
14822,1,157.70000000000002,2010-08-11 12:52:00,484,1,1,1,111,Others
14823,3,321.43,2011-06-12 13:12:00,179,3,3,2,332,Others
14824,10,4022.9100000000003,2011-11-29 14:20:00,9,5,5,5,555,Champions
14825,24,4735.08,2011-12-06 11:38:00,3,5,5,5,555,Champions
14826,2,385.2,2010-05-07 09:00:00,581,1,2,2,122,Others
14828,13,9839.460000000001,2011-05-27 10:16:00,196,2,5,5,255,At Risk
14829,7,1455.8700000000001,2011-11-10 16:16:00,28,4,4,4,444,Champions
14830,1,188.88,2011-10-17 14:29:00,52,4,1,1,411,Potential Loyalists
14831,3,1676.57,2010-01-28 14:31:00,679,1,3,4,134,At Risk
14832,1,322.69,2010-03-19 15:14:00,629,1,1,2,112,Others
14833,1,94.8,2010-07-29 10:06:00,498,1,1,1,111,Others
14834,7,2206.16,2011-11-22 10:30:00,17,5,4,4,544,Champions
14835,2,297.0,2010-06-29 10:08:00,528,1,2,2,122,Others
14836,3,102.44999999999999,2011-11-29 16:45:00,9,5,3,1,531,Others
14837,9,3460.32,2011-09-11 10:58:00,89,3,5,5,355,Loyal Customers
14838,2,769.9200000000001,2010-10-12 15:46:00,422,1,2,3,123,Others
14839,3,915.28,2010-10-17 13:01:00,417,1,3,3,133,Others
14840,2,362.71,2011-03-17 12:00:00,267,2,2,2,222,Others
14841,14,7163.0,2011-10-17 15:03:00,52,4,5,5,455,Champions
14842,4,2824.69,2011-10-27 12:37:00,43,4,3,4,434,Loyal Customers
14843,1,211.79999999999998,2010-09-29 12:39:00,436,1,1,1,111,Others
14844,10,6702.43,2011-10-07 10:41:00,63,3,5,5,355,Loyal Customers
14845,1,150.0,2010-04-19 10:19:00,599,1,1,1,111,Others
14846,1,437.4,2010-10-08 17:07:00,426,1,1,2,112,Others
14847,3,1348.95,2011-07-14 10:52:00,148,3,3,4,334,Loyal Customers
14848,1,310.56,2010-10-31 12:22:00,404,2,1,2,212,Others
14849,43,15407.61,2011-11-18 10:58:00,21,4,5,5,455,Champions
14850,7,1770.96,2011-02-01 11:21:00,311,2,4,4,244,At Risk
14851,3,829.4100000000001,2011-11-16 14:20:00,22,4,3,3,433,Loyal Customers
14852,18,6132.43,2011-10-12 13:20:00,57,4,5,5,455,Champions
14853,5,1376.87,2011-11-15 16:56:00,23,4,4,4,444,Champions
14854,11,4303.06,2011-09-22 17:00:00,77,3,5,5,355,Loyal Customers
14855,7,6520.3,2011-08-12 14:02:00,118,3,4,5,345,Loyal Customers
14856,3,1290.53,2011-11-03 14:53:00,35,4,3,4,434,Loyal Customers
14857,7,3651.851,2011-10-11 09:23:00,59,3,4,5,345,Loyal Customers
14858,1,180.75,2010-07-22 10:51:00,505,1,1,1,111,Others
14859,5,1705.64,2011-11-27 11:18:00,12,5,4,4,544,Champions
14860,1,170.32,2011-11-20 14:17:00,18,5,1,1,511,Potential Loyalists
14861,10,1380.73,2011-10-18 12:54:00,51,4,5,4,454,Champions
14862,2,841.1999999999999,2011-11-14 10:01:00,25,4,2,3,423,Potential Loyalists
14863,1,266.76,2011-11-10 15:04:00,28,4,1,1,411,Potential Loyalists
14865,4,92.52000000000001,2011-12-02 16:25:00,6,5,3,1,531,Others
14866,19,20746.54,2011-11-29 11:45:00,10,5,5,5,555,Champions
14867,16,2952.06,2011-06-07 11:39:00,185,3,5,5,355,Loyal Customers
14868,12,4184.01,2011-12-06 14:49:00,2,5,5,5,555,Champions
14869,6,2778.14,2011-12-01 12:36:00,8,5,4,4,544,Champions
14870,6,1838.95,2011-03-23 10:51:00,261,2,4,4,244,At Risk
14871,9,1228.17,2011-12-06 13:42:00,2,5,5,4,554,Champions
14872,3,816.6,2010-08-13 12:34:00,483,1,3,3,133,Others
14873,2,854.13,2011-05-13 13:52:00,209,2,2,3,223,Others
14874,1,116.18,2010-06-22 14:58:00,534,1,1,1,111,Others
14875,3,2862.4,2011-08-24 12:20:00,107,3,3,4,334,Loyal Customers
14876,2,256.7,2010-07-06 14:57:00,520,1,2,1,121,Others
14877,2,425.85,2010-10-17 13:09:00,417,1,2,2,122,Others
14878,25,4076.5,2011-11-27 11:15:00,12,5,5,5,555,Champions
14879,1,185.06,2010-01-24 11:35:00,684,1,1,1,111,Others
14880,3,690.59,2011-09-23 13:42:00,76,3,3,3,333,Loyal Customers
14881,1,255.4,2011-11-20 11:06:00,19,4,1,1,411,Potential Loyalists
14882,14,3546.65,2011-11-13 12:47:00,26,4,5,5,455,Champions
14883,6,761.59,2011-11-21 10:23:00,18,5,4,3,543,Loyal Customers
14884,1,120.6,2010-02-08 12:56:00,668,1,1,1,111,Others
14885,3,1598.12,2011-07-31 12:05:00,131,3,3,4,334,Loyal Customers
14886,1,364.8,2011-04-01 08:56:00,252,2,1,2,212,Others
14887,1,1862.0,2011-09-21 15:32:00,78,3,1,4,314,Others
14888,1,369.2,2011-05-16 14:58:00,206,2,1,2,212,Others
14889,1,135.9,2011-01-07 15:19:00,335,2,1,1,211,Others
14890,3,817.25,2011-03-31 11:57:00,253,2,3,3,233,Others
14891,4,1106.73,2011-07-14 18:08:00,147,3,3,3,333,Loyal Customers
14892,1,202.35000000000002,2010-01-18 08:58:00,690,1,1,1,111,Others
14893,3,1809.6100000000001,2011-11-30 12:31:00,9,5,3,4,534,Loyal Customers
14894,3,1492.81,2011-09-15 13:51:00,84,3,3,4,334,Loyal Customers
14895,38,25119.54,2011-12-02 09:23:00,7,5,5,5,555,Champions
14896,8,1826.0,2011-05-19 10:20:00,204,2,4,4,244,At Risk
14897,8,3140.54,2011-12-02 10:32:00,7,5,4,5,545,Champions
14898,14,3365.95,2011-11-16 14:54:00,22,4,5,5,455,Champions
14899,1,1331.38,2010-11-09 15:20:00,394,2,1,4,214,At Risk
14900,1,13.919999999999998,2010-07-05 15:09:00,521,1,1,1,111,Others
14901,12,1919.0,2011-11-28 17:09:00,10,5,5,4,554,Champions
14902,3,1035.6200000000001,2011-11-14 10:34:00,25,4,3,3,433,Loyal Customers
14903,5,2795.33,2011-11-18 16:07:00,20,4,4,4,444,Champions
14904,4,1630.49,2011-12-07 12:55:00,1,5,3,4,534,Loyal Customers
14905,8,1971.39,2011-07-05 12:41:00,157,3,4,4,344,Loyal Customers
14906,1,68.44,2010-09-20 16:30:00,444,1,1,1,111,Others
14907,16,5547.72,2011-12-06 14:14:00,2,5,5,5,555,Champions
14908,2,381.9,2011-09-26 12:56:00,73,3,2,2,322,Others
14909,3,1404.68,2010-09-28 16:56:00,436,1,3,4,134,At Risk
14910,4,434.35,2011-12-07 10:06:00,2,5,3,2,532,Others
14911,398,291420.81,2011-12-08 15:54:00,0,5,5,5,555,Champions
14912,6,1889.25,2011-11-23 09:20:00,16,5,4,4,544,Champions
14913,8,4073.13,2011-11-04 08:29:00,35,4,4,5,445,Champions
14915,11,1811.25,2011-09-09 13:34:00,90,3,5,4,354,Loyal Customers
14916,8,3042.95,2011-09-30 09:20:00,70,3,4,5,345,Loyal Customers
14917,2,1123.75,2010-04-22 11:28:00,596,1,2,3,123,Others
14918,9,5955.81,2011-08-16 11:50:00,115,3,5,5,355,Loyal Customers
14919,1,359.35,2010-06-18 13:06:00,538,1,1,2,112,Others
14920,3,1607.17,2011-05-11 10:32:00,212,2,3,4,234,At Risk
14921,2,1316.07,2011-11-09 13:17:00,29,4,2,4,424,Potential Loyalists
14922,2,843.74,2010-11-11 11:14:00,393,2,2,3,223,Others
14923,1,749.1,2011-10-20 11:51:00,50,4,1,3,413,Potential Loyalists
14924,3,931.01,2011-04-08 09:25:00,245,2,3,3,233,Others
14926,2,359.4,2010-11-23 07:13:00,381,2,2,2,222,Others
14927,1,308.2,2010-11-08 12:30:00,396,2,1,2,212,Others
14928,1,223.91000000000003,2010-03-22 09:14:00,627,1,1,1,111,Others
14929,2,836.69,2011-11-07 17:21:00,31,4,2,3,423,Potential Loyalists
14930,6,5236.7300000000005,2011-08-23 10:31:00,108,3,4,5,345,Loyal Customers
14931,5,1257.68,2011-12-05 10:19:00,4,5,4,4,544,Champions
14932,2,666.13,2010-12-09 11:48:00,365,2,2,3,223,Others
14933,4,1770.0,2010-09-22 10:47:00,443,1,3,4,134,At Risk
14934,5,3503.5,2011-09-19 10:10:00,81,3,4,5,345,Loyal Customers
14935,2,2849.83,2011-02-15 14:44:00,296,2,2,4,224,At Risk
14936,12,12410.81,2011-11-06 10:30:00,33,4,5,5,455,Champions
14937,3,1621.88,2011-10-14 12:29:00,56,4,3,4,434,Loyal Customers
14938,2,2322.43,2010-05-26 13:38:00,561,1,2,4,124,At Risk
14940,2,531.49,2010-10-18 10:47:00,417,1,2,2,122,Others
14941,1,182.1,2010-05-10 11:30:00,578,1,1,1,111,Others
14942,4,746.56,2010-11-03 10:51:00,401,2,3,3,233,Others
14943,1,107.62,2010-02-14 16:04:00,662,1,1,1,111,Others
14944,19,9784.67,2011-11-10 09:10:00,29,4,5,5,455,Champions
14945,1,179.4,2010-10-22 11:26:00,413,1,1,1,111,Others
14946,1,100.9,2011-11-25 13:33:00,13,5,1,1,511,Potential Loyalists
14947,6,1049.79,2011-09-28 15:48:00,71,3,4,3,343,Loyal Customers
14948,6,1101.97,2011-11-16 17:16:00,22,4,4,3,443,Loyal Customers
14949,4,515.0,2010-08-27 15:38:00,468,1,3,2,132,Others
14950,1,371.2,2011-11-20 13:48:00,18,5,1,2,512,Potential Loyalists
14951,1,311.69,2011-09-21 15:15:00,78,3,1,2,312,Others
14952,32,17629.35,2011-10-11 10:33:00,59,3,5,5,355,Loyal Customers
14953,4,971.32,2011-11-14 14:59:00,24,4,3,3,433,Loyal Customers
14954,2,462.12,2011-11-27 14:30:00,11,5,2,2,522,Potential Loyalists
14955,1,163.77,2009-12-07 11:35:00,732,1,1,1,111,Others
14956,1,1325.0,2010-10-14 16:40:00,420,1,1,4,114,At Risk
14957,2,261.69,2011-03-31 17:59:00,252,2,2,1,221,Others
14958,6,941.99,2011-07-15 14:20:00,146,3,4,3,343,Loyal Customers
14959,4,695.42,2011-10-06 18:23:00,63,3,3,3,333,Loyal Customers
14960,2,221.27,2011-12-01 12:54:00,7,5,2,1,521,Potential Loyalists
14961,22,16410.15,2011-11-29 09:42:00,10,5,5,5,555,Champions
14962,4,366.91,2011-03-14 09:42:00,270,2,3,2,232,Others
14963,12,3123.57,2011-11-30 12:16:00,9,5,5,5,555,Champions
14964,1,206.21,2011-04-06 14:13:00,246,2,1,1,211,Others
14965,2,596.09,2011-09-04 13:20:00,95,3,2,2,322,Others
14966,6,1064.26,2011-11-25 12:20:00,14,5,4,3,543,Loyal Customers
14967,6,1982.6100000000001,2011-10-21 11:06:00,49,4,4,4,444,Champions
14968,2,501.24,2011-11-09 13:58:00,29,4,2,2,422,Potential Loyalists
14969,1,906.23,2010-01-05 12:43:00,703,1,1,3,113,Others
14970,12,4919.35,2011-10-02 13:44:00,67,3,5,5,355,Loyal Customers
14971,3,1097.98,2011-11-04 17:07:00,34,4,3,3,433,Loyal Customers
14972,2,145.07,2011-08-03 14:54:00,127,3,2,1,321,Others
14973,3,1314.45,2011-08-24 15:51:00,106,3,3,4,334,Loyal Customers
14974,1,89.94,2011-11-02 13:01:00,36,4,1,1,411,Potential Loyalists
14975,2,472.39,2011-10-13 14:08:00,56,4,2,2,422,Potential Loyalists
14976,7,790.86,2011-10-13 16:37:00,56,4,4,3,443,Loyal Customers
14977,1,31.929999999999996,2009-12-14 10:37:00,725,1,1,1,111,Others
14978,10,3112.19,2011-09-28 13:07:00,71,3,5,5,355,Loyal Customers
14979,1,429.66,2009-12-04 12:54:00,734,1,1,2,112,Others
14980,1,150.68,2009-12-02 14:09:00,736,1,1,1,111,Others
14981,2,372.92,2011-04-07 13:45:00,245,2,2,2,222,Others
14982,1,237.78,2010-05-16 15:52:00,571,1,1,1,111,Others
14983,1,183.20000000000002,2010-01-19 17:32:00,688,1,1,1,111,Others
14984,6,1260.51,2011-11-20 14:28:00,18,5,4,4,544,Champions
14985,2,292.01,2011-05-25 14:29:00,197,2,2,2,222,Others
14986,2,563.1,2010-11-28 15:25:00,375,2,2,2,222,Others
14987,8,1550.6499999999999,2011-11-24 09:59:00,15,5,4,4,544,Champions
14988,7,2038.65,2011-05-12 12:05:00,211,2,4,4,244,At Risk
14989,1,342.4,2010-02-16 10:40:00,661,1,1,2,112,Others
14990,2,304.17,2010-04-06 13:54:00,611,1,2,2,122,Others
14991,1,314.67,2010-10-05 13:01:00,429,1,1,2,112,Others
14992,1,210.5,2010-09-23 17:48:00,441,1,1,1,111,Others
14993,1,36.13,2010-05-25 12:47:00,563,1,1,1,111,Others
14994,5,946.72,2010-11-22 12:59:00,381,2,4,3,243,Others
14995,2,231.98000000000002,2011-11-01 11:39:00,38,4,2,1,421,Potential Loyalists
14996,2,442.28999999999996,2010-08-15 13:44:00,480,1,2,2,122,Others
14997,4,776.5999999999999,2011-10-24 13:28:00,45,4,3,3,433,Loyal Customers
14998,4,753.18,2011-06-22 17:30:00,169,3,3,3,333,Loyal Customers
14999,1,129.48000000000002,2010-04-26 10:47:00,592,1,1,1,111,Others
15000,1,490.52,2011-10-23 11:42:00,47,4,1,2,412,Potential Loyalists
15001,2,199.10999999999999,2010-11-10 13:51:00,393,2,2,1,221,Others
15002,9,4138.08,2011-08-16 10:44:00,115,3,5,5,355,Loyal Customers
15003,6,1027.03,2010-08-23 15:44:00,472,1,4,3,143,Others
15004,1,1220.77,2011-07-15 14:05:00,146,3,1,3,313,Others
15005,56,13754.58,2011-11-24 12:25:00,15,5,5,5,555,Champions
15006,2,757.78,2011-10-19 15:08:00,50,4,2,3,423,Potential Loyalists
15007,1,156.91,2011-07-03 16:00:00,158,3,1,1,311,Others
15008,2,360.0,2010-08-16 13:09:00,479,1,2,2,122,Others
15009,3,1259.43,2011-11-27 13:35:00,11,5,3,4,534,Loyal Customers
15010,1,308.94,2011-11-04 12:42:00,35,4,1,2,412,Potential Loyalists
15011,2,416.6,2010-11-09 11:10:00,395,2,2,2,222,Others
15012,3,646.26,2011-10-17 12:22:00,53,4,3,3,433,Loyal Customers
15013,10,1610.82,2010-08-09 12:05:00,487,1,5,4,154,At Risk
15014,2,257.67,2011-10-27 20:07:00,42,4,2,1,421,Potential Loyalists
15015,13,2354.97,2010-07-26 13:50:00,500,1,5,4,154,At Risk
15016,5,620.89,2011-06-20 12:06:00,172,3,4,3,343,Loyal Customers
15017,1,125.58,2011-11-06 10:33:00,33,4,1,1,411,Potential Loyalists
15018,3,496.21000000000004,2011-11-01 12:47:00,38,4,3,2,432,Others
15019,1,252.81,2011-03-18 12:35:00,266,2,1,1,211,Others
15020,1,198.47,2010-11-25 13:29:00,378,2,1,1,211,Others
15021,12,2500.59,2011-12-01 11:53:00,8,5,5,4,554,Champions
15022,5,1133.44,2011-11-28 12:35:00,11,5,4,3,543,Loyal Customers
15023,20,11578.65,2011-12-06 17:23:00,2,5,5,5,555,Champions
15024,16,3559.39,2011-11-30 12:06:00,9,5,5,5,555,Champions
15025,2,979.79,2011-11-06 15:20:00,32,4,2,3,423,Potential Loyalists
15026,5,1048.8899999999999,2011-09-20 13:52:00,79,3,4,3,343,Loyal Customers
15027,10,3195.6,2011-11-09 10:16:00,30,4,5,5,455,Champions
15028,6,962.94,2011-12-01 14:06:00,7,5,4,3,543,Loyal Customers
15029,1,365.1,2010-03-30 12:16:00,619,1,1,2,112,Others
15030,8,1979.91,2011-09-29 10:50:00,71,3,4,4,344,Loyal Customers
15031,14,3102.94,2011-12-05 14:19:00,3,5,5,5,555,Champions
15032,8,11010.05,2011-03-28 15:03:00,255,2,4,5,245,At Risk
15033,10,2557.18,2011-12-05 12:40:00,4,5,5,4,554,Champions
15034,14,8231.2,2011-11-24 12:11:00,15,5,5,5,555,Champions
15035,1,252.73000000000002,2011-09-11 11:08:00,89,3,1,1,311,Others
15036,3,429.56,2011-09-28 15:42:00,71,3,3,2,332,Others
15037,2,397.76,2010-11-28 13:05:00,375,2,2,2,222,Others
15038,9,1146.53,2011-10-12 11:33:00,58,4,5,3,453,Loyal Customers
15039,93,39141.48,2011-11-30 11:31:00,9,5,5,5,555,Champions
15040,1,7.49,2010-06-16 11:40:00,541,1,1,1,111,Others
15041,2,289.4,2011-06-22 16:16:00,169,3,2,2,322,Others
15042,2,315.45,2011-05-24 16:25:00,198,2,2,2,222,Others
15043,6,2870.3199999999997,2011-11-08 14:26:00,30,4,4,4,444,Champions
15044,35,16024.15,2011-11-20 13:20:00,18,5,5,5,555,Champions
15045,2,735.66,2011-07-11 11:33:00,151,3,2,3,323,Others
15046,25,7623.79,2011-11-30 15:50:00,8,5,5,5,555,Champions
15047,1,343.62,2011-03-15 10:49:00,269,2,1,2,212,Others
15048,4,381.0,2011-10-05 14:55:00,64,3,3,2,332,Others
15049,1,121.17000000000002,2011-03-11 12:13:00,273,2,1,1,211,Others
15050,5,4087.19,2011-11-14 16:17:00,24,4,4,5,445,Champions
15051,9,3926.91,2011-11-16 15:38:00,22,4,5,5,455,Champions
15052,1,207.73000000000002,2011-01-24 15:52:00,318,2,1,1,211,Others
15053,3,693.95,2011-12-05 12:08:00,4,5,3,3,533,Loyal Customers
15054,2,302.1,2011-11-27 15:02:00,11,5,2,2,522,Potential Loyalists
15055,3,549.12,2010-08-22 11:06:00,474,1,3,2,132,Others
15056,1,113.64999999999999,2010-07-07 15:58:00,519,1,1,1,111,Others
15057,5,3255.96,2011-03-09 15:17:00,274,2,4,5,245,At Risk
15058,16,3387.58,2011-11-14 14:57:00,24,4,5,5,455,Champions
15059,19,3491.2,2011-10-30 11:35:00,40,4,5,5,455,Champions
15060,4,294.25,2011-12-01 13:47:00,7,5,3,2,532,Others
15061,127,126389.02,2011-12-06 12:06:00,3,5,5,5,555,Champions
15062,8,2585.62,2011-09-29 16:51:00,70,3,4,4,344,Loyal Customers
15063,1,370.79999999999995,2011-05-10 13:25:00,212,2,1,2,212,Others
15064,4,1254.41,2010-10-25 14:32:00,409,2,3,4,234,At Risk
15065,5,3326.86,2011-11-02 09:45:00,37,4,4,5,445,Champions
15066,1,893.59,2011-10-17 13:25:00,52,4,1,3,413,Potential Loyalists
15067,5,3862.88,2011-09-22 13:20:00,77,3,4,5,345,Loyal Customers
15068,4,1174.9,2011-10-24 14:47:00,45,4,3,3,433,Loyal Customers
15069,1,1109.53,2011-06-13 14:16:00,178,3,1,3,313,Others
15070,3,737.0500000000001,2010-12-02 11:23:00,372,2,3,3,233,Others
15071,4,1455.56,2011-09-07 11:43:00,93,3,3,4,334,Loyal Customers
15072,1,187.51999999999998,2010-08-17 15:46:00,478,1,1,1,111,Others
15073,8,2788.02,2011-11-30 10:44:00,9,5,4,4,544,Champions
15074,3,1553.1299999999999,2011-08-26 14:45:00,104,3,3,4,334,Loyal Customers
15075,1,773.03,2011-09-23 12:27:00,77,3,1,3,313,Others
15076,3,1447.74,2011-06-20 08:23:00,172,3,3,4,334,Loyal Customers
15077,2,2428.08,2010-08-02 11:13:00,494,1,2,4,124,At Risk
15078,53,17286.73,2011-12-02 15:41:00,6,5,5,5,555,Champions
15079,11,3625.4,2011-05-11 12:45:00,212,2,5,5,255,At Risk
15080,2,546.25,2010-10-08 11:52:00,427,1,2,2,122,Others
15081,12,1854.57,2011-11-17 17:08:00,21,4,5,4,454,Champions
15082,1,93.35000000000001,2010-02-09 10:23:00,668,1,1,1,111,Others
15083,1,88.2,2011-03-28 12:18:00,256,2,1,1,211,Others
15084,2,965.2,2010-11-25 11:58:00,379,2,2,3,223,Others
15085,1,347.54,2009-12-10 11:47:00,729,1,1,2,112,Others
15086,2,218.53,2010-05-24 12:27:00,564,1,2,1,121,Others
15087,1,306.94,2011-03-03 10:34:00,281,2,1,2,212,Others
15088,2,1160.07,2011-11-18 13:14:00,20,4,2,3,423,Potential Loyalists
15089,6,2420.84,2011-11-29 16:31:00,9,5,4,4,544,Champions
15090,1,381.32,2011-02-04 14:03:00,307,2,1,2,212,Others
15091,3,1046.6100000000001,2011-10-03 12:47:00,67,3,3,3,333,Loyal Customers
15092,3,776.46,2011-05-08 14:10:00,214,2,3,3,233,Others
15093,23,13702.38,2011-11-21 13:09:00,17,5,5,5,555,Champions
15094,2,83.0,2010-09-02 16:55:00,462,1,2,1,121,Others
15095,10,3141.64,2011-08-28 12:01:00,103,3,5,5,355,Loyal Customers
15096,1,219.39000000000001,2011-10-28 10:27:00,42,4,1,1,411,Potential Loyalists
15097,3,908.35,2011-12-05 14:03:00,3,5,3,3,533,Loyal Customers
15098,3,39916.5,2011-06-10 15:33:00,181,3,3,5,335,Loyal Customers
15099,1,410.48,2011-09-16 13:13:00,83,3,1,2,312,Others
15100,7,2193.8999999999996,2011-01-10 10:35:00,333,2,4,4,244,At Risk
15101,6,1477.94,2011-12-01 10:18:00,8,5,4,4,544,Champions
15102,2,554.67,2010-06-27 12:16:00,530,1,2,2,122,Others
15103,2,703.36,2011-11-08 14:53:00,30,4,2,3,423,Potential Loyalists
15104,2,993.54,2011-05-27 12:29:00,196,2,2,3,223,Others
15105,9,3094.91,2011-11-21 16:54:00,17,5,5,5,555,Champions
15106,5,1422.52,2011-11-22 09:16:00,17,5,4,4,544,Champions
15107,9,824.35,2011-02-01 14:46:00,310,2,5,3,253,Others
15108,4,1300.25,2011-07-21 10:24:00,141,3,3,4,334,Loyal Customers
15109,3,983.1,2011-04-08 09:58:00,245,2,3,3,233,Others
15110,6,1505.8500000000001,2011-11-16 11:16:00,23,4,4,4,444,Champions
15111,5,2442.37,2011-11-10 16:58:00,28,4,4,4,444,Champions
15112,1,209.4,2010-04-07 14:17:00,610,1,1,1,111,Others
15113,3,3509.43,2011-11-30 08:23:00,9,5,3,5,535,Loyal Customers
15114,12,3400.12,2011-11-09 15:05:00,29,4,5,5,455,Champions
15115,2,531.85,2011-11-21 14:59:00,17,5,2,2,522,Potential Loyalists
15116,4,1352.75,2011-11-22 12:25:00,17,5,3,4,534,Loyal Customers
15117,8,2485.9700000000003,2011-11-25 08:12:00,14,5,4,4,544,Champions
15118,1,244.8,2011-07-28 14:54:00,133,3,1,1,311,Others
15119,1,266.4,2011-04-08 09:08:00,245,2,1,1,211,Others
15120,1,358.82,2011-07-29 09:48:00,133,3,1,2,312,Others
15121,2,457.72,2011-10-20 14:51:00,49,4,2,2,422,Potential Loyalists
15122,11,4487.27,2011-08-17 16:48:00,113,3,5,5,355,Loyal Customers
15123,5,4656.17,2011-12-02 13:12:00,6,5,4,5,545,Champions
15124,4,450.82,2011-11-17 10:09:00,22,4,3,2,432,Others
15125,24,17024.87,2011-11-14 13:57:00,24,4,5,5,455,Champions
15126,2,449.49,2010-06-21 12:31:00,536,1,2,2,122,Others
15127,2,711.5,2011-10-05 10:30:00,65,3,2,3,323,Others
15128,5,1783.68,2011-10-10 13:54:00,59,3,4,4,344,Loyal Customers
15129,23,6860.18,2011-10-20 14:40:00,49,4,5,5,455,Champions
15130,1,330.11,2011-06-23 10:15:00,169,3,1,2,312,Others
15131,1,80.28,2010-11-10 12:07:00,394,2,1,1,211,Others
15132,5,977.9300000000001,2011-11-21 17:10:00,17,5,4,3,543,Loyal Customers
15133,5,1806.9,2011-08-04 10:44:00,127,3,4,4,344,Loyal Customers
15134,10,1596.29,2011-11-25 08:55:00,14,5,5,4,554,Champions
15135,2,305.68,2011-04-14 19:16:00,238,2,2,2,222,Others
15136,4,1286.7,2011-12-07 12:26:00,2,5,3,4,534,Loyal Customers
15137,2,823.4,2010-07-07 09:41:00,520,1,2,3,123,Others
15138,1,502.52,2010-11-11 09:16:00,393,2,1,2,212,Others
15139,2,178.96,2011-04-14 11:39:00,239,2,2,1,221,Others
15140,8,3243.69,2011-10-18 14:07:00,51,4,4,5,445,Champions
15141,7,1388.47,2010-09-08 11:33:00,457,1,4,4,144,At Risk
15142,6,2619.92,2011-10-24 12:51:00,45,4,4,4,444,Champions
15143,2,563.63,2011-04-28 12:03:00,225,2,2,2,222,Others
15144,29,12160.31,2011-12-01 15:12:00,7,5,5,5,555,Champions
15145,4,1194.73,2011-12-05 17:21:00,3,5,3,3,533,Loyal Customers
15146,2,1327.16,2011-06-28 12:09:00,164,3,2,4,324,Others
15147,1,623.5,2011-04-13 15:57:00,239,2,1,3,213,Others
15148,1,301.29,2011-11-29 08:21:00,10,5,1,2,512,Potential Loyalists
15149,5,1554.6100000000001,2011-07-29 10:58:00,133,3,4,4,344,Loyal Customers
15150,13,8977.94,2011-11-22 12:52:00,16,5,5,5,555,Champions
15151,2,2085.61,2010-10-12 16:37:00,422,1,2,4,124,At Risk
15152,14,5263.83,2011-11-30 12:32:00,9,5,5,5,555,Champions
15153,1,329.25,2011-11-08 17:09:00,30,4,1,2,412,Potential Loyalists
15154,3,1343.72,2011-09-25 16:05:00,74,3,3,4,334,Loyal Customers
15155,1,383.96999999999997,2010-11-21 12:59:00,382,2,1,2,212,Others
15156,3,961.49,2011-12-08 18:22:00,0,5,3,3,533,Loyal Customers
15157,5,2654.11,2011-12-06 11:28:00,3,5,4,4,544,Champions
15158,2,606.02,2011-10-25 13:53:00,44,4,2,2,422,Potential Loyalists
15159,34,22116.73,2011-12-08 12:05:00,1,5,5,5,555,Champions
15160,4,589.27,2010-12-17 14:15:00,356,2,3,2,232,Others
15161,1,119.92,2010-11-16 16:08:00,387,2,1,1,211,Others
15162,1,312.9,2009-12-08 13:14:00,730,1,1,2,112,Others
15163,2,304.47,2011-11-21 13:10:00,17,5,2,2,522,Potential Loyalists
15164,9,2028.1100000000001,2011-10-02 12:05:00,68,3,5,4,354,Loyal Customers
15165,1,487.75,2010-12-01 14:03:00,372,2,1,2,212,Others
15166,1,167.16,2010-08-29 12:31:00,467,1,1,1,111,Others
15167,5,1627.62,2011-01-23 12:41:00,320,2,4,4,244,At Risk
15168,1,106.56,2011-11-14 11:26:00,25,4,1,1,411,Potential Loyalists
15169,2,569.22,2010-11-22 13:04:00,381,2,2,2,222,Others
15170,1,81.15,2010-10-29 10:34:00,406,2,1,1,211,Others
15171,1,1289.5,2011-01-12 15:36:00,330,2,1,4,214,At Risk
15172,5,1624.05,2011-12-01 11:51:00,8,5,4,4,544,Champions
15173,7,1494.6,2010-11-24 10:21:00,380,2,4,4,244,At Risk
15174,2,481.46,2011-01-21 09:06:00,322,2,2,2,222,Others
15175,1,224.14,2011-09-29 11:31:00,71,3,1,1,311,Others
15176,1,988.04,2010-02-10 10:36:00,667,1,1,3,113,Others
15177,1,948.93,2010-10-10 12:48:00,425,1,1,3,113,Others
15178,1,40.5,2011-03-24 15:12:00,259,2,1,1,211,Others
15179,13,7491.92,2011-11-21 12:53:00,17,5,5,5,555,Champions
15180,3,816.9300000000001,2010-12-07 14:57:00,366,2,3,3,233,Others
15181,5,1200.2,2011-10-04 13:58:00,65,3,4,3,343,Loyal Customers
15182,11,2998.952,2011-07-08 13:37:00,153,3,5,5,355,Loyal Customers
15183,3,639.93,2010-06-10 10:43:00,547,1,3,3,133,Others
15184,4,685.39,2011-11-10 13:41:00,28,4,3,3,433,Loyal Customers
15185,1,310.62,2011-09-30 14:06:00,69,3,1,2,312,Others
15186,5,1403.2,2011-11-25 14:58:00,13,5,4,4,544,Champions
15187,16,4777.18,2011-12-08 11:56:00,1,5,5,5,555,Champions
15188,1,310.43,2009-12-14 13:30:00,724,1,1,2,112,Others
15189,46,17524.38,2011-12-08 13:22:00,0,5,5,5,555,Champions
15190,1,834.4399999999999,2010-10-01 13:09:00,433,1,1,3,113,Others
15191,3,588.05,2010-09-02 15:37:00,462,1,3,2,132,Others
15192,5,1666.39,2011-08-12 11:41:00,119,3,4,4,344,Loyal Customers
15193,1,499.32,2011-10-10 08:23:00,60,3,1,2,312,Others
15194,28,12021.53,2011-12-06 15:10:00,2,5,5,5,555,Champions
15195,1,3861.0,2011-12-07 12:20:00,2,5,1,5,515,Potential Loyalists
15196,2,313.7,2010-10-03 10:50:00,432,1,2,2,122,Others
15197,6,1877.51,2011-11-29 10:00:00,10,5,4,4,544,Champions
15198,5,571.35,2011-09-08 14:42:00,91,3,4,2,342,Others
15199,10,3122.4,2011-10-11 15:12:00,58,4,5,5,455,Champions
15200,1,549.05,2010-08-02 09:38:00,494,1,1,2,112,Others
15201,7,1842.95,2011-09-13 14:53:00,86,3,4,4,344,Loyal Customers
15202,3,6001.49,2010-10-15 13:05:00,419,1,3,5,135,At Risk
15203,15,4400.18,2011-11-14 08:16:00,25,4,5,5,455,Champions
15204,1,316.58,2010-12-17 13:49:00,356,2,1,2,212,Others
15205,2,653.24,2011-09-15 19:36:00,84,3,2,3,323,Others
15206,4,420.29999999999995,2011-11-29 13:41:00,9,5,3,2,532,Others
15207,3,683.9200000000001,2010-10-19 13:29:00,415,1,3,3,133,Others
15208,6,970.52,2011-12-08 17:24:00,0,5,4,3,543,Loyal Customers
15209,1,178.98000000000002,2009-12-09 17:26:00,729,1,1,1,111,Others
15210,3,1176.19,2011-04-28 16:11:00,224,2,3,3,233,Others
15211,2,894.4100000000001,2011-10-10 13:31:00,59,3,2,3,323,Others
15212,2,208.28,2011-04-12 13:45:00,240,2,2,1,221,Others
15213,2,328.35,2011-01-25 12:21:00,318,2,2,2,222,Others
15214,8,1661.44,2011-12-08 12:07:00,1,5,4,4,544,Champions
15215,7,2422.43,2011-10-24 11:41:00,46,4,4,4,444,Champions
15216,2,486.09,2011-09-13 11:41:00,87,3,2,2,322,Others
15217,1,426.24,2010-05-25 13:51:00,562,1,1,2,112,Others
15218,22,11468.83,2011-11-29 11:48:00,10,5,5,5,555,Champions
15219,2,685.45,2011-06-16 16:57:00,175,3,2,3,323,Others
15220,6,1778.96,2011-10-19 12:39:00,51,4,4,4,444,Champions
15221,4,2062.2000000000003,2010-12-08 13:08:00,365,2,3,4,234,At Risk
15222,11,3550.91,2011-01-25 08:03:00,318,2,5,5,255,At Risk
15223,5,1417.95,2011-04-28 11:31:00,225,2,4,4,244,At Risk
15224,5,871.36,2010-12-16 15:02:00,357,2,4,3,243,Others
15225,1,409.40000000000003,2011-04-19 14:51:00,233,2,1,2,212,Others
15226,1,154.41,2011-02-02 11:41:00,310,2,1,1,211,Others
15227,9,2488.4900000000002,2011-11-03 11:59:00,36,4,5,4,454,Champions
15228,6,5580.2699999999995,2011-10-04 13:56:00,65,3,4,5,345,Loyal Customers
15229,1,160.5,2010-05-02 13:50:00,585,1,1,1,111,Others
15230,2,429.6,2011-04-14 14:39:00,238,2,2,2,222,Others
15231,1,250.26,2010-03-28 15:12:00,620,1,1,1,111,Others
15232,2,612.06,2011-08-18 16:27:00,112,3,2,3,323,Others
15233,1,59.400000000000006,2010-11-03 13:36:00,400,2,1,1,211,Others
15234,1,197.0,2011-03-08 08:53:00,276,2,1,1,211,Others
15235,16,2772.76,2011-05-06 09:44:00,217,2,5,4,254,At Risk
15236,1,321.05,2011-02-14 10:52:00,298,2,1,2,212,Others
15237,4,1412.32,2011-12-08 09:46:00,1,5,3,4,534,Loyal Customers
15238,3,1071.99,2011-11-10 14:28:00,28,4,3,3,433,Loyal Customers
15239,2,780.59,2011-11-29 14:14:00,9,5,2,3,523,Potential Loyalists
15240,12,4459.98,2011-10-26 09:50:00,44,4,5,5,455,Champions
15241,11,3050.16,2011-10-04 09:05:00,66,3,5,5,355,Loyal Customers
15242,1,302.04,2010-10-13 15:33:00,421,1,1,2,112,Others
15243,2,927.2800000000001,2011-09-26 14:12:00,73,3,2,3,323,Others
15244,3,912.08,2011-10-05 13:19:00,64,3,3,3,333,Loyal Customers
15245,8,4610.84,2011-07-28 18:56:00,133,3,4,5,345,Loyal Customers
15246,3,780.4,2011-04-15 14:45:00,237,2,3,3,233,Others
15247,3,976.06,2011-08-09 12:52:00,121,3,3,3,333,Loyal Customers
15248,3,1893.93,2010-10-24 13:09:00,410,1,3,4,134,At Risk
15249,18,9266.0,2011-11-08 11:45:00,31,4,5,5,455,Champions
15250,1,60.0,2010-03-09 07:35:00,640,1,1,1,111,Others
15251,21,20324.54,2011-11-30 15:02:00,8,5,5,5,555,Champions
15252,5,2103.41,2011-11-03 13:30:00,35,4,4,4,444,Champions
15253,8,2055.09,2011-11-23 16:22:00,15,5,4,4,544,Champions
15254,3,1088.35,2011-08-04 15:04:00,126,3,3,3,333,Loyal Customers
15255,9,3706.02,2011-10-04 12:43:00,66,3,5,5,355,Loyal Customers
15256,2,170.4,2011-07-14 11:47:00,148,3,2,1,321,Others
15257,2,685.9,2011-03-01 12:58:00,282,2,2,3,223,Others
15258,2,623.16,2011-06-24 12:30:00,168,3,2,3,323,Others
15259,4,1182.3799999999999,2010-07-15 08:47:00,512,1,3,3,133,Others
15260,25,8767.73,2011-08-31 13:55:00,99,3,5,5,355,Loyal Customers
15261,4,1508.0,2011-07-27 15:20:00,134,3,3,4,334,Loyal Customers
15262,3,418.82,2011-01-20 12:16:00,323,2,3,2,232,Others
15263,1,156.51,2011-08-25 10:26:00,106,3,1,1,311,Others
15264,2,848.4,2011-10-06 13:49:00,63,3,2,3,323,Others
15265,4,3345.64,2011-07-11 14:46:00,150,3,3,5,335,Loyal Customers
15266,5,852.21,2011-01-05 13:40:00,337,2,4,3,243,Others
15267,5,1717.36,2011-11-17 15:59:00,21,4,4,4,444,Champions
15268,3,961.9000000000001,2010-08-18 10:33:00,478,1,3,3,133,Others
15269,3,1225.3600000000001,2011-11-16 09:32:00,23,4,3,4,434,Loyal Customers
15270,21,8524.86,2011-11-24 09:24:00,15,5,5,5,555,Champions
15271,24,4528.54,2011-12-02 14:11:00,6,5,5,5,555,Champions
15272,6,2030.95,2011-10-13 12:59:00,56,4,4,4,444,Champions
15273,1,228.96,2010-04-19 11:31:00,599,1,1,1,111,Others
15274,2,716.57,2011-12-05 16:57:00,3,5,2,3,523,Potential Loyalists
15275,1,615.14,2011-11-02 11:20:00,37,4,1,3,413,Potential Loyalists
15276,4,619.8,2011-10-04 16:39:00,65,3,3,3,333,Loyal Customers
15277,2,476.34,2011-10-24 10:08:00,46,4,2,2,422,Potential Loyalists
15278,4,496.15999999999997,2010-05-27 10:03:00,561,1,3,2,132,Others
15279,5,1580.54,2010-12-20 10:48:00,354,2,4,4,244,At Risk
15280,3,397.52,2011-06-20 17:14:00,171,3,3,2,332,Others
15281,16,8543.57,2011-10-12 09:10:00,58,4,5,5,455,Champions
15282,1,348.59,2010-05-18 16:27:00,569,1,1,2,112,Others
15283,3,148.33,2010-11-14 14:54:00,389,2,3,1,231,Others
15284,1,24.75,2010-07-27 13:25:00,499,1,1,1,111,Others
15285,1,94.92,2010-10-28 09:46:00,407,2,1,1,211,Others
15286,1,240.55,2011-10-21 11:08:00,49,4,1,1,411,Potential Loyalists
15287,5,856.03,2011-11-17 15:34:00,21,4,4,3,443,Loyal Customers
15288,10,3715.38,2011-10-27 16:58:00,42,4,5,5,455,Champions
15289,5,1593.09,2011-11-10 13:49:00,28,4,4,4,444,Champions
15290,26,10496.28,2011-12-05 11:39:00,4,5,5,5,555,Champions
15291,40,13517.76,2011-11-14 11:02:00,25,4,5,5,455,Champions
15292,1,178.39,2011-05-22 15:00:00,200,2,1,1,211,Others
15293,1,247.5,2010-02-12 11:54:00,665,1,1,1,111,Others
15294,1,233.35,2010-10-25 11:45:00,410,1,1,1,111,Others
15295,1,207.04,2010-02-23 13:03:00,653,1,1,1,111,Others
15296,12,10323.03,2011-10-20 11:47:00,50,4,5,5,455,Champions
15297,3,641.94,2011-11-29 16:32:00,9,5,3,3,533,Loyal Customers
15298,23,9061.77,2011-12-07 17:17:00,1,5,5,5,555,Champions
15299,10,6156.53,2011-10-03 14:19:00,66,3,5,5,355,Loyal Customers
15300,1,496.44,2011-10-06 17:08:00,63,3,1,2,312,Others
15301,17,6909.67,2011-10-20 09:57:00,50,4,5,5,455,Champions
15302,1,308.0,2009-12-09 13:11:00,729,1,1,2,112,Others
15303,3,1224.18,2011-02-22 13:59:00,289,2,3,4,234,At Risk
15304,9,796.4000000000001,2011-10-10 10:23:00,60,3,5,3,353,Loyal Customers
15305,1,93.6,2010-06-02 13:50:00,554,1,1,1,111,Others
15306,9,3484.73,2011-10-06 12:56:00,63,3,5,5,355,Loyal Customers
15307,1,205.3,2011-09-05 11:38:00,95,3,1,1,311,Others
15308,1,310.47,2011-03-10 13:08:00,273,2,1,2,212,Others
15309,4,797.96,2010-04-08 11:11:00,610,1,3,3,133,Others
15310,1,1634.64,2010-08-18 11:38:00,478,1,1,4,114,At Risk
15311,208,114966.42,2011-12-09 12:00:00,0,5,5,5,555,Champions
15312,12,2930.19,2011-09-25 13:10:00,74,3,5,5,355,Loyal Customers
15313,1,52.0,2011-08-21 16:02:00,109,3,1,1,311,Others
15314,3,820.4499999999999,2011-05-24 14:39:00,198,2,3,3,233,Others
15315,2,570.5,2011-10-06 12:51:00,63,3,2,2,322,Others
15316,1,165.0,2011-01-17 11:34:00,326,2,1,1,211,Others
15317,1,129.75,2010-01-31 15:55:00,676,1,1,1,111,Others
15318,1,312.62,2011-12-06 11:30:00,3,5,1,2,512,Potential Loyalists
15319,1,204.5,2011-03-01 12:48:00,283,2,1,1,211,Others
15320,1,267.13,2011-10-26 13:27:00,43,4,1,1,411,Potential Loyalists
15321,12,6709.7300000000005,2011-09-30 09:40:00,70,3,5,5,355,Loyal Customers
15322,2,1390.86,2011-09-15 09:34:00,85,3,2,4,324,Others
15323,3,434.6,2010-05-26 10:01:00,562,1,3,2,132,Others
15324,1,140.22000000000003,2010-01-07 14:37:00,700,1,1,1,111,Others
15325,8,1601.46,2011-08-28 11:55:00,103,3,4,4,344,Loyal Customers
15326,5,1700.52,2011-01-10 11:38:00,333,2,4,4,244,At Risk
15327,1,208.75,2011-10-18 11:55:00,52,4,1,1,411,Potential Loyalists
15328,1,107.24,2010-10-28 09:05:00,407,2,1,1,211,Others
15329,11,2958.83,2011-10-31 15:36:00,38,4,5,5,455,Champions
15330,2,714.96,2011-11-07 17:50:00,31,4,2,3,423,Potential Loyalists
15331,3,767.91,2010-07-28 09:42:00,499,1,3,3,133,Others
15332,6,4892.68,2010-12-08 14:43:00,365,2,4,5,245,At Risk
15333,1,1028.56,2011-05-15 13:27:00,207,2,1,3,213,Others
15334,3,350.82,2011-07-06 11:22:00,156,3,3,2,332,Others
15335,1,170.22,2011-10-17 12:50:00,53,4,1,1,411,Potential Loyalists
15336,1,240.5,2010-11-03 12:39:00,401,2,1,1,211,Others
15337,1,373.02,2010-10-24 15:29:00,410,1,1,2,112,Others
15338,1,277.93,2010-01-31 14:25:00,676,1,1,1,111,Others
15339,7,1821.02,2011-10-04 12:51:00,65,3,4,4,344,Loyal Customers
15340,1,105.5,2010-05-27 10:27:00,561,1,1,1,111,Others
15341,2,2402.7200000000003,2011-09-20 09:40:00,80,3,2,4,324,Others
15342,1,406.09,2011-08-02 10:19:00,129,3,1,2,312,Others
15343,1,364.5,2011-09-13 13:55:00,86,3,1,2,312,Others
15344,3,563.94,2011-12-09 10:45:00,0,5,3,2,532,Others
15345,1,393.54,2011-10-25 11:28:00,45,4,1,2,412,Potential Loyalists
15346,3,596.12,2011-01-11 11:18:00,332,2,3,2,232,Others
15347,4,1162.0,2010-12-08 15:25:00,365,2,3,3,233,Others
15348,1,158.04,2011-09-28 13:17:00,71,3,1,1,311,Others
15349,2,463.90999999999997,2011-07-04 16:06:00,157,3,2,2,322,Others
15350,2,547.6,2010-12-01 13:33:00,372,2,2,2,222,Others
15351,10,3430.22,2011-11-27 12:52:00,11,5,5,5,555,Champions
15352,1,111.15,2010-06-09 11:28:00,548,1,1,1,111,Others
15353,7,2794.4700000000003,2011-03-30 12:15:00,254,2,4,4,244,At Risk
15354,3,284.4,2010-04-15 16:24:00,602,1,3,1,131,Others
15355,2,277.05,2011-11-10 13:44:00,28,4,2,1,421,Potential Loyalists
15356,13,3239.57,2011-11-08 13:11:00,30,4,5,5,455,Champions
15358,42,16425.86,2011-12-05 09:04:00,4,5,5,5,555,Champions
15359,8,181.35,2010-02-15 10:47:00,662,1,4,1,141,Others
15360,1,427.93,2011-10-31 09:35:00,39,4,1,2,412,Potential Loyalists
15361,4,689.07,2010-12-13 09:52:00,361,2,3,3,233,Others
15362,2,613.08,2010-09-17 10:37:00,448,1,2,3,123,Others
15363,2,678.11,2010-12-02 12:28:00,372,2,2,3,223,Others
15364,2,913.19,2011-09-05 09:46:00,95,3,2,3,323,Others
15365,13,4557.13,2011-11-14 08:29:00,25,4,5,5,455,Champions
15366,7,2389.08,2011-09-25 15:01:00,74,3,4,4,344,Loyal Customers
15367,11,5081.33,2011-10-13 14:13:00,56,4,5,5,455,Champions
15368,2,722.74,2011-11-18 14:42:00,20,4,2,3,423,Potential Loyalists
15369,11,6251.26,2010-08-04 13:54:00,491,1,5,5,155,At Risk
15370,8,3739.01,2011-10-30 10:58:00,40,4,4,5,445,Champions
15371,1,59.400000000000006,2010-02-15 13:14:00,661,1,1,1,111,Others
15372,8,6017.06,2011-07-25 16:39:00,136,3,4,5,345,Loyal Customers
15373,17,3084.54,2011-12-01 15:05:00,7,5,5,5,555,Champions
15374,2,307.32,2011-08-03 09:59:00,128,3,2,2,322,Others
15375,1,60.959999999999994,2010-01-18 15:38:00,689,1,1,1,111,Others
15376,3,1221.56,2011-10-30 15:04:00,39,4,3,4,434,Loyal Customers
15377,4,1211.75,2010-11-22 08:55:00,382,2,3,3,233,Others
15378,2,246.5,2010-09-03 11:30:00,462,1,2,1,121,Others
15379,8,4877.84,2011-06-23 13:13:00,168,3,4,5,345,Loyal Customers
15380,11,3248.96,2011-12-01 12:13:00,8,5,5,5,555,Champions
15381,5,1890.5700000000002,2011-05-10 11:55:00,213,2,4,4,244,At Risk
15382,12,13733.550000000001,2011-11-25 10:58:00,14,5,5,5,555,Champions
15384,4,2027.79,2011-06-23 10:57:00,169,3,3,4,334,Loyal Customers
15385,3,942.08,2011-10-30 15:11:00,39,4,3,3,433,Loyal Customers
15386,1,394.14,2011-06-06 13:47:00,185,3,1,2,312,Others
15387,1,468.65,2010-08-04 16:05:00,491,1,1,2,112,Others
15388,1,140.54,2011-03-14 13:53:00,269,2,1,1,211,Others
15389,5,2733.8,2011-06-20 16:18:00,171,3,4,4,344,Loyal Customers
15390,2,1216.66,2010-11-08 15:19:00,395,2,2,3,223,Others
15391,1,289.87,2010-05-04 15:04:00,583,1,1,2,112,Others
15392,7,2911.62,2011-12-05 11:01:00,4,5,4,5,545,Champions
15393,5,891.34,2011-11-23 16:48:00,15,5,4,3,543,Loyal Customers
15394,11,5286.8,2011-11-30 11:49:00,9,5,5,5,555,Champions
15395,1,107.45,2011-01-18 12:40:00,325,2,1,1,211,Others
15396,2,796.38,2011-08-19 10:56:00,112,3,2,3,323,Others
15397,1,94.0,2011-02-23 09:25:00,289,2,1,1,211,Others
15398,2,1345.53,2011-11-23 16:47:00,15,5,2,4,524,Potential Loyalists
15399,3,815.77,2011-12-08 13:04:00,0,5,3,3,533,Loyal Customers
15400,8,1302.3,2011-09-08 13:57:00,91,3,4,4,344,Loyal Customers
15401,2,216.95000000000002,2010-09-13 13:42:00,451,1,2,1,121,Others
15402,6,1830.54,2011-07-14 12:17:00,148,3,4,4,344,Loyal Customers
15403,2,170.88,2010-08-05 12:21:00,491,1,2,1,121,Others
15404,1,257.06,2010-11-29 11:03:00,375,2,1,1,211,Others
15405,2,659.84,2011-06-03 14:44:00,188,3,2,3,323,Others
15406,4,975.87,2011-11-08 13:22:00,30,4,3,3,433,Loyal Customers
15407,4,1046.74,2011-11-06 11:55:00,33,4,3,3,433,Loyal Customers
15408,1,267.18,2011-03-20 15:02:00,263,2,1,1,211,Others
15409,1,131.25,2009-12-18 15:35:00,720,1,1,1,111,Others
15410,10,4685.72,2011-09-16 14:47:00,83,3,5,5,355,Loyal Customers
15411,4,1348.93,2011-11-13 15:19:00,25,4,3,4,434,Loyal Customers
15412,1,190.53,2011-06-21 15:24:00,170,3,1,1,311,Others
15413,5,6798.72,2010-01-17 11:33:00,691,1,4,5,145,At Risk
15414,3,774.9000000000001,2011-11-30 09:50:00,9,5,3,3,533,Loyal Customers
15415,1,559.61,2011-01-30 14:13:00,312,2,1,2,212,Others
15416,7,4572.82,2011-10-06 09:38:00,64,3,4,5,345,Loyal Customers
15417,1,508.8,2011-09-15 15:26:00,84,3,1,2,312,Others
15418,2,449.42,2010-10-10 13:38:00,424,1,2,2,122,Others
15419,1,135.86,2011-11-15 09:23:00,24,4,1,1,411,Potential Loyalists
15420,6,743.0,2010-10-01 15:46:00,433,1,4,3,143,Others
15421,10,3805.34,2011-10-12 09:20:00,58,4,5,5,455,Champions
15422,7,1619.97,2011-01-20 16:17:00,322,2,4,4,244,At Risk
15423,3,266.89,2011-11-01 14:01:00,37,4,3,1,431,Others
15424,3,597.78,2011-03-30 13:02:00,253,2,3,2,232,Others
15425,4,1941.1200000000001,2010-11-04 18:13:00,399,2,3,4,234,At Risk
15426,9,2156.35,2011-11-20 15:36:00,18,5,5,4,554,Champions
15427,3,1430.54,2011-11-06 14:29:00,32,4,3,4,434,Loyal Customers
15428,4,762.75,2011-11-24 16:54:00,14,5,3,3,533,Loyal Customers
15429,2,397.35,2011-11-13 12:28:00,26,4,2,2,422,Potential Loyalists
15430,2,954.75,2010-08-29 10:42:00,467,1,2,3,123,Others
15431,1,153.24,2010-07-25 12:44:00,502,1,1,1,111,Others
15432,2,320.76,2011-11-16 16:30:00,22,4,2,2,422,Potential Loyalists
15433,2,533.3,2011-05-10 10:45:00,213,2,2,2,222,Others
15434,11,2567.06,2011-12-01 13:33:00,7,5,5,4,554,Champions
15435,1,149.29,2011-11-17 16:39:00,21,4,1,1,411,Potential Loyalists
15436,3,1067.75,2011-11-27 16:05:00,11,5,3,3,533,Loyal Customers
15437,2,393.45,2011-03-22 13:11:00,261,2,2,2,222,Others
15438,1,156.57999999999998,2011-07-31 14:19:00,130,3,1,1,311,Others
15439,4,1269.05,2010-10-31 10:38:00,404,2,3,4,234,At Risk
15440,3,383.68,2011-10-16 12:16:00,54,4,3,2,432,Others
15441,3,1254.21,2010-11-08 15:50:00,395,2,3,4,234,At Risk
15442,1,594.0,2011-04-05 12:24:00,248,2,1,2,212,Others
15443,14,5114.23,2011-12-08 10:40:00,1,5,5,5,555,Champions
15444,2,1411.21,2011-11-30 17:37:00,8,5,2,4,524,Potential Loyalists
15445,2,284.5,2011-03-20 15:06:00,263,2,2,1,221,Others
15446,3,399.75,2010-11-28 11:59:00,376,2,3,2,232,Others
15447,5,492.88,2011-01-13 11:26:00,330,2,4,2,242,Others
15448,2,788.81,2011-01-31 10:42:00,312,2,2,3,223,Others
15449,3,974.52,2011-11-13 15:02:00,25,4,3,3,433,Loyal Customers
15450,1,429.84,2011-11-09 17:11:00,29,4,1,2,412,Potential Loyalists
15451,2,226.86,2010-10-01 13:40:00,433,1,2,1,121,Others
15452,6,1785.1100000000001,2011-11-10 12:13:00,29,4,4,4,444,Champions
15453,7,1371.77,2011-12-08 10:59:00,1,5,4,4,544,Champions
15454,2,305.99,2010-12-12 14:21:00,361,2,2,2,222,Others
15455,1,38.25,2010-04-21 12:43:00,597,1,1,1,111,Others
15456,10,2091.52,2011-03-01 13:51:00,282,2,5,4,254,At Risk
15457,1,237.07,2011-03-22 15:31:00,261,2,1,1,211,Others
15458,2,370.43999999999994,2011-11-14 13:08:00,24,4,2,2,422,Potential Loyalists
15459,2,202.82999999999998,2010-10-18 15:25:00,416,1,2,1,121,Others
15460,1,214.26,2010-12-20 16:08:00,353,2,1,1,211,Others
15461,2,429.7,2010-09-05 12:31:00,460,1,2,2,122,Others
15462,4,737.05,2011-09-06 13:11:00,93,3,3,3,333,Loyal Customers
15463,1,126.14,2011-11-10 12:57:00,28,4,1,1,411,Potential Loyalists
15464,1,1044.65,2011-01-05 15:56:00,337,2,1,3,213,Others
15465,32,12100.4,2011-11-20 10:11:00,19,4,5,5,455,Champions
15466,4,1560.46,2011-09-15 14:08:00,84,3,3,4,334,Loyal Customers
15467,3,524.88,2011-11-30 14:17:00,8,5,3,2,532,Others
15468,3,1430.48,2011-10-19 13:49:00,50,4,3,4,434,Loyal Customers
15469,3,874.25,2011-10-20 16:21:00,49,4,3,3,433,Loyal Customers
15470,1,63.419999999999995,2010-05-13 09:35:00,575,1,1,1,111,Others
15471,3,1292.01,2011-12-07 14:12:00,1,5,3,4,534,Loyal Customers
15472,1,371.56,2011-08-18 15:17:00,112,3,1,2,312,Others
15473,8,2046.0,2011-11-25 15:15:00,13,5,4,4,544,Champions
15474,1,150.35,2010-04-23 11:14:00,595,1,1,1,111,Others
15475,1,454.10999999999996,2011-09-23 15:20:00,76,3,1,2,312,Others
15476,4,2209.98,2010-11-24 15:17:00,379,2,3,4,234,At Risk
15477,1,368.4,2010-02-28 10:37:00,649,1,1,2,112,Others
15478,3,1983.48,2011-10-30 14:19:00,39,4,3,4,434,Loyal Customers
15479,1,147.4,2009-12-06 15:08:00,732,1,1,1,111,Others
15480,5,6279.0,2011-08-15 14:32:00,115,3,4,5,345,Loyal Customers
15481,1,1993.34,2010-11-03 14:52:00,400,2,1,4,214,At Risk
15482,19,14417.36,2011-11-24 10:46:00,15,5,5,5,555,Champions
15483,10,817.8199999999999,2011-07-01 13:07:00,160,3,5,3,353,Loyal Customers
15484,6,4652.1,2011-12-08 15:03:00,0,5,4,5,545,Champions
15485,7,4810.92,2011-11-09 14:31:00,29,4,4,5,445,Champions
15486,1,102.0,2010-06-30 13:15:00,526,1,1,1,111,Others
15487,1,231.32,2010-01-29 12:07:00,679,1,1,1,111,Others
15488,5,431.92,2011-09-08 10:11:00,92,3,4,2,342,Others
15489,8,2419.61,2011-11-17 08:53:00,22,4,4,4,444,Champions
15490,1,210.85,2010-10-05 13:11:00,429,1,1,1,111,Others
15491,6,3100.09,2011-09-05 15:56:00,94,3,4,5,345,Loyal Customers
15492,2,659.4599999999999,2011-11-11 14:53:00,27,4,2,3,423,Potential Loyalists
15493,9,4121.68,2011-11-07 12:04:00,32,4,5,5,455,Champions
15494,5,3702.6,2011-11-18 14:51:00,20,4,4,5,445,Champions
15495,1,246.5,2010-11-25 13:46:00,378,2,1,1,211,Others
15496,1,146.14000000000001,2010-03-18 13:16:00,630,1,1,1,111,Others
15497,9,8657.39,2011-11-22 11:51:00,17,5,5,5,555,Champions
15498,44,24972.86,2011-12-07 12:48:00,2,5,5,5,555,Champions
15499,1,158.65,2009-12-16 12:17:00,723,1,1,1,111,Others
15500,4,1131.56,2011-12-01 13:47:00,7,5,3,3,533,Loyal Customers
15501,2,399.95,2010-10-31 11:15:00,404,2,2,2,222,Others
15502,14,13003.869999999999,2011-11-24 12:48:00,15,5,5,5,555,Champions
15503,2,257.3,2010-12-12 10:57:00,362,2,2,1,221,Others
15504,4,402.7,2011-09-19 13:45:00,80,3,3,2,332,Others
15505,5,3610.96,2011-10-18 07:56:00,52,4,4,5,445,Champions
15506,6,2030.33,2011-11-17 12:11:00,22,4,4,4,444,Champions
15507,1,475.86,2011-06-21 11:19:00,171,3,1,2,312,Others
15508,6,1000.27,2011-06-03 15:43:00,188,3,4,3,343,Loyal Customers
15509,1,152.41,2010-11-24 14:48:00,379,2,1,1,211,Others
15510,1,250.0,2011-01-13 12:10:00,330,2,1,1,211,Others
15511,5,900.53,2011-11-28 09:43:00,11,5,4,3,543,Loyal Customers
15512,4,331.58,2011-07-07 10:20:00,155,3,3,2,332,Others
15513,35,26437.05,2011-11-06 14:36:00,32,4,5,5,455,Champions
15514,18,6392.06,2011-11-27 14:40:00,11,5,5,5,555,Champions
15515,1,171.81,2010-11-17 13:39:00,386,2,1,1,211,Others
15516,3,62.43,2011-10-26 10:51:00,44,4,3,1,431,Others
15517,1,267.03,2011-04-20 14:02:00,232,2,1,1,211,Others
15518,15,4189.99,2011-10-06 13:05:00,63,3,5,5,355,Loyal Customers
15519,2,344.61,2010-11-21 14:35:00,382,2,2,2,222,Others
15520,1,343.5,2011-12-08 10:58:00,1,5,1,2,512,Potential Loyalists
15521,16,7098.24,2011-10-30 13:42:00,39,4,5,5,455,Champions
15522,2,397.99,2011-11-07 11:26:00,32,4,2,2,422,Potential Loyalists
15523,16,17259.19,2011-09-16 16:29:00,83,3,5,5,355,Loyal Customers
15524,2,591.4,2011-11-15 12:09:00,24,4,2,2,422,Potential Loyalists
15525,4,890.22,2011-12-07 14:43:00,1,5,3,3,533,Loyal Customers
15526,2,148.44,2011-11-06 15:04:00,32,4,2,1,421,Potential Loyalists
15527,23,5554.89,2011-11-21 12:17:00,18,5,5,5,555,Champions
15528,1,229.33,2011-03-30 16:14:00,253,2,1,1,211,Others
15529,12,4783.66,2011-11-17 11:29:00,22,4,5,5,455,Champions
15530,5,1808.68,2011-11-18 12:25:00,21,4,4,4,444,Champions
15531,2,1972.39,2011-12-01 18:43:00,7,5,2,4,524,Potential Loyalists
15532,10,3738.85,2011-11-14 14:51:00,24,4,5,5,455,Champions
15533,3,807.57,2011-11-20 15:35:00,18,5,3,3,533,Loyal Customers
15534,1,162.25,2009-12-14 12:48:00,725,1,1,1,111,Others
15535,6,1044.3700000000001,2011-06-19 16:02:00,172,3,4,3,343,Loyal Customers
15536,1,259.09,2010-10-26 16:31:00,408,2,1,1,211,Others
15537,1,110.92,2011-06-29 13:10:00,162,3,1,1,311,Others
15538,6,3358.3999999999996,2010-06-20 10:49:00,537,1,4,5,145,At Risk
15539,1,538.46,2011-12-02 13:36:00,6,5,1,2,512,Potential Loyalists
15540,2,460.68,2011-11-28 13:51:00,10,5,2,2,522,Potential Loyalists
15541,1,85.13000000000001,2011-08-17 14:58:00,113,3,1,1,311,Others
15542,3,855.71,2010-07-15 13:32:00,511,1,3,3,133,Others
15543,2,242.26,2011-02-24 15:26:00,287,2,2,1,221,Others
15544,20,7807.89,2011-11-30 16:43:00,8,5,5,5,555,Champions
15545,2,288.96999999999997,2011-10-16 13:24:00,53,4,2,2,422,Potential Loyalists
15546,2,1079.1000000000001,2010-04-12 11:51:00,606,1,2,3,123,Others
15547,26,10057.05,2011-12-02 12:52:00,6,5,5,5,555,Champions
15548,1,158.09,2010-04-23 12:20:00,595,1,1,1,111,Others
15549,8,2334.16,2011-09-23 16:22:00,76,3,4,4,344,Loyal Customers
15550,12,2211.05,2011-12-05 15:38:00,3,5,5,4,554,Champions
15551,7,1679.81,2011-11-03 12:37:00,36,4,4,4,444,Champions
15552,2,252.52,2011-05-06 14:47:00,216,2,2,1,221,Others
15553,1,428.93,2011-10-10 14:02:00,59,3,1,2,312,Others
15554,1,217.2,2011-03-07 09:00:00,277,2,1,1,211,Others
15555,36,11243.91,2011-11-27 16:19:00,11,5,5,5,555,Champions
15556,1,279.77,2011-11-15 16:08:00,23,4,1,1,411,Potential Loyalists
15557,1,468.91,2011-11-11 12:46:00,28,4,1,2,412,Potential Loyalists
15558,1,202.68,2010-03-10 15:25:00,638,1,1,1,111,Others
15559,1,1109.4,2010-05-20 14:06:00,567,1,1,3,113,Others
15560,2,153.52,2010-11-07 10:15:00,397,2,2,1,221,Others
15561,8,1934.3899999999999,2011-11-28 11:07:00,11,5,4,4,544,Champions
15562,3,671.4300000000001,2010-12-23 09:55:00,351,2,3,3,233,Others
15563,7,2859.46,2011-11-17 14:50:00,21,4,4,4,444,Champions
15564,2,70.74000000000001,2010-09-02 15:52:00,462,1,2,1,121,Others
15565,2,173.16,2011-10-20 14:33:00,49,4,2,1,421,Potential Loyalists
15566,2,227.87,2010-11-12 12:11:00,392,2,2,1,221,Others
15567,1,186.01,2011-11-21 10:48:00,18,5,1,1,511,Potential Loyalists
15568,3,758.29,2011-12-07 11:27:00,2,5,3,3,533,Loyal Customers
15569,10,3583.45,2011-08-28 10:15:00,103,3,5,5,355,Loyal Customers
15570,25,8736.49,2011-12-02 14:47:00,6,5,5,5,555,Champions
15571,14,3892.35,2011-11-28 10:02:00,11,5,5,5,555,Champions
15572,10,3965.2,2011-12-05 10:09:00,4,5,5,5,555,Champions
15573,5,1188.42,2011-11-08 11:38:00,31,4,4,3,443,Loyal Customers
15574,6,1101.44,2011-06-15 12:01:00,177,3,4,3,343,Loyal Customers
15575,1,30.1,2010-03-30 12:50:00,619,1,1,1,111,Others
15576,1,921.37,2011-11-02 12:03:00,37,4,1,3,413,Potential Loyalists
15577,5,396.03000000000003,2011-07-11 17:03:00,150,3,4,2,342,Others
15578,1,127.1,2011-06-30 13:03:00,161,3,1,1,311,Others
15579,5,1250.63,2011-10-02 12:45:00,68,3,4,4,344,Loyal Customers
15580,8,1375.39,2010-11-28 11:00:00,376,2,4,4,244,At Risk
15581,38,7480.4,2011-08-11 09:38:00,120,3,5,5,355,Loyal Customers
15582,3,682.9100000000001,2011-11-15 09:55:00,24,4,3,3,433,Loyal Customers
15583,1,95.96,2010-11-28 15:04:00,375,2,1,1,211,Others
15584,6,1268.2,2011-11-16 10:55:00,23,4,4,4,444,Champions
15585,1,455.3,2011-06-16 08:38:00,176,3,1,2,312,Others
15586,3,1139.1,2010-04-26 11:00:00,592,1,3,3,133,Others
15587,7,1522.0800000000002,2011-10-20 13:37:00,49,4,4,4,444,Champions
15588,1,579.6,2010-01-31 12:19:00,677,1,1,2,112,Others
15589,3,478.53000000000003,2011-03-29 09:54:00,255,2,3,2,232,Others
15590,5,1496.6,2010-11-22 14:49:00,381,2,4,4,244,At Risk
15591,3,217.9,2010-05-06 09:23:00,582,1,3,1,131,Others
15592,1,388.58,2011-10-24 08:59:00,46,4,1,2,412,Potential Loyalists
15593,1,199.8,2011-09-30 11:46:00,70,3,1,1,311,Others
15594,5,1771.78,2011-11-24 08:53:00,15,5,4,4,544,Champions
15595,1,357.6,2010-08-09 12:27:00,487,1,1,2,112,Others
15596,9,2727.72,2011-08-31 10:55:00,100,3,5,4,354,Loyal Customers
15597,2,563.37,2011-11-04 13:26:00,34,4,2,2,422,Potential Loyalists
15598,2,548.02,2011-10-17 16:04:00,52,4,2,2,422,Potential Loyalists
15599,3,1250.06,2011-11-13 11:44:00,26,4,3,4,434,Loyal Customers
15600,4,1199.31,2010-10-07 14:30:00,427,1,3,3,133,Others
15601,30,14191.74,2011-11-28 15:15:00,10,5,5,5,555,Champions
15602,16,3137.96,2011-12-01 14:14:00,7,5,5,5,555,Champions
15603,2,88.48,2011-09-22 10:04:00,78,3,2,1,321,Others
15604,1,216.39,2011-10-18 14:47:00,51,4,1,1,411,Potential Loyalists
15605,9,1741.95,2011-11-03 14:17:00,35,4,5,4,454,Champions
15606,17,5230.99,2011-10-09 15:47:00,60,3,5,5,355,Loyal Customers
15607,9,1708.97,2011-01-07 12:44:00,336,2,5,4,254,At Risk
15608,5,1785.98,2011-11-11 13:20:00,27,4,4,4,444,Champions
15609,1,298.48,2011-06-08 13:00:00,183,3,1,2,312,Others
15610,1,112.46000000000001,2011-10-19 10:36:00,51,4,1,1,411,Potential Loyalists
15611,26,2997.28,2011-11-30 12:36:00,9,5,5,5,555,Champions
15612,2,195.15,2011-11-03 14:52:00,35,4,2,1,421,Potential Loyalists
15613,1,433.71999999999997,2010-04-08 12:51:00,609,1,1,2,112,Others
15614,4,3147.36,2010-09-28 10:46:00,437,1,3,5,135,At Risk
15615,47,21373.97,2011-11-29 14:42:00,9,5,5,5,555,Champions
15616,1,317.11,2010-09-27 13:10:00,437,1,1,2,112,Others
15617,3,828.5500000000001,2010-11-08 16:07:00,395,2,3,3,233,Others
15618,4,776.851,2011-11-07 08:34:00,32,4,3,3,433,Loyal Customers
15619,1,336.40000000000003,2011-11-29 08:14:00,10,5,1,2,512,Potential Loyalists
15620,4,1942.36,2011-10-14 12:41:00,56,4,3,4,434,Loyal Customers
15621,4,1293.03,2011-12-05 14:01:00,3,5,3,4,534,Loyal Customers
15622,17,7852.61,2011-10-27 16:44:00,42,4,5,5,455,Champions
15623,8,2437.05,2011-07-21 17:26:00,140,3,4,4,344,Loyal Customers
15624,4,588.13,2011-08-15 11:38:00,116,3,3,2,332,Others
15625,9,3236.4,2011-08-28 10:21:00,103,3,5,5,355,Loyal Customers
15626,3,1067.52,2011-09-26 10:03:00,74,3,3,3,333,Loyal Customers
15627,2,566.9,2010-09-08 14:14:00,456,1,2,2,122,Others
15628,17,5333.08,2011-12-05 10:24:00,4,5,5,5,555,Champions
15629,4,2240.9,2010-09-15 13:46:00,449,1,3,4,134,At Risk
15630,3,1481.4,2011-10-25 15:36:00,44,4,3,4,434,Loyal Customers
15631,1,596.67,2010-03-07 14:52:00,641,1,1,2,112,Others
15632,8,3285.31,2011-11-24 09:51:00,15,5,4,5,545,Champions
15633,13,4335.96,2010-07-18 13:54:00,508,1,5,5,155,At Risk
15634,2,554.65,2011-11-22 16:28:00,16,5,2,2,522,Potential Loyalists
15635,1,100.35,2010-11-09 08:58:00,395,2,1,1,211,Others
15636,4,1444.58,2011-09-11 11:17:00,89,3,3,4,334,Loyal Customers
15637,5,797.59,2011-10-18 08:28:00,52,4,4,3,443,Loyal Customers
15638,6,2265.2,2010-11-26 11:52:00,378,2,4,4,244,At Risk
15639,3,1065.08,2011-07-28 14:30:00,133,3,3,3,333,Loyal Customers
15640,29,23494.31,2011-12-05 14:35:00,3,5,5,5,555,Champions
15641,12,5345.55,2011-08-26 14:04:00,104,3,5,5,355,Loyal Customers
15642,1,105.78000000000002,2009-12-10 11:51:00,729,1,1,1,111,Others
15643,3,664.0,2011-06-01 07:38:00,191,2,3,3,233,Others
15644,4,803.54,2011-06-26 14:54:00,165,3,3,3,333,Loyal Customers
15645,3,1055.17,2011-11-21 11:55:00,18,5,3,3,533,Loyal Customers
15646,5,784.8100000000001,2011-07-05 09:53:00,157,3,4,3,343,Loyal Customers
15647,1,169.0,2010-10-20 15:09:00,414,1,1,1,111,Others
15648,2,639.5,2011-05-19 15:53:00,203,2,2,3,223,Others
15649,4,1660.35,2011-01-07 13:34:00,335,2,3,4,234,At Risk
15650,2,553.88,2010-07-06 10:41:00,521,1,2,2,122,Others
15651,5,1259.06,2011-11-03 08:41:00,36,4,4,4,444,Champions
15652,5,1405.94,2011-09-09 14:22:00,90,3,4,4,344,Loyal Customers
15653,2,877.4399999999999,2011-09-08 10:49:00,92,3,2,3,323,Others
15654,2,922.53,2011-11-30 13:08:00,8,5,2,3,523,Potential Loyalists
15655,1,560.67,2011-04-10 15:25:00,242,2,1,2,212,Others
15656,4,748.5,2011-10-25 14:56:00,44,4,3,3,433,Loyal Customers
15657,1,30.0,2011-11-17 12:19:00,22,4,1,1,411,Potential Loyalists
15658,8,2117.27,2011-06-02 15:22:00,189,2,4,4,244,At Risk
15659,3,532.49,2011-10-27 09:23:00,43,4,3,2,432,Others
15660,15,2603.69,2011-11-14 16:58:00,24,4,5,4,454,Champions
15661,8,1215.95,2011-01-26 13:56:00,316,2,4,3,243,Others
15662,2,283.73,2010-02-16 16:47:00,660,1,2,1,121,Others
15663,1,138.14,2011-08-25 15:50:00,105,3,1,1,311,Others
15664,4,1254.03,2011-10-20 10:57:00,50,4,3,4,434,Loyal Customers
15665,5,3987.07,2011-06-24 14:57:00,167,3,4,5,345,Loyal Customers
15666,2,632.9399999999999,2010-08-24 16:14:00,471,1,2,3,123,Others
15667,1,301.32,2011-10-31 10:56:00,39,4,1,2,412,Potential Loyalists
15668,1,76.32000000000001,2011-05-06 10:39:00,217,2,1,1,211,Others
15669,4,684.34,2011-10-30 16:03:00,39,4,3,3,433,Loyal Customers
15670,2,325.2,2011-02-16 10:50:00,296,2,2,2,222,Others
15671,7,2657.13,2011-11-21 12:43:00,18,5,4,4,544,Champions
15672,1,45.300000000000004,2009-12-14 16:52:00,724,1,1,1,111,Others
15673,9,6204.32,2011-09-12 16:12:00,87,3,5,5,355,Loyal Customers
15674,13,6948.2300000000005,2011-09-27 15:17:00,72,3,5,5,355,Loyal Customers
15675,4,542.04,2011-09-19 13:48:00,80,3,3,2,332,Others
15676,3,3435.76,2011-11-21 12:40:00,18,5,3,5,535,Loyal Customers
15677,3,1305.63,2011-10-21 15:36:00,48,4,3,4,434,Loyal Customers
15678,3,1825.94,2011-10-18 09:25:00,52,4,3,4,434,Loyal Customers
15679,4,781.28,2011-11-15 16:19:00,23,4,3,3,433,Loyal Customers
15680,10,4028.69,2011-11-30 13:46:00,8,5,5,5,555,Champions
15681,14,2989.7,2011-11-14 16:30:00,24,4,5,5,455,Champions
15682,2,318.24,2010-04-19 15:30:00,598,1,2,2,122,Others
15683,2,524.54,2011-08-14 12:56:00,116,3,2,2,322,Others
15684,3,173.95,2010-06-10 18:51:00,546,1,3,1,131,Others
15685,1,55.980000000000004,2010-09-15 13:43:00,449,1,1,1,111,Others
15686,1,90.0,2010-10-15 13:50:00,419,1,1,1,111,Others
15687,9,2993.1,2011-12-01 08:33:00,8,5,5,5,555,Champions
15688,1,190.57,2010-10-17 12:06:00,418,1,1,1,111,Others
15689,3,521.03,2011-08-12 09:37:00,119,3,3,2,332,Others
15690,2,239.76,2011-12-05 15:59:00,3,5,2,1,521,Potential Loyalists
15691,4,571.3,2011-04-01 15:13:00,251,2,3,2,232,Others
15692,1,191.04,2011-11-11 14:12:00,27,4,1,1,411,Potential Loyalists
15693,1,37.5,2010-02-18 14:37:00,658,1,1,1,111,Others
15694,24,9978.48,2011-12-09 09:44:00,0,5,5,5,555,Champions
15695,4,1131.04,2011-03-18 08:32:00,266,2,3,3,233,Others
15696,13,3881.2200000000003,2011-11-06 14:02:00,32,4,5,5,455,Champions
15697,1,246.75,2010-01-19 09:10:00,689,1,1,1,111,Others
15698,1,46.2,2010-03-25 17:38:00,623,1,1,1,111,Others
15699,1,309.65,2011-11-22 08:26:00,17,5,1,2,512,Potential Loyalists
15700,2,696.68,2011-06-20 16:53:00,171,3,2,3,323,Others
15701,4,1529.0,2011-12-07 14:39:00,1,5,3,4,534,Loyal Customers
15702,2,140.39000000000001,2010-08-20 14:50:00,475,1,2,1,121,Others
15703,1,211.5,2011-03-20 10:51:00,264,2,1,1,211,Others
15704,6,3734.6600000000003,2011-07-22 13:35:00,139,3,4,5,345,Loyal Customers
15705,1,143.1,2011-05-22 15:37:00,200,2,1,1,211,Others
15706,4,1060.56,2011-10-07 10:09:00,63,3,3,3,333,Loyal Customers
15707,4,916.98,2011-11-04 14:35:00,34,4,3,3,433,Loyal Customers
15708,9,3887.15,2011-10-30 10:54:00,40,4,5,5,455,Champions
15709,2,327.85,2011-03-01 10:38:00,283,2,2,2,222,Others
15710,1,898.87,2010-10-18 17:05:00,416,1,1,3,113,Others
15711,2,420.25,2010-06-01 12:14:00,556,1,2,2,122,Others
15712,12,3472.4100000000003,2011-11-30 14:09:00,8,5,5,5,555,Champions
15713,4,839.64,2011-07-19 13:34:00,142,3,3,3,333,Loyal Customers
15714,5,783.96,2011-11-28 11:26:00,11,5,4,3,543,Loyal Customers
15715,5,658.02,2010-06-02 09:56:00,555,1,4,3,143,Others
15716,11,2485.26,2011-07-17 11:59:00,145,3,5,4,354,Loyal Customers
15717,5,607.0,2011-04-19 13:21:00,233,2,4,2,242,Others
15718,1,293.79,2010-06-17 16:20:00,539,1,1,2,112,Others
15719,31,10195.97,2011-11-07 12:29:00,32,4,5,5,455,Champions
15720,2,739.22,2011-11-15 14:48:00,23,4,2,3,423,Potential Loyalists
15721,1,471.40000000000003,2011-11-28 12:14:00,11,5,1,2,512,Potential Loyalists
15722,11,5234.0,2011-11-04 11:43:00,35,4,5,5,455,Champions
15723,4,930.7,2010-12-10 11:12:00,364,2,3,3,233,Others
15724,3,310.85,2011-05-22 14:40:00,200,2,3,2,232,Others
15725,1,415.25,2011-11-24 14:51:00,14,5,1,2,512,Potential Loyalists
15726,1,321.91,2010-11-14 16:12:00,389,2,1,2,212,Others
15727,15,9371.71,2011-11-23 12:36:00,16,5,5,5,555,Champions
15728,2,544.6,2010-11-25 10:39:00,379,2,2,2,222,Others
15729,3,192.55,2011-05-11 12:36:00,212,2,3,1,231,Others
15730,5,1726.58,2011-10-05 12:31:00,65,3,4,4,344,Loyal Customers
15731,1,125.3,2010-06-04 10:10:00,553,1,1,1,111,Others
15732,10,1543.97,2011-05-11 14:24:00,211,2,5,4,254,At Risk
15733,1,162.3,2011-03-02 09:05:00,282,2,1,1,211,Others
15734,4,2263.3,2011-08-17 10:50:00,114,3,3,4,334,Loyal Customers
15735,1,327.68,2010-10-14 13:38:00,420,1,1,2,112,Others
15736,2,1767.12,2010-09-30 14:20:00,434,1,2,4,124,At Risk
15737,8,1188.1200000000001,2011-11-25 11:21:00,14,5,4,3,543,Loyal Customers
15738,41,13043.32,2011-11-21 08:26:00,18,5,5,5,555,Champions
15739,1,449.12,2011-10-04 13:42:00,65,3,1,2,312,Others
15740,1,154.88,2011-10-21 14:29:00,48,4,1,1,411,Potential Loyalists
15741,2,208.62,2010-09-07 16:21:00,457,1,2,1,121,Others
15742,1,156.87,2010-03-30 15:25:00,618,1,1,1,111,Others
15743,4,775.96,2011-11-23 17:19:00,15,5,3,3,533,Loyal Customers
15744,1,34.8,2011-09-23 09:52:00,77,3,1,1,311,Others
15745,4,1094.59,2011-11-20 13:45:00,18,5,3,3,533,Loyal Customers
15746,1,196.88,2011-07-28 15:21:00,133,3,1,1,311,Others
15747,9,2499.81,2011-11-27 12:26:00,12,5,5,4,554,Champions
15748,3,609.8100000000001,2011-10-30 12:51:00,39,4,3,3,433,Loyal Customers
15749,3,44534.3,2011-04-18 13:20:00,234,2,3,5,235,At Risk
15750,18,6452.991,2011-12-07 12:34:00,2,5,5,5,555,Champions
15751,11,1380.44,2010-09-05 12:44:00,460,1,5,4,154,At Risk
15752,9,3924.91,2011-10-31 11:37:00,39,4,5,5,455,Champions
15753,1,79.2,2011-02-08 12:41:00,304,2,1,1,211,Others
15754,9,3037.61,2011-10-19 14:40:00,50,4,5,5,455,Champions
15755,17,5993.12,2011-11-29 14:57:00,9,5,5,5,555,Champions
15756,4,528.01,2011-10-09 13:30:00,60,3,3,2,332,Others
15757,6,2940.36,2011-10-05 12:14:00,65,3,4,5,345,Loyal Customers
15758,1,205.25,2011-11-15 10:48:00,24,4,1,1,411,Potential Loyalists
15759,7,830.9300000000001,2011-05-05 15:13:00,217,2,4,3,243,Others
15760,2,13916.34,2010-03-19 11:45:00,630,1,2,5,125,At Risk
15761,1,143.05,2010-09-23 09:33:00,442,1,1,1,111,Others
15762,2,583.75,2011-10-05 16:15:00,64,3,2,2,322,Others
15763,2,1086.92,2011-11-08 09:44:00,31,4,2,3,423,Potential Loyalists
15764,8,4503.08,2011-09-12 17:58:00,87,3,4,5,345,Loyal Customers
15765,1,370.63,2010-02-11 10:25:00,666,1,1,2,112,Others
15766,3,831.06,2011-10-06 17:03:00,63,3,3,3,333,Loyal Customers
15768,34,15308.89,2011-08-16 10:48:00,115,3,5,5,355,Loyal Customers
15769,46,88612.52,2011-12-02 13:52:00,6,5,5,5,555,Champions
15770,1,321.45,2010-04-06 11:47:00,612,1,1,2,112,Others
15771,3,1006.54,2010-04-14 13:56:00,603,1,3,3,133,Others
15772,1,280.88,2010-10-17 13:33:00,417,1,1,1,111,Others
15773,2,774.52,2011-12-04 12:48:00,5,5,2,3,523,Potential Loyalists
15774,6,1288.34,2011-10-02 12:04:00,68,3,4,4,344,Loyal Customers
15775,2,150.5,2011-04-08 12:56:00,244,2,2,1,221,Others
15776,1,241.62,2011-07-29 13:46:00,132,3,1,1,311,Others
15777,7,1762.61,2011-04-12 16:43:00,240,2,4,4,244,At Risk
15778,1,307.95,2010-10-04 15:10:00,430,1,1,2,112,Others
15779,2,124.08000000000001,2010-09-02 16:40:00,462,1,2,1,121,Others
15780,3,475.28000000000003,2011-06-09 12:01:00,183,3,3,2,332,Others
15781,3,345.46,2011-11-14 14:57:00,24,4,3,2,432,Others
15782,4,4014.1,2011-11-30 10:49:00,9,5,3,5,535,Loyal Customers
15783,1,246.3,2011-11-29 09:50:00,10,5,1,1,511,Potential Loyalists
15784,2,848.3299999999999,2010-08-29 10:38:00,467,1,2,3,123,Others
15785,16,5969.93,2011-11-07 11:33:00,32,4,5,5,455,Champions
15786,5,8501.62,2011-10-24 14:13:00,45,4,4,5,445,Champions
15787,3,933.26,2011-11-13 14:55:00,25,4,3,3,433,Loyal Customers
15788,1,221.82999999999998,2010-07-19 12:48:00,508,1,1,1,111,Others
15789,6,1962.01,2010-12-16 14:35:00,357,2,4,4,244,At Risk
15790,1,218.75,2011-11-29 14:53:00,9,5,1,1,511,Potential Loyalists
15791,5,3608.34,2011-10-27 10:14:00,43,4,4,5,445,Champions
15792,2,933.84,2010-11-05 08:21:00,399,2,2,3,223,Others
15793,8,2399.57,2011-11-25 09:31:00,14,5,4,4,544,Champions
15794,2,777.0,2009-12-03 13:04:00,735,1,2,3,123,Others
15795,8,1979.8700000000001,2011-07-13 10:43:00,149,3,4,4,344,Loyal Customers
15796,17,5171.63,2011-12-08 19:55:00,0,5,5,5,555,Champions
15797,6,2821.08,2011-08-18 17:04:00,112,3,4,4,344,Loyal Customers
15798,3,1535.37,2010-08-04 09:13:00,492,1,3,4,134,At Risk
15799,4,1421.34,2011-09-25 12:46:00,75,3,3,4,334,Loyal Customers
15800,7,1227.07,2011-08-24 14:23:00,106,3,4,4,344,Loyal Customers
15801,3,1063.95,2011-10-24 13:52:00,45,4,3,3,433,Loyal Customers
15802,1,451.42,2011-07-20 11:38:00,142,3,1,2,312,Others
15803,4,1929.66,2011-10-19 14:56:00,50,4,3,4,434,Loyal Customers
15804,13,4206.39,2011-12-09 12:31:00,0,5,5,5,555,Champions
15805,30,10148.93,2011-11-16 16:32:00,22,4,5,5,455,Champions
15806,3,784.58,2011-10-24 14:35:00,45,4,3,3,433,Loyal Customers
15807,5,1817.52,2011-10-20 14:10:00,49,4,4,4,444,Champions
15808,21,17180.25,2011-02-06 14:33:00,305,2,5,5,255,At Risk
15809,7,1274.44,2011-11-03 16:40:00,35,4,4,4,444,Champions
15810,8,2999.04,2011-09-22 09:38:00,78,3,4,5,345,Loyal Customers
15811,7,3486.15,2011-11-17 15:31:00,21,4,4,5,445,Champions
15812,12,5201.47,2011-08-24 14:19:00,106,3,5,5,355,Loyal Customers
15813,2,1303.9099999999999,2011-05-16 08:13:00,207,2,2,4,224,At Risk
15814,6,2634.44,2011-11-23 08:17:00,16,5,4,4,544,Champions
15815,5,2100.6,2011-10-07 12:42:00,63,3,4,4,344,Loyal Customers
15816,2,144.14999999999998,2010-06-15 13:36:00,541,1,2,1,121,Others
15817,3,2766.4,2010-10-15 11:07:00,420,1,3,4,134,At Risk
15818,1,340.5,2010-04-30 12:58:00,587,1,1,2,112,Others
15819,10,3934.79,2011-10-21 14:50:00,48,4,5,5,455,Champions
15820,1,206.98,2011-01-24 12:00:00,319,2,1,1,211,Others
15821,2,570.96,2011-10-26 15:48:00,43,4,2,2,422,Potential Loyalists
15822,6,1840.06,2011-12-06 14:50:00,2,5,4,4,544,Champions
15823,3,3882.17,2010-12-02 15:08:00,371,2,3,5,235,At Risk
15824,2,890.94,2010-09-12 13:20:00,452,1,2,3,123,Others
15825,1,532.94,2011-06-20 13:27:00,171,3,1,2,312,Others
15826,4,2598.28,2011-10-14 16:05:00,55,4,3,4,434,Loyal Customers
15827,28,3603.14,2011-09-27 15:35:00,72,3,5,5,355,Loyal Customers
15828,1,1108.82,2010-11-29 16:41:00,374,2,1,3,213,Others
15829,2,636.14,2011-09-01 16:45:00,98,3,2,3,323,Others
15830,1,576.0,2011-11-02 10:40:00,37,4,1,2,412,Potential Loyalists
15831,3,794.64,2011-10-12 13:14:00,57,4,3,3,433,Loyal Customers
15832,1,836.79,2011-03-30 15:29:00,253,2,1,3,213,Others
15833,1,80.4,2009-12-02 11:59:00,737,1,1,1,111,Others
15834,7,3764.39,2011-09-30 14:41:00,69,3,4,5,345,Loyal Customers
15835,4,954.09,2011-10-26 15:47:00,43,4,3,3,433,Loyal Customers
15836,1,137.37,2011-10-20 17:13:00,49,4,1,1,411,Potential Loyalists
15837,2,777.01,2011-10-06 09:01:00,64,3,2,3,323,Others
15838,34,73205.5,2011-11-28 14:00:00,10,5,5,5,555,Champions
15839,3,1048.49,2011-11-06 13:54:00,32,4,3,3,433,Loyal Customers
15840,2,355.56,2011-10-12 09:08:00,58,4,2,2,422,Potential Loyalists
15841,9,2742.41,2011-09-28 12:15:00,72,3,5,4,354,Loyal Customers
15842,2,548.8,2010-11-11 14:08:00,392,2,2,2,222,Others
15843,1,118.95000000000002,2011-02-09 10:19:00,303,2,1,1,211,Others
15844,1,130.73999999999998,2011-10-24 15:19:00,45,4,1,1,411,Potential Loyalists
15845,11,4426.28,2011-11-22 09:42:00,17,5,5,5,555,Champions
15846,1,107.01,2010-11-19 14:40:00,384,2,1,1,211,Others
15847,5,822.57,2011-11-01 14:41:00,37,4,4,3,443,Loyal Customers
15848,1,137.99,2010-03-28 10:54:00,621,1,1,1,111,Others
15850,6,1006.75,2011-11-20 14:14:00,18,5,4,3,543,Loyal Customers
15851,1,109.73,2010-07-01 12:34:00,526,1,1,1,111,Others
15852,3,257.26,2011-06-06 11:22:00,186,3,3,1,331,Others
15853,1,110.8,2011-10-19 10:38:00,51,4,1,1,411,Potential Loyalists
15854,21,5578.28,2011-12-05 13:39:00,3,5,5,5,555,Champions
15855,6,1052.72,2011-07-26 10:20:00,136,3,4,3,343,Loyal Customers
15856,52,32275.95,2011-12-05 17:09:00,3,5,5,5,555,Champions
15857,2,570.48,2011-11-21 12:18:00,18,5,2,2,522,Potential Loyalists
15858,13,3552.41,2011-11-24 12:48:00,15,5,5,5,555,Champions
15859,1,438.46,2010-10-03 12:52:00,431,1,1,2,112,Others
15860,17,2361.3,2011-10-30 11:25:00,40,4,5,4,454,Champions
15861,12,4369.2,2011-11-27 15:59:00,11,5,5,5,555,Champions
15862,13,2512.29,2011-12-01 13:28:00,7,5,5,4,554,Champions
15863,5,355.1,2011-11-14 12:49:00,25,4,4,2,442,Others
15864,7,2180.76,2011-11-17 13:32:00,21,4,4,4,444,Champions
15865,5,2241.42,2011-10-30 12:43:00,40,4,4,4,444,Champions
15866,1,211.89,2011-08-30 14:09:00,100,3,1,1,311,Others
15867,31,8923.3,2011-12-04 13:32:00,4,5,5,5,555,Champions
15868,1,94.53,2010-05-05 14:11:00,582,1,1,1,111,Others
15869,3,321.11,2011-03-07 17:23:00,276,2,3,2,232,Others
15870,4,857.46,2011-11-07 10:58:00,32,4,3,3,433,Loyal Customers
15871,1,33.099999999999994,2010-09-28 14:16:00,436,1,1,1,111,Others
15872,4,729.25,2011-11-25 11:55:00,14,5,3,3,533,Loyal Customers
15873,4,313.91999999999996,2010-07-28 12:41:00,499,1,3,2,132,Others
15874,21,11284.76,2011-10-07 12:31:00,63,3,5,5,355,Loyal Customers
15875,1,108.52,2010-03-03 16:51:00,645,1,1,1,111,Others
15876,2,1449.1399999999999,2010-10-26 18:58:00,408,2,2,4,224,At Risk
15877,2,490.33,2011-12-08 11:53:00,1,5,2,2,522,Potential Loyalists
15878,2,330.77,2010-05-27 12:17:00,561,1,2,2,122,Others
15879,4,1137.8,2010-10-31 16:21:00,403,2,3,3,233,Others
15880,1,329.03000000000003,2010-12-05 13:00:00,368,2,1,2,212,Others
15881,5,501.39000000000004,2011-01-31 16:59:00,311,2,4,2,242,Others
15882,8,1124.66,2011-05-25 11:35:00,198,2,4,3,243,Others
15883,2,396.48,2011-12-07 17:05:00,1,5,2,2,522,Potential Loyalists
15884,2,244.60000000000002,2010-10-03 15:55:00,431,1,2,1,121,Others
15885,15,1951.82,2011-09-08 10:43:00,92,3,5,4,354,Loyal Customers
15886,4,1052.8700000000001,2011-10-10 14:25:00,59,3,3,3,333,Loyal Customers
15887,3,1027.15,2010-10-29 08:36:00,406,2,3,3,233,Others
15888,3,429.16,2011-09-20 12:30:00,80,3,3,2,332,Others
15889,8,1427.6,2011-07-06 11:10:00,156,3,4,4,344,Loyal Customers
15890,5,535.65,2010-11-10 12:46:00,394,2,4,2,242,Others
15891,1,511.68,2011-04-27 12:35:00,226,2,1,2,212,Others
15892,1,128.2,2010-02-08 16:23:00,668,1,1,1,111,Others
15893,1,305.28000000000003,2010-08-15 11:12:00,481,1,1,2,112,Others
15894,2,258.25,2011-03-31 13:50:00,252,2,2,1,221,Others
15895,1,179.17,2011-07-13 10:27:00,149,3,1,1,311,Others
15897,2,208.59,2011-05-29 13:50:00,193,2,2,1,221,Others
15898,25,4996.45,2011-12-08 15:23:00,0,5,5,5,555,Champions
15899,1,56.25,2010-12-06 10:36:00,368,2,1,1,211,Others
15900,4,886.5699999999999,2011-11-16 12:19:00,23,4,3,3,433,Loyal Customers
15901,7,687.72,2011-11-23 12:43:00,16,5,4,3,543,Loyal Customers
15902,1,145.01,2010-11-24 16:57:00,379,2,1,1,211,Others
15903,12,8939.84,2011-11-30 08:08:00,9,5,5,5,555,Champions
15904,1,164.68,2011-12-01 14:50:00,7,5,1,1,511,Potential Loyalists
15905,1,114.69,2010-06-14 16:00:00,542,1,1,1,111,Others
15906,10,2530.19,2011-11-20 12:24:00,19,4,5,4,454,Champions
15907,3,882.72,2011-12-06 12:21:00,3,5,3,3,533,Loyal Customers
15908,2,758.62,2010-08-06 11:56:00,490,1,2,3,123,Others
15909,1,191.94,2011-06-19 10:38:00,173,3,1,1,311,Others
15910,15,2661.17,2011-12-09 10:51:00,0,5,5,4,554,Champions
15911,8,1700.24,2010-03-26 12:06:00,623,1,4,4,144,At Risk
15912,9,1074.7,2011-06-14 14:29:00,177,3,5,3,353,Loyal Customers
15913,1,6.300000000000001,2010-06-23 16:31:00,533,1,1,1,111,Others
15914,2,205.99,2010-11-26 16:10:00,377,2,2,1,221,Others
15915,1,364.45,2010-11-03 11:13:00,401,2,1,2,212,Others
15916,13,3145.2400000000002,2011-11-23 13:46:00,15,5,5,5,555,Champions
15917,5,530.17,2011-04-06 10:40:00,247,2,4,2,242,Others
15918,3,582.88,2011-06-02 11:42:00,190,2,3,2,232,Others
15919,2,525.69,2011-11-20 11:28:00,19,4,2,2,422,Potential Loyalists
15920,9,569.14,2011-07-08 15:31:00,153,3,5,2,352,Others
15921,4,775.26,2011-06-20 11:03:00,172,3,3,3,333,Loyal Customers
15922,1,369.5,2010-12-01 13:51:00,372,2,1,2,212,Others
15923,1,127.08,2010-12-02 12:16:00,372,2,1,1,211,Others
15924,1,102.82,2009-12-08 15:00:00,730,1,1,1,111,Others
15925,1,207.15,2011-05-29 15:35:00,193,2,1,1,211,Others
15926,1,134.44,2010-06-15 15:23:00,541,1,1,1,111,Others
15927,1,106.54,2010-03-02 13:25:00,646,1,1,1,111,Others
15928,1,293.53,2010-02-21 15:16:00,655,1,1,2,112,Others
15929,1,594.0,2010-03-05 14:56:00,643,1,1,2,112,Others
15930,1,426.63,2011-10-03 14:52:00,66,3,1,2,312,Others
15931,1,239.9,2010-10-07 16:46:00,427,1,1,1,111,Others
15932,8,2495.87,2011-12-05 17:13:00,3,5,4,4,544,Champions
15933,3,1107.46,2011-11-18 13:14:00,20,4,3,3,433,Loyal Customers
15934,2,2190.66,2010-10-18 10:13:00,417,1,2,4,124,At Risk
15935,2,416.86,2011-04-14 13:27:00,238,2,2,2,222,Others
15936,2,282.79,2010-11-25 16:39:00,378,2,2,1,221,Others
15937,1,145.35,2011-10-06 15:48:00,63,3,1,1,311,Others
15938,9,734.81,2011-08-19 12:56:00,111,3,5,3,353,Loyal Customers
15939,16,9060.39,2011-09-11 11:30:00,89,3,5,5,355,Loyal Customers
15940,1,35.8,2011-02-01 16:18:00,310,2,1,1,211,Others
15941,1,405.0,2010-03-12 14:45:00,636,1,1,2,112,Others
15942,1,337.44,2011-07-29 09:01:00,133,3,1,2,312,Others
15943,2,271.28999999999996,2010-02-28 12:49:00,649,1,2,1,121,Others
15944,4,2164.24,2011-03-08 10:33:00,276,2,3,4,234,At Risk
15945,4,646.27,2010-12-09 13:14:00,364,2,4,3,243,Others
15946,3,2304.18,2010-07-25 12:18:00,502,1,3,4,134,At Risk
15947,1,1708.24,2011-09-18 10:46:00,82,3,1,4,314,Others
15948,3,1509.0900000000001,2011-12-01 15:32:00,7,5,3,4,534,Loyal Customers
15949,2,364.72,2011-11-23 09:09:00,16,5,2,2,522,Potential Loyalists
15950,10,7120.91,2011-11-08 11:09:00,31,4,5,5,455,Champions
15951,3,1013.17,2011-12-01 08:34:00,8,5,3,3,533,Loyal Customers
15952,4,781.91,2011-11-06 11:18:00,33,4,4,3,443,Loyal Customers
15953,18,3440.3399999999997,2011-11-24 15:32:00,14,5,5,5,555,Champions
15954,1,190.75,2010-04-29 13:35:00,588,1,1,1,111,Others
15955,22,8085.9800000000005,2011-11-15 14:15:00,23,4,5,5,455,Champions
15956,2,617.6,2010-06-06 13:06:00,550,1,2,3,123,Others
15957,3,921.25,2011-11-08 12:14:00,31,4,3,3,433,Loyal Customers
15958,4,462.12,2011-09-26 13:41:00,73,3,4,2,342,Others
15959,3,542.89,2010-01-26 16:38:00,681,1,3,2,132,Others
15960,4,410.95,2010-11-30 15:57:00,373,2,4,2,242,Others
15961,1,451.28999999999996,2010-11-25 15:59:00,378,2,1,2,212,Others
15962,1,289.48,2010-09-16 13:48:00,448,1,1,2,112,Others
15963,2,470.76,2011-11-20 11:33:00,19,4,2,2,422,Potential Loyalists
15964,1,269.21000000000004,2010-02-14 15:30:00,662,1,1,1,111,Others
15965,13,2771.94,2011-11-22 16:44:00,16,5,5,4,554,Champions
15966,1,426.53000000000003,2010-09-15 10:44:00,450,1,1,2,112,Others
15967,12,2966.0,2011-11-16 15:41:00,22,4,5,5,455,Champions
15968,1,404.55,2010-11-16 13:04:00,387,2,1,2,212,Others
15969,5,1127.05,2011-12-07 11:06:00,2,5,4,3,543,Loyal Customers
15970,2,1017.32,2011-02-09 12:08:00,303,2,2,3,223,Others
15971,18,5902.83,2011-11-22 12:50:00,17,5,5,5,555,Champions
15972,5,1769.33,2010-09-09 13:20:00,455,1,4,4,144,At Risk
15973,3,680.62,2010-12-08 11:42:00,366,2,3,3,233,Others
15974,7,3442.15,2011-10-31 13:13:00,38,4,4,5,445,Champions
15975,1,371.01,2011-09-16 13:33:00,83,3,1,2,312,Others
15976,6,1694.41,2011-06-27 13:00:00,164,3,4,4,344,Loyal Customers
15977,2,1054.73,2011-11-22 13:29:00,16,5,2,3,523,Potential Loyalists
15978,3,3279.42,2011-09-23 15:21:00,76,3,3,5,335,Loyal Customers
15979,1,329.22,2010-04-16 11:35:00,602,1,1,2,112,Others
15980,7,6543.68,2011-09-12 09:41:00,88,3,4,5,345,Loyal Customers
15981,21,9362.77,2011-11-15 08:00:00,24,4,5,5,455,Champions
15982,1,324.51,2010-04-13 15:47:00,604,1,1,2,112,Others
15983,8,3110.37,2011-11-17 17:34:00,21,4,4,5,445,Champions
15984,30,8393.02,2011-12-07 12:16:00,2,5,5,5,555,Champions
15985,7,2715.28,2011-08-08 16:31:00,122,3,4,4,344,Loyal Customers
15986,2,354.42,2011-11-09 15:17:00,29,4,2,2,422,Potential Loyalists
15987,8,1535.99,2011-11-27 15:38:00,11,5,4,4,544,Champions
15988,3,738.89,2011-11-20 13:23:00,18,5,3,3,533,Loyal Customers
15989,2,368.31,2010-11-29 12:03:00,375,2,2,2,222,Others
15990,7,1997.75,2011-10-26 15:58:00,43,4,4,4,444,Champions
15991,1,150.55,2010-06-23 15:50:00,533,1,1,1,111,Others
15992,3,896.6,2011-12-06 11:00:00,3,5,3,3,533,Loyal Customers
15993,7,2777.67,2011-12-01 10:45:00,8,5,4,4,544,Champions
15994,3,1175.68,2011-10-16 12:28:00,54,4,3,3,433,Loyal Customers
15995,1,694.54,2010-10-21 13:57:00,413,1,1,3,113,Others
15996,7,1386.4,2011-09-12 15:14:00,87,3,4,4,344,Loyal Customers
15998,16,8274.14,2011-11-03 12:45:00,36,4,5,5,455,Champions
15999,1,20.4,2009-12-04 12:31:00,735,1,1,1,111,Others
16000,3,12393.7,2011-12-07 12:17:00,2,5,3,5,535,Loyal Customers
16001,1,583.39,2010-11-23 17:10:00,380,2,1,2,212,Others
16002,1,169.21,2010-03-24 13:08:00,624,1,1,1,111,Others
16003,10,5613.83,2011-11-10 09:57:00,29,4,5,5,455,Champions
16004,5,2146.39,2010-08-22 11:48:00,474,1,4,4,144,At Risk
16005,10,2365.4900000000002,2011-11-27 13:47:00,11,5,5,4,554,Champions
16006,2,332.82,2011-05-12 13:12:00,210,2,2,2,222,Others
16007,7,3053.06,2011-10-23 11:05:00,47,4,4,5,445,Champions
16008,15,5339.13,2011-11-16 10:32:00,23,4,5,5,455,Champions
16009,4,972.11,2011-11-17 16:51:00,21,4,4,3,443,Loyal Customers
16010,11,1694.86,2011-04-08 10:14:00,245,2,5,4,254,At Risk
16011,29,5601.01,2011-12-01 16:31:00,7,5,5,5,555,Champions
16012,5,2978.59,2011-11-04 13:25:00,34,4,4,5,445,Champions
16013,84,56078.44,2011-12-06 10:36:00,3,5,5,5,555,Champions
16014,5,1100.28,2011-11-02 12:04:00,37,4,4,3,443,Loyal Customers
16015,3,704.55,2011-12-06 10:58:00,3,5,3,3,533,Loyal Customers
16016,11,2083.4,2011-12-06 14:35:00,2,5,5,4,554,Champions
16017,5,1545.58,2011-10-23 12:56:00,46,4,4,4,444,Champions
16018,4,698.13,2011-10-31 14:13:00,38,4,4,3,443,Loyal Customers
16019,27,17329.16,2011-10-24 11:51:00,46,4,5,5,455,Champions
16020,3,851.01,2011-11-23 11:18:00,16,5,3,3,533,Loyal Customers
16021,2,487.03,2010-11-09 14:48:00,394,2,2,2,222,Others
16022,1,602.63,2011-03-24 13:16:00,259,2,1,2,212,Others
16023,3,719.81,2011-10-24 16:34:00,45,4,3,3,433,Loyal Customers
16024,3,483.99,2011-11-27 13:26:00,11,5,3,2,532,Others
16025,1,439.65999999999997,2011-11-10 11:45:00,29,4,1,2,412,Potential Loyalists
16026,1,236.09,2011-10-27 13:53:00,42,4,1,1,411,Potential Loyalists
16027,15,2048.36,2011-09-09 10:47:00,91,3,5,4,354,Loyal Customers
16028,1,82.2,2010-04-23 11:45:00,595,1,1,1,111,Others
16029,107,117763.62,2011-11-01 10:27:00,38,4,5,5,455,Champions
16030,1,331.24,2011-02-03 11:28:00,309,2,1,2,212,Others
16031,2,547.9,2011-09-08 13:07:00,91,3,2,2,322,Others
16032,6,1965.72,2010-09-09 18:00:00,455,1,4,4,144,At Risk
16033,27,10608.81,2011-12-04 12:44:00,5,5,5,5,555,Champions
16034,6,911.3199999999999,2011-05-27 16:17:00,195,2,4,3,243,Others
16035,1,217.73,2010-05-28 15:09:00,559,1,1,1,111,Others
16036,4,2556.84,2011-09-13 14:53:00,86,3,4,4,344,Loyal Customers
16037,5,1509.34,2011-03-15 09:13:00,269,2,4,4,244,At Risk
16038,3,471.78000000000003,2011-12-02 12:40:00,7,5,3,2,532,Others
16039,2,456.4,2010-10-12 10:44:00,423,1,2,2,122,Others
16040,7,2416.9,2011-10-05 13:47:00,64,3,4,4,344,Loyal Customers
16041,3,3166.4,2011-11-09 12:25:00,30,4,3,5,435,Loyal Customers
16042,8,2245.32,2011-11-17 17:50:00,21,4,4,4,444,Champions
16043,8,1856.5900000000001,2011-11-02 12:50:00,37,4,4,4,444,Champions
16044,1,340.84000000000003,2010-09-30 18:12:00,434,1,1,2,112,Others
16045,8,3434.9300000000003,2011-08-12 12:41:00,119,3,4,5,345,Loyal Customers
16046,1,235.78,2010-05-26 13:18:00,561,1,1,1,111,Others
16047,1,107.14,2010-01-26 16:34:00,681,1,1,1,111,Others
16048,4,818.7900000000001,2010-12-01 15:28:00,372,2,4,3,243,Others
16049,6,1852.15,2011-10-30 13:19:00,39,4,4,4,444,Champions
16050,3,300.7,2011-06-19 11:44:00,173,3,3,2,332,Others
16051,1,188.44,2010-01-27 09:38:00,681,1,1,1,111,Others
16052,1,362.06,2011-10-16 15:13:00,53,4,1,2,412,Potential Loyalists
16053,6,3634.84,2011-11-07 11:21:00,32,4,4,5,445,Champions
16054,4,2111.88,2011-07-17 13:08:00,144,3,4,4,344,Loyal Customers
16055,1,134.8,2011-05-03 09:26:00,220,2,1,1,211,Others
16056,1,650.75,2011-10-25 15:19:00,44,4,1,3,413,Potential Loyalists
16057,10,3854.85,2011-11-23 15:23:00,15,5,5,5,555,Champions
16058,1,62.7,2010-10-29 16:48:00,405,2,1,1,211,Others
16059,12,3053.57,2011-10-05 09:56:00,65,3,5,5,355,Loyal Customers
16060,3,541.95,2010-11-04 12:10:00,400,2,3,2,232,Others
16061,1,89.65,2010-10-04 15:29:00,430,1,1,1,111,Others
16062,8,2863.45,2011-11-30 12:15:00,9,5,5,4,554,Champions
16063,1,335.32,2011-03-24 14:56:00,259,2,1,2,212,Others
16064,1,109.31,2009-12-14 16:11:00,724,1,1,1,111,Others
16065,8,1992.13,2010-12-09 13:03:00,364,2,5,4,254,At Risk
16066,5,1521.04,2011-11-23 11:54:00,16,5,4,4,544,Champions
16067,3,3269.11,2010-05-26 12:33:00,562,1,3,5,135,At Risk
16068,1,115.73,2010-04-25 11:52:00,593,1,1,1,111,Others
16069,1,457.7,2010-10-18 10:32:00,417,1,1,2,112,Others
16070,2,852.15,2011-11-17 15:50:00,21,4,2,3,423,Potential Loyalists
16071,4,1076.8,2011-10-26 11:14:00,44,4,4,3,443,Loyal Customers
16072,4,4180.09,2011-02-24 14:32:00,287,2,4,5,245,At Risk
16073,1,122.39999999999999,2011-02-15 15:41:00,296,2,1,1,211,Others
16074,1,252.5,2010-11-14 13:19:00,389,2,1,1,211,Others
16075,2,736.9300000000001,2010-07-25 11:31:00,502,1,2,3,123,Others
16076,10,2234.73,2011-12-06 14:59:00,2,5,5,4,554,Champions
16077,1,2300.4,2010-03-24 10:42:00,625,1,1,4,114,At Risk
16078,2,362.99,2011-03-01 09:47:00,283,2,2,2,222,Others
16079,3,1352.0,2011-11-23 12:48:00,16,5,3,4,534,Loyal Customers
16080,4,602.5600000000001,2011-09-19 10:42:00,81,3,4,2,342,Others
16081,8,4278.96,2011-10-14 13:06:00,55,4,5,5,455,Champions
16082,1,106.75,2010-02-07 15:16:00,669,1,1,1,111,Others
16083,4,2351.42,2011-08-31 10:47:00,100,3,4,4,344,Loyal Customers
16084,1,436.18,2011-02-13 16:05:00,298,2,1,2,212,Others
16085,12,2341.03,2011-11-16 13:24:00,22,4,5,4,454,Champions
16086,10,2687.73,2011-10-11 13:09:00,58,4,5,4,454,Champions
16087,5,1739.92,2010-11-15 16:44:00,388,2,4,4,244,At Risk
16088,2,1437.43,2010-05-13 10:16:00,575,1,2,4,124,At Risk
16089,2,263.49,2010-11-18 13:51:00,385,2,2,1,221,Others
16090,1,180.56,2010-03-25 13:05:00,623,1,1,1,111,Others
16091,2,315.06,2011-07-08 08:45:00,154,3,2,2,322,Others
16092,6,1587.94,2011-08-17 10:46:00,114,3,4,4,344,Loyal Customers
16093,1,17.0,2011-08-25 11:09:00,106,3,1,1,311,Others
16094,11,3695.56,2011-11-28 12:45:00,11,5,5,5,555,Champions
16095,1,447.05,2010-09-09 16:54:00,455,1,1,2,112,Others
16096,4,1584.97,2011-03-20 13:38:00,263,2,4,4,244,At Risk
16097,1,185.04999999999998,2011-04-13 13:47:00,239,2,1,1,211,Others
16098,14,4010.7,2011-09-13 09:59:00,87,3,5,5,355,Loyal Customers
16099,7,1573.2,2011-10-20 13:13:00,49,4,4,4,444,Champions
16100,1,582.64,2010-09-03 11:39:00,462,1,1,2,112,Others
16101,4,3229.16,2011-09-30 10:18:00,70,3,4,5,345,Loyal Customers
16102,3,1842.14,2011-10-28 13:19:00,41,4,3,4,434,Loyal Customers
16103,22,6191.71,2011-12-02 14:16:00,6,5,5,5,555,Champions
16104,9,2774.46,2011-10-09 10:23:00,61,3,5,4,354,Loyal Customers
16105,5,2386.19,2011-04-05 10:13:00,248,2,4,4,244,At Risk
16106,1,108.38,2011-10-05 10:37:00,65,3,1,1,311,Others
16107,7,3204.1600000000003,2011-11-22 09:40:00,17,5,4,5,545,Champions
16108,4,2235.92,2011-09-16 11:48:00,84,3,4,4,344,Loyal Customers
16109,3,939.48,2011-05-05 09:17:00,218,2,3,3,233,Others
16110,4,1781.59,2011-10-25 14:35:00,44,4,4,4,444,Champions
16111,1,549.33,2010-10-07 19:51:00,427,1,1,2,112,Others
16112,4,195.73999999999998,2011-07-19 14:28:00,142,3,4,1,341,Others
16113,1,161.38,2011-06-09 16:16:00,182,3,1,1,311,Others
16114,1,135.75000000000003,2011-06-22 10:13:00,170,3,1,1,311,Others
16115,12,2553.8,2011-11-30 11:32:00,9,5,5,4,554,Champions
16116,1,612.78,2011-05-12 12:01:00,211,2,1,3,213,Others
16117,3,654.4,2011-06-03 11:42:00,189,2,3,3,233,Others
16118,1,4376.25,2010-02-25 09:40:00,652,1,1,5,115,At Risk
16119,8,1720.81,2011-12-01 15:11:00,7,5,5,4,554,Champions
16120,6,2967.51,2011-10-11 14:22:00,58,4,4,5,445,Champions
16121,5,1450.04,2011-10-13 12:59:00,56,4,4,4,444,Champions
16122,6,895.62,2011-09-27 15:34:00,72,3,4,3,343,Loyal Customers
16123,1,307.78,2011-10-19 09:18:00,51,4,1,2,412,Potential Loyalists
16124,4,1772.49,2011-01-26 14:45:00,316,2,4,4,244,At Risk
16125,14,4292.35,2010-12-07 15:48:00,366,2,5,5,255,At Risk
16126,15,14644.6,2011-11-10 16:03:00,28,4,5,5,455,Champions
16127,2,801.31,2011-10-31 13:58:00,38,4,2,3,423,Potential Loyalists
16128,11,3801.05,2011-11-22 11:14:00,17,5,5,5,555,Champions
16129,3,1396.05,2010-10-28 14:29:00,406,2,3,4,234,At Risk
16130,4,987.48,2010-10-13 15:14:00,421,1,4,3,143,Others
16131,12,9957.42,2011-10-19 11:53:00,51,4,5,5,455,Champions
16132,2,664.1999999999999,2010-06-13 13:49:00,543,1,2,3,123,Others
16133,56,22992.260000000002,2011-12-06 11:24:00,3,5,5,5,555,Champions
16134,5,2145.34,2011-11-18 10:05:00,21,4,4,4,444,Champions
16135,2,819.45,2011-03-22 12:30:00,262,2,2,3,223,Others
16136,4,946.8,2011-10-11 09:10:00,59,3,4,3,343,Loyal Customers
16137,1,422.7,2010-01-28 15:04:00,679,1,1,2,112,Others
16138,3,910.35,2010-11-26 12:13:00,378,2,3,3,233,Others
16139,5,1111.15,2011-11-21 08:37:00,18,5,4,3,543,Loyal Customers
16140,3,1433.46,2011-10-05 12:15:00,65,3,3,4,334,Loyal Customers
16141,2,955.94,2011-09-12 13:11:00,87,3,2,3,323,Others
16142,1,535.34,2011-04-04 10:16:00,249,2,1,2,212,Others
16143,12,4555.08,2011-12-06 14:13:00,2,5,5,5,555,Champions
16144,1,175.2,2011-04-07 10:09:00,246,2,1,1,211,Others
16145,19,6805.4400000000005,2011-12-01 10:33:00,8,5,5,5,555,Champions
16146,4,946.38,2011-07-05 14:20:00,156,3,4,3,343,Loyal Customers
16147,5,2398.91,2011-07-29 09:57:00,133,3,4,4,344,Loyal Customers
16148,2,386.62,2011-02-16 14:01:00,295,2,2,2,222,Others
16149,3,422.22,2011-12-05 11:29:00,4,5,3,2,532,Others
16150,10,4002.17,2011-10-28 12:39:00,42,4,5,5,455,Champions
16152,1,1829.04,2011-03-16 09:47:00,268,2,1,4,214,At Risk
16153,11,5133.49,2011-10-21 10:50:00,49,4,5,5,455,Champions
16155,5,796.9,2010-11-23 12:03:00,381,2,4,3,243,Others
16156,20,6188.18,2011-12-01 12:42:00,8,5,5,5,555,Champions
16157,3,656.69,2011-11-24 11:41:00,15,5,3,3,533,Loyal Customers
16158,9,628.32,2010-07-05 13:55:00,521,1,5,3,153,Others
16159,4,1232.79,2011-03-03 12:27:00,281,2,4,4,244,At Risk
16160,2,1025.44,2011-10-05 14:19:00,64,3,2,3,323,Others
16161,43,12580.06,2011-12-08 12:10:00,1,5,5,5,555,Champions
16162,1,37.4,2011-04-01 15:03:00,251,2,1,1,211,Others
16163,6,2407.98,2011-04-21 15:15:00,231,2,4,4,244,At Risk
16164,3,822.48,2011-11-22 15:04:00,16,5,3,3,533,Loyal Customers
16165,1,79.9,2010-07-22 14:17:00,504,1,1,1,111,Others
16166,2,435.83,2010-10-07 15:44:00,427,1,2,2,122,Others
16167,5,1386.1200000000001,2010-10-21 15:33:00,413,1,4,4,144,At Risk
16168,66,10360.67,2011-11-29 12:45:00,10,5,5,5,555,Champions
16169,4,1822.97,2011-12-01 15:28:00,7,5,4,4,544,Champions
16170,20,6869.0,2011-10-20 08:21:00,50,4,5,5,455,Champions
16171,1,73.2,2011-10-11 14:51:00,58,4,1,1,411,Potential Loyalists
16172,8,1884.55,2011-09-05 13:22:00,94,3,5,4,354,Loyal Customers
16173,6,1418.32,2011-11-24 10:53:00,15,5,4,4,544,Champions
16174,7,2246.75,2011-08-05 13:26:00,125,3,4,4,344,Loyal Customers
16175,7,1836.44,2011-09-06 14:32:00,93,3,4,4,344,Loyal Customers
16176,4,2052.69,2010-10-14 13:54:00,420,1,4,4,144,At Risk
16177,8,2247.31,2011-10-20 12:57:00,49,4,5,4,454,Champions
16178,2,612.6,2011-07-24 16:05:00,137,3,2,3,323,Others
16179,1,215.83,2011-10-10 09:41:00,60,3,1,1,311,Others
16180,13,16249.87,2011-08-31 16:28:00,99,3,5,5,355,Loyal Customers
16181,1,305.54,2011-09-27 13:38:00,72,3,1,2,312,Others
16182,9,9971.65,2011-09-28 13:23:00,71,3,5,5,355,Loyal Customers
16183,4,1077.81,2011-10-03 14:59:00,66,3,4,3,343,Loyal Customers
16184,6,1158.79,2011-10-06 17:43:00,63,3,4,3,343,Loyal Customers
16185,3,644.72,2011-11-23 09:41:00,16,5,3,3,533,Loyal Customers
16186,26,8718.43,2011-11-17 12:43:00,22,4,5,5,455,Champions
16187,15,6911.4400000000005,2011-11-08 09:50:00,31,4,5,5,455,Champions
16188,5,1087.66,2011-10-26 12:19:00,44,4,4,3,443,Loyal Customers
16189,2,215.48,2011-11-24 11:47:00,15,5,2,1,521,Potential Loyalists
16190,8,2723.55,2011-10-30 15:59:00,39,4,5,4,454,Champions
16191,24,15677.82,2011-12-07 11:26:00,2,5,5,5,555,Champions
16192,1,351.3,2009-12-04 12:28:00,735,1,1,2,112,Others
16193,2,630.43,2011-04-17 11:45:00,236,2,2,3,223,Others
16194,1,308.59999999999997,2010-11-29 13:28:00,374,2,1,2,212,Others
16195,1,323.25,2009-12-16 14:09:00,722,1,1,2,112,Others
16196,1,93.3,2010-08-08 11:40:00,488,1,1,1,111,Others
16197,9,2016.71,2010-08-27 12:56:00,468,1,5,4,154,At Risk
16198,2,1030.0410000000002,2011-09-25 14:58:00,74,3,2,3,323,Others
16199,7,942.75,2010-11-12 12:55:00,391,2,4,3,243,Others
16200,12,5608.1,2011-12-05 14:40:00,3,5,5,5,555,Champions
16201,5,2112.12,2011-12-06 16:02:00,2,5,4,4,544,Champions
16202,9,2501.9900000000002,2010-12-14 10:43:00,360,2,5,4,254,At Risk
16203,6,943.84,2011-10-12 12:31:00,58,4,4,3,443,Loyal Customers
16204,3,918.71,2011-11-16 13:40:00,22,4,3,3,433,Loyal Customers
16205,7,1820.1100000000001,2011-11-09 09:32:00,30,4,4,4,444,Champions
16206,13,2589.87,2011-10-16 10:41:00,54,4,5,4,454,Champions
16207,1,394.38,2011-11-14 13:51:00,24,4,1,2,412,Potential Loyalists
16208,10,3440.45,2011-10-26 11:36:00,44,4,5,5,455,Champions
16209,9,4146.78,2011-09-12 11:58:00,88,3,5,5,355,Loyal Customers
16210,35,33750.97,2011-12-08 12:36:00,1,5,5,5,555,Champions
16211,3,1090.59,2011-09-12 12:11:00,88,3,3,3,333,Loyal Customers
16212,4,1293.71,2011-11-20 13:00:00,18,5,4,4,544,Champions
16213,1,159.0,2011-09-22 10:03:00,78,3,1,1,311,Others
16214,4,2038.25,2011-06-22 11:30:00,170,3,4,4,344,Loyal Customers
16215,1,242.35,2011-09-20 10:18:00,80,3,1,1,311,Others
16216,1,914.9300000000001,2011-03-17 15:34:00,266,2,1,3,213,Others
16217,2,304.25,2011-04-18 13:31:00,234,2,2,2,222,Others
16218,13,3968.67,2011-11-10 09:59:00,29,4,5,5,455,Champions
16219,1,40.8,2010-07-27 11:44:00,500,1,1,1,111,Others
16221,9,2019.92,2011-11-03 11:43:00,36,4,5,4,454,Champions
16222,2,1272.05,2011-01-25 13:38:00,317,2,2,4,224,At Risk
16223,2,1087.05,2010-11-30 11:50:00,374,2,2,3,223,Others
16224,5,1616.54,2011-10-13 17:51:00,56,4,4,4,444,Champions
16225,15,2859.31,2011-10-26 08:30:00,44,4,5,4,454,Champions
16226,5,672.1700000000001,2011-05-20 14:41:00,202,2,4,3,243,Others
16227,3,1027.22,2011-04-28 13:33:00,224,2,3,3,233,Others
16228,3,885.71,2010-11-19 14:20:00,384,2,3,3,233,Others
16229,6,2867.86,2011-09-13 17:16:00,86,3,4,4,344,Loyal Customers
16230,2,542.03,2011-06-03 10:06:00,189,2,2,2,222,Others
16231,4,1074.47,2010-11-25 15:00:00,378,2,4,3,243,Others
16232,7,2712.97,2011-10-27 12:16:00,43,4,4,4,444,Champions
16233,9,1818.31,2011-09-29 17:27:00,70,3,5,4,354,Loyal Customers
16234,3,333.18,2010-08-20 14:33:00,475,1,3,2,132,Others
16235,9,2053.71,2011-10-30 10:56:00,40,4,5,4,454,Champions
16236,1,432.2,2011-09-22 14:10:00,77,3,1,2,312,Others
16237,1,136.65,2010-09-28 17:02:00,436,1,1,1,111,Others
16238,1,63.66,2010-10-13 12:36:00,422,1,1,1,111,Others
16239,6,1492.2,2011-10-14 08:29:00,56,4,4,4,444,Champions
16240,2,3718.8,2011-11-15 14:30:00,23,4,2,5,425,Potential Loyalists
16241,16,3992.86,2011-11-30 11:08:00,9,5,5,5,555,Champions
16242,14,7404.65,2011-12-01 15:12:00,7,5,5,5,555,Champions
16243,2,409.1,2011-11-06 12:32:00,33,4,2,2,422,Potential Loyalists
16244,2,1522.75,2011-05-12 10:18:00,211,2,2,4,224,At Risk
16245,3,1413.66,2011-11-16 10:14:00,23,4,3,4,434,Loyal Customers
16246,2,821.35,2010-09-06 12:04:00,459,1,2,3,123,Others
16247,1,114.56,2011-06-22 14:23:00,169,3,1,1,311,Others
16248,1,152.94,2011-10-09 11:32:00,61,3,1,1,311,Others
16249,5,1800.07,2011-10-18 10:07:00,52,4,4,4,444,Champions
16250,3,565.24,2011-03-23 15:07:00,260,2,3,2,232,Others
16251,1,128.31,2010-07-15 14:55:00,511,1,1,1,111,Others
16252,1,295.09000000000003,2010-11-22 11:57:00,382,2,1,2,212,Others
16253,7,7272.2,2011-10-04 09:09:00,66,3,4,5,345,Loyal Customers
16254,3,967.44,2010-11-26 13:22:00,377,2,3,3,233,Others
16255,15,4530.0,2011-11-23 12:40:00,16,5,5,5,555,Champions
16256,3,1629.37,2011-03-18 12:18:00,266,2,3,4,234,At Risk
16257,1,46.95,2011-06-16 10:11:00,176,3,1,1,311,Others
16258,15,11942.52,2011-10-25 13:30:00,44,4,5,5,455,Champions
16259,3,340.94,2010-10-25 14:27:00,409,2,3,2,232,Others
16260,1,1035.45,2011-10-20 09:40:00,50,4,1,3,413,Potential Loyalists
16261,6,1041.16,2011-11-22 17:23:00,16,5,4,3,543,Loyal Customers
16262,1,755.15,2010-11-26 13:22:00,377,2,1,3,213,Others
16263,1,348.16,2010-10-12 14:52:00,422,1,1,2,112,Others
16264,2,823.53,2010-09-27 15:00:00,437,1,2,3,123,Others
16265,12,6935.17,2011-11-30 16:41:00,8,5,5,5,555,Champions
16266,14,1757.95,2011-09-27 12:08:00,73,3,5,4,354,Loyal Customers
16267,1,186.66,2010-04-27 14:10:00,590,1,1,1,111,Others
16268,2,667.65,2011-09-29 18:30:00,70,3,2,3,323,Others
16269,1,717.57,2010-09-28 11:50:00,437,1,1,3,113,Others
16270,1,1141.24,2010-12-21 14:26:00,352,2,1,3,213,Others
16271,10,3397.82,2011-12-07 12:45:00,2,5,5,5,555,Champions
16272,1,411.7,2011-08-15 10:54:00,116,3,1,2,312,Others
16273,2,318.34000000000003,2010-03-01 13:24:00,647,1,2,2,122,Others
16274,1,351.75,2010-12-01 15:35:00,372,2,1,2,212,Others
16275,3,2151.11,2011-05-27 12:41:00,196,2,3,4,234,At Risk
16276,3,2629.3900000000003,2011-06-16 09:34:00,176,3,3,4,334,Loyal Customers
16277,1,188.69,2009-12-06 11:27:00,733,1,1,1,111,Others
16278,3,1117.84,2011-08-31 17:12:00,99,3,3,3,333,Loyal Customers
16279,9,5698.28,2011-11-18 15:00:00,20,4,5,5,455,Champions
16280,1,238.05,2009-12-14 15:49:00,724,1,1,1,111,Others
16281,3,3424.02,2011-09-28 14:57:00,71,3,3,5,335,Loyal Customers
16282,3,1307.58,2011-01-04 11:42:00,339,2,3,4,234,At Risk
16283,8,4350.32,2011-12-04 12:08:00,5,5,5,5,555,Champions
16284,3,1018.48,2011-11-08 16:12:00,30,4,3,3,433,Loyal Customers
16285,1,176.9,2010-03-03 16:03:00,645,1,1,1,111,Others
16286,2,328.95,2010-08-19 14:48:00,476,1,2,2,122,Others
16287,5,1006.98,2011-06-23 09:08:00,169,3,4,3,343,Loyal Customers
16288,1,129.85,2010-08-26 14:45:00,469,1,1,1,111,Others
16289,1,136.31,2010-09-03 14:02:00,461,1,1,1,111,Others
16290,4,1957.7,2010-09-01 11:52:00,464,1,4,4,144,At Risk
16291,1,117.72,2010-01-26 16:26:00,681,1,1,1,111,Others
16292,5,1253.76,2011-08-10 12:24:00,121,3,4,4,344,Loyal Customers
16293,15,4279.2,2011-11-18 09:58:00,21,4,5,5,455,Champions
16294,1,126.05000000000001,2010-08-20 12:01:00,476,1,1,1,111,Others
16295,4,1328.55,2011-11-30 08:17:00,9,5,4,4,544,Champions
16296,4,1313.67,2010-03-23 13:11:00,625,1,4,4,144,At Risk
16297,1,301.9,2011-03-16 08:29:00,268,2,1,2,212,Others
16298,7,1085.7,2011-11-17 11:59:00,22,4,4,3,443,Loyal Customers
16299,1,193.65,2010-08-19 17:46:00,476,1,1,1,111,Others
16300,3,1367.32,2010-10-05 13:14:00,429,1,3,4,134,At Risk
16301,1,107.33,2009-12-03 10:20:00,736,1,1,1,111,Others
16302,1,233.22,2011-08-05 09:44:00,126,3,1,1,311,Others
16303,7,7928.27,2011-11-14 10:49:00,25,4,4,5,445,Champions
16304,1,381.66,2010-01-14 08:30:00,694,1,1,2,112,Others
16305,1,361.21999999999997,2011-07-24 12:18:00,138,3,1,2,312,Others
16306,7,1124.72,2011-05-10 12:12:00,213,2,4,3,243,Others
16307,3,1194.92,2010-10-06 14:31:00,428,1,3,3,133,Others
16308,7,5120.0,2011-11-02 11:24:00,37,4,4,5,445,Champions
16309,2,706.57,2011-08-25 15:35:00,105,3,2,3,323,Others
16310,2,460.08,2010-10-21 14:47:00,413,1,2,2,122,Others
16311,2,616.26,2011-11-22 08:54:00,17,5,2,3,523,Potential Loyalists
16312,1,171.15,2010-10-03 14:15:00,431,1,1,1,111,Others
16313,2,274.15000000000003,2011-12-06 13:02:00,2,5,2,1,521,Potential Loyalists
16314,3,1491.4,2010-11-15 12:06:00,389,2,3,4,234,At Risk
16315,2,402.71,2011-01-13 11:57:00,330,2,2,2,222,Others
16316,13,5744.91,2011-10-06 13:48:00,63,3,5,5,355,Loyal Customers
16317,5,2192.51,2011-08-12 12:46:00,119,3,4,4,344,Loyal Customers
16318,1,328.15,2011-11-04 13:05:00,34,4,1,2,412,Potential Loyalists
16319,1,404.40000000000003,2011-05-06 11:27:00,217,2,1,2,212,Others
16320,6,5628.99,2011-06-20 15:25:00,171,3,4,5,345,Loyal Customers
16321,7,604.5500000000001,2011-09-28 14:55:00,71,3,4,2,342,Others
16322,2,326.75,2011-12-08 15:41:00,0,5,2,2,522,Potential Loyalists
16323,2,353.66,2011-05-27 14:48:00,195,2,2,2,222,Others
16324,3,408.59000000000003,2011-08-03 12:58:00,127,3,3,2,332,Others
16325,12,3597.5,2011-10-24 08:48:00,46,4,5,5,455,Champions
16326,24,4721.25,2011-12-04 10:11:00,5,5,5,5,555,Champions
16327,16,10159.64,2011-11-25 13:23:00,13,5,5,5,555,Champions
16328,1,310.83,2010-05-25 14:02:00,562,1,1,2,112,Others
16329,4,1664.92,2010-10-08 12:44:00,427,1,4,4,144,At Risk
16330,7,625.38,2011-11-22 12:24:00,17,5,4,3,543,Loyal Customers
16331,6,2037.7,2010-10-03 13:47:00,431,1,4,4,144,At Risk
16332,11,2000.01,2011-11-11 14:22:00,27,4,5,4,454,Champions
16333,22,26626.8,2011-12-02 12:19:00,7,5,5,5,555,Champions
16334,1,263.73,2010-08-04 16:38:00,491,1,1,1,111,Others
16335,7,2753.52,2010-06-06 11:35:00,551,1,4,4,144,At Risk
16336,4,3517.69,2010-10-15 12:32:00,420,1,4,5,145,At Risk
16337,1,151.05,2011-11-03 10:03:00,36,4,1,1,411,Potential Loyalists
16338,1,214.79999999999998,2011-07-05 13:56:00,156,3,1,1,311,Others
16339,1,94.05,2011-02-28 13:41:00,283,2,1,1,211,Others
16340,3,1496.24,2011-08-24 14:53:00,106,3,3,4,334,Loyal Customers
16341,7,3850.79,2011-11-15 09:12:00,24,4,4,5,445,Champions
16342,4,322.41,2011-09-25 14:36:00,74,3,4,2,342,Others
16343,3,614.12,2011-11-23 17:45:00,15,5,3,3,533,Loyal Customers
16344,4,842.42,2011-07-04 15:50:00,157,3,4,3,343,Loyal Customers
16345,2,1178.79,2011-10-26 16:03:00,43,4,2,3,423,Potential Loyalists
16346,1,224.51,2010-11-19 15:55:00,384,2,1,1,211,Others
16347,11,3442.96,2011-11-28 13:14:00,10,5,5,5,555,Champions
16348,8,1744.42,2011-11-07 15:44:00,31,4,5,4,454,Champions
16349,1,53.5,2011-02-22 12:40:00,290,2,1,1,211,Others
16350,9,2253.89,2011-11-18 15:53:00,20,4,5,4,454,Champions
16351,13,3330.0299999999997,2011-01-11 10:26:00,332,2,5,5,255,At Risk
16352,2,494.44,2011-11-22 10:32:00,17,5,2,2,522,Potential Loyalists
16353,38,9795.460000000001,2011-12-06 12:23:00,3,5,5,5,555,Champions
16354,5,1119.46,2011-10-07 14:28:00,62,3,4,3,343,Loyal Customers
16355,1,416.35,2010-11-29 14:21:00,374,2,1,2,212,Others
16356,6,415.87,2011-05-26 11:51:00,197,2,4,2,242,Others
16357,4,868.37,2011-11-06 16:04:00,32,4,4,3,443,Loyal Customers
16358,5,2919.65,2011-12-08 15:09:00,0,5,4,5,545,Champions
16359,16,2697.75,2011-12-02 17:04:00,6,5,5,4,554,Champions
16360,6,3450.41,2011-12-05 12:16:00,4,5,4,5,545,Champions
16361,4,891.21,2011-11-30 12:32:00,9,5,4,3,543,Loyal Customers
16362,6,922.16,2011-11-07 13:01:00,31,4,4,3,443,Loyal Customers
16363,1,109.36000000000001,2011-10-17 14:14:00,52,4,1,1,411,Potential Loyalists
16364,2,705.79,2011-11-28 11:27:00,11,5,2,3,523,Potential Loyalists
16365,15,3167.34,2011-11-22 11:24:00,17,5,5,5,555,Champions
16366,4,1548.1299999999999,2011-11-21 08:19:00,18,5,4,4,544,Champions
16367,3,1350.48,2011-11-02 13:13:00,36,4,3,4,434,Loyal Customers
16368,3,621.44,2011-12-07 13:12:00,1,5,3,3,533,Loyal Customers
16369,7,2656.56,2011-11-21 16:25:00,17,5,4,4,544,Champions
16370,4,1301.91,2011-09-18 15:55:00,81,3,4,4,344,Loyal Customers
16371,1,157.2,2010-09-17 12:09:00,448,1,1,1,111,Others
16372,5,1290.31,2011-11-06 13:08:00,32,4,4,4,444,Champions
16373,2,309.49,2010-11-22 15:50:00,381,2,2,2,222,Others
16374,5,1723.4,2011-10-04 15:21:00,65,3,4,4,344,Loyal Customers
16375,2,104.0,2010-08-26 14:25:00,469,1,2,1,121,Others
16376,2,974.96,2011-12-01 11:38:00,8,5,2,3,523,Potential Loyalists
16377,2,1308.48,2011-03-17 15:41:00,266,2,2,4,224,At Risk
16378,3,362.95,2011-04-06 15:07:00,246,2,3,2,232,Others
16379,4,2157.4,2011-12-05 15:38:00,3,5,4,4,544,Champions
16380,1,1743.1499999999999,2011-10-09 15:40:00,60,3,1,4,314,Others
16381,2,247.85,2010-11-09 09:56:00,395,2,2,1,221,Others
16382,2,353.1,2010-10-27 16:23:00,407,2,2,2,222,Others
16383,7,2896.69,2011-09-26 12:45:00,74,3,4,4,344,Loyal Customers
16384,4,1358.95,2011-09-11 11:19:00,89,3,4,4,344,Loyal Customers
16385,5,881.35,2011-10-10 13:12:00,59,3,4,3,343,Loyal Customers
16386,3,1068.16,2011-11-11 12:28:00,28,4,3,3,433,Loyal Customers
16387,5,882.46,2011-01-21 11:34:00,322,2,4,3,243,Others
16388,1,186.05,2010-02-24 10:20:00,653,1,1,1,111,Others
16389,4,1382.07,2011-10-17 14:41:00,52,4,4,4,444,Champions
16390,3,467.5,2010-06-21 10:11:00,536,1,3,2,132,Others
16391,4,1052.26,2010-11-04 12:27:00,400,2,4,3,243,Others
16392,3,756.7,2011-03-15 12:11:00,269,2,3,3,233,Others
16393,23,5297.77,2011-12-07 12:51:00,1,5,5,5,555,Champions
16394,5,1555.34,2011-10-14 09:48:00,56,4,4,4,444,Champions
16395,14,3518.41,2011-10-10 12:50:00,60,3,5,5,355,Loyal Customers
16396,1,137.8,2010-08-20 14:17:00,475,1,1,1,111,Others
16397,1,123.13,2010-03-21 15:36:00,627,1,1,1,111,Others
16398,2,1705.8,2011-07-08 15:16:00,153,3,2,4,324,Others
16399,3,630.22,2011-11-20 16:12:00,18,5,3,3,533,Loyal Customers
16400,9,3059.85,2011-09-06 12:27:00,94,3,5,5,355,Loyal Customers
16401,23,6849.15,2011-12-08 18:15:00,0,5,5,5,555,Champions
16402,2,293.45,2011-03-20 12:25:00,264,2,2,2,222,Others
16403,1,177.5,2011-01-31 13:39:00,311,2,1,1,211,Others
16404,1,443.05,2011-09-30 14:55:00,69,3,1,2,312,Others
16405,2,167.25,2011-02-10 15:24:00,301,2,2,1,221,Others
16406,3,528.36,2011-11-21 11:57:00,18,5,3,2,532,Others
16407,14,2761.65,2011-11-27 11:05:00,12,5,5,4,554,Champions
16408,1,231.93,2010-04-27 14:08:00,590,1,1,1,111,Others
16409,12,5652.74,2011-11-03 16:45:00,35,4,5,5,455,Champions
16410,1,130.32,2009-12-05 14:51:00,733,1,1,1,111,Others
16411,4,756.39,2011-11-20 13:23:00,18,5,4,3,543,Loyal Customers
16412,5,593.19,2011-10-17 12:35:00,53,4,4,2,442,Others
16413,2,522.03,2011-10-14 12:08:00,56,4,2,2,422,Potential Loyalists
16414,5,551.21,2011-11-18 09:42:00,21,4,4,2,442,Others
16415,3,696.76,2011-10-26 13:35:00,43,4,3,3,433,Loyal Customers
16416,9,2957.88,2011-11-13 12:50:00,26,4,5,5,455,Champions
16417,1,35.7,2010-08-04 09:08:00,492,1,1,1,111,Others
16418,5,1028.74,2011-10-26 12:39:00,44,4,4,3,443,Loyal Customers
16419,8,1463.7,2011-08-19 12:33:00,112,3,5,4,354,Loyal Customers
16420,1,75.0,2010-11-08 15:15:00,395,2,1,1,211,Others
16421,3,526.27,2010-11-28 13:31:00,375,2,3,2,232,Others
16422,109,61920.87,2011-11-22 14:00:00,16,5,5,5,555,Champions
16423,1,346.12,2011-11-15 09:21:00,24,4,1,2,412,Potential Loyalists
16424,2,443.06,2011-06-01 13:40:00,190,2,2,2,222,Others
16425,1,302.7,2011-02-10 14:30:00,301,2,1,2,212,Others
16426,10,1863.76,2011-12-07 14:01:00,1,5,5,4,554,Champions
16427,2,241.06,2011-03-21 17:10:00,262,2,2,1,221,Others
16428,3,638.49,2010-10-22 12:22:00,413,1,3,3,133,Others
16429,1,284.55,2011-08-25 13:54:00,105,3,1,1,311,Others
16430,7,1117.94,2011-10-13 14:47:00,56,4,4,3,443,Loyal Customers
16431,3,623.28,2011-05-10 14:09:00,212,2,3,3,233,Others
16432,1,287.4,2011-10-06 13:59:00,63,3,1,2,312,Others
16433,2,384.52,2011-11-11 14:09:00,27,4,2,2,422,Potential Loyalists
16434,12,2673.69,2011-11-10 14:28:00,28,4,5,4,454,Champions
16435,3,1003.0699999999999,2010-07-15 18:22:00,511,1,3,3,133,Others
16436,3,319.14,2010-02-09 13:19:00,667,1,3,2,132,Others
16437,2,301.25,2010-11-23 16:59:00,380,2,2,2,222,Others
16438,5,798.35,2011-12-04 10:51:00,5,5,4,3,543,Loyal Customers
16439,1,310.70000000000005,2009-12-17 14:22:00,721,1,1,2,112,Others
16440,6,3856.9700000000003,2011-12-02 12:02:00,7,5,4,5,545,Champions
16441,5,1019.13,2011-10-03 17:48:00,66,3,4,3,343,Loyal Customers
16442,5,891.98,2011-12-08 11:43:00,1,5,4,3,543,Loyal Customers
16443,1,162.24,2010-07-07 11:57:00,520,1,1,1,111,Others
16444,17,3625.88,2011-10-24 13:50:00,45,4,5,5,455,Champions
16445,4,583.16,2011-11-06 12:32:00,33,4,4,2,442,Others
16446,2,168472.5,2011-12-09 09:15:00,0,5,2,5,525,Potential Loyalists
16447,3,727.1,2011-07-27 12:45:00,135,3,3,3,333,Loyal Customers
16448,2,361.12,2011-05-25 16:28:00,197,2,2,2,222,Others
16449,2,707.69,2011-05-26 10:25:00,197,2,2,3,223,Others
16450,3,1505.73,2011-07-13 11:47:00,149,3,3,4,334,Loyal Customers
16451,3,1013.15,2011-09-13 09:17:00,87,3,3,3,333,Loyal Customers
16452,2,332.17,2010-03-19 12:39:00,630,1,2,2,122,Others
16453,2,251.71,2010-06-27 12:46:00,530,1,2,1,121,Others
16454,4,30.950000000000003,2011-10-26 11:40:00,44,4,4,1,441,Others
16455,11,3995.57,2011-10-07 12:17:00,63,3,5,5,355,Loyal Customers
16456,13,6000.94,2011-09-01 13:50:00,98,3,5,5,355,Loyal Customers
16457,1,208.36,2011-05-05 13:19:00,217,2,1,1,211,Others
16458,30,5690.89,2011-12-07 09:34:00,2,5,5,5,555,Champions
16459,1,71.78999999999999,2009-12-10 12:42:00,729,1,1,1,111,Others
16460,3,811.23,2011-11-11 13:46:00,27,4,3,3,433,Loyal Customers
16461,3,1545.83,2011-06-15 12:07:00,177,3,3,4,334,Loyal Customers
16462,3,136.0,2011-09-27 10:24:00,73,3,3,1,331,Others
16463,4,1422.4,2011-11-18 14:01:00,20,4,4,4,444,Champions
16464,3,1298.66,2011-11-20 12:11:00,19,4,3,4,434,Loyal Customers
16465,2,746.24,2010-10-15 09:27:00,420,1,2,3,123,Others
16466,15,3767.09,2011-11-06 11:35:00,33,4,5,5,455,Champions
16467,7,2869.16,2010-07-19 11:49:00,508,1,4,4,144,At Risk
16468,3,787.52,2011-09-26 14:13:00,73,3,3,3,333,Loyal Customers
16469,5,803.9,2011-11-16 12:25:00,23,4,4,3,443,Loyal Customers
16470,11,2416.85,2011-10-19 12:11:00,51,4,5,4,454,Champions
16471,4,1189.98,2011-03-10 09:41:00,274,2,4,3,243,Others
16472,2,789.6,2010-10-01 13:56:00,433,1,2,3,123,Others
16473,4,470.83,2011-06-28 09:10:00,164,3,4,2,342,Others
16474,7,1810.65,2011-12-02 13:02:00,6,5,4,4,544,Champions
16475,4,544.3,2011-09-12 14:37:00,87,3,4,2,342,Others
16476,1,350.35,2010-10-04 10:29:00,431,1,1,2,112,Others
16477,11,4094.37,2011-10-07 09:44:00,63,3,5,5,355,Loyal Customers
16478,3,331.0,2011-11-14 15:51:00,24,4,3,2,432,Others
16479,2,300.83,2011-11-29 13:40:00,9,5,2,2,522,Potential Loyalists
16480,1,769.29,2011-09-25 11:40:00,75,3,1,3,313,Others
16481,1,453.38,2010-01-26 13:09:00,681,1,1,2,112,Others
16482,1,220.62,2011-11-24 12:33:00,15,5,1,1,511,Potential Loyalists
16483,1,139.35,2011-05-31 13:08:00,191,2,1,1,211,Others
16484,2,404.3,2011-06-19 12:06:00,173,3,2,2,322,Others
16485,5,2287.19,2011-09-23 15:50:00,76,3,4,4,344,Loyal Customers
16486,1,134.36,2010-06-20 12:16:00,537,1,1,1,111,Others
16487,2,209.4,2010-05-11 13:38:00,576,1,2,1,121,Others
16488,3,498.8,2011-11-06 13:42:00,32,4,3,2,432,Others
16489,2,303.7,2010-11-24 14:40:00,379,2,2,2,222,Others
16490,1,205.41000000000003,2010-09-29 16:30:00,435,1,1,1,111,Others
16491,2,1533.16,2011-10-24 10:18:00,46,4,2,4,424,Potential Loyalists
16492,1,385.56,2010-06-17 08:20:00,540,1,1,2,112,Others
16493,7,2132.09,2011-09-21 11:10:00,79,3,4,4,344,Loyal Customers
16494,1,826.53,2011-02-16 12:49:00,296,2,1,3,213,Others
16495,3,648.26,2011-12-06 13:20:00,2,5,3,3,533,Loyal Customers
16496,6,2330.77,2011-12-01 10:31:00,8,5,4,4,544,Champions
16497,23,6695.28,2011-10-21 10:55:00,49,4,5,5,455,Champions
16498,2,100.97,2011-07-01 15:07:00,160,3,2,1,321,Others
16499,8,2578.34,2010-12-14 13:31:00,359,2,5,4,254,At Risk
16500,9,843.9100000000001,2011-12-05 12:04:00,4,5,5,3,553,Loyal Customers
16501,1,1191.23,2010-11-21 14:10:00,382,2,1,3,213,Others
16502,2,258.55,2010-03-29 13:44:00,619,1,2,1,121,Others
16503,11,3614.34,2011-08-25 11:46:00,106,3,5,5,355,Loyal Customers
16504,1,465.88,2011-11-14 15:18:00,24,4,1,2,412,Potential Loyalists
16505,1,777.6,2011-11-08 12:14:00,31,4,1,3,413,Potential Loyalists
16506,2,90.30000000000001,2011-11-20 12:17:00,19,4,2,1,421,Potential Loyalists
16507,1,142.71,2010-05-16 12:56:00,571,1,1,1,111,Others
16508,1,240.95,2010-03-19 13:41:00,629,1,1,1,111,Others
16509,1,363.7,2011-02-16 09:25:00,296,2,1,2,212,Others
16510,6,1777.5,2010-12-02 13:39:00,371,2,4,4,244,At Risk
16511,6,1760.49,2011-11-18 10:41:00,21,4,4,4,444,Champions
16513,4,874.59,2011-12-05 10:18:00,4,5,4,3,543,Loyal Customers
16515,10,3179.06,2011-10-18 13:10:00,51,4,5,5,455,Champions
16516,1,101.69999999999999,2011-11-09 14:59:00,29,4,1,1,411,Potential Loyalists
16517,1,162.7,2011-03-07 13:50:00,276,2,1,1,211,Others
16518,4,959.37,2011-10-09 15:04:00,60,3,4,3,343,Loyal Customers
16519,4,439.06,2011-11-14 15:41:00,24,4,4,2,442,Others
16520,6,2148.38,2011-06-06 13:24:00,185,3,4,4,344,Loyal Customers
16521,3,1140.11,2010-10-20 13:09:00,414,1,3,3,133,Others
16522,2,433.36,2010-09-30 10:54:00,435,1,2,2,122,Others
16523,28,11916.33,2011-12-08 09:06:00,1,5,5,5,555,Champions
16524,2,306.19,2010-09-19 13:37:00,445,1,2,2,122,Others
16525,48,24151.3,2011-12-07 15:07:00,1,5,5,5,555,Champions
16526,2,717.21,2011-06-21 12:02:00,171,3,2,3,323,Others
16527,2,1232.94,2011-09-19 16:21:00,80,3,2,4,324,Others
16528,1,244.41,2011-12-06 12:45:00,3,5,1,1,511,Potential Loyalists
16529,4,1986.8,2011-06-02 17:23:00,189,2,4,4,244,At Risk
16530,1,48.349999999999994,2010-02-09 15:30:00,667,1,1,1,111,Others
16531,11,2298.33,2011-11-17 16:29:00,21,4,5,4,454,Champions
16532,5,8756.64,2011-11-22 11:08:00,17,5,4,5,545,Champions
16533,3,1082.81,2011-11-20 13:08:00,18,5,3,3,533,Loyal Customers
16534,1,635.9,2010-03-07 15:47:00,641,1,1,3,113,Others
16535,3,972.04,2011-12-04 15:18:00,4,5,3,3,533,Loyal Customers
16536,1,548.12,2011-08-21 15:54:00,109,3,1,2,312,Others
16537,1,23.35,2010-03-08 13:41:00,640,1,1,1,111,Others
16538,3,395.07,2010-06-16 16:59:00,540,1,3,2,132,Others
16539,10,3289.66,2011-12-07 08:41:00,2,5,5,5,555,Champions
16540,1,205.75,2010-10-21 17:22:00,413,1,1,1,111,Others
16541,1,424.03,2009-12-04 13:22:00,734,1,1,2,112,Others
16542,2,257.32,2011-10-17 10:47:00,53,4,2,1,421,Potential Loyalists
16543,1,292.21,2010-04-27 11:38:00,591,1,1,2,112,Others
16544,4,376.70000000000005,2010-07-08 11:11:00,519,1,4,2,142,Others
16545,2,689.82,2011-06-28 10:37:00,164,3,2,3,323,Others
16546,5,5307.07,2011-02-22 11:20:00,290,2,4,5,245,At Risk
16547,1,104.25999999999999,2010-06-11 13:02:00,545,1,1,1,111,Others
16548,1,30.15,2010-04-19 16:15:00,598,1,1,1,111,Others
16549,34,12781.8,2011-11-29 15:06:00,9,5,5,5,555,Champions
16550,18,8813.58,2011-08-23 11:12:00,108,3,5,5,355,Loyal Customers
16551,7,2237.12,2011-09-05 09:38:00,95,3,4,4,344,Loyal Customers
16552,2,379.73,2011-04-11 10:04:00,242,2,2,2,222,Others
16553,33,16584.01,2011-06-29 15:42:00,162,3,5,5,355,Loyal Customers
16554,8,2841.72,2011-10-28 14:51:00,41,4,5,4,454,Champions
16555,6,1915.68,2011-11-04 14:31:00,34,4,4,4,444,Champions
16556,17,8012.58,2011-10-04 11:36:00,66,3,5,5,355,Loyal Customers
16557,2,281.85,2011-11-15 14:04:00,23,4,2,1,421,Potential Loyalists
16558,38,13304.11,2011-12-09 10:20:00,0,5,5,5,555,Champions
16559,1,175.0,2010-11-07 13:52:00,396,2,1,1,211,Others
16560,8,3048.38,2011-11-13 10:35:00,26,4,5,5,455,Champions
16561,2,511.12,2011-12-04 11:50:00,5,5,2,2,522,Potential Loyalists
16562,1,223.85999999999999,2010-08-20 11:45:00,476,1,1,1,111,Others
16563,6,4412.56,2011-10-17 11:51:00,53,4,4,5,445,Champions
16564,1,87.8,2010-05-19 14:41:00,568,1,1,1,111,Others
16565,4,773.05,2010-12-10 15:21:00,363,2,4,3,243,Others
16566,5,614.66,2011-11-24 16:34:00,14,5,4,3,543,Loyal Customers
16567,2,865.6,2011-05-29 13:57:00,193,2,2,3,223,Others
16568,2,1020.9000000000001,2010-10-08 10:54:00,427,1,2,3,123,Others
16569,5,1455.23,2011-12-06 15:32:00,2,5,4,4,544,Champions
16570,20,7434.31,2011-11-24 17:02:00,14,5,5,5,555,Champions
16571,10,4248.74,2011-11-13 11:46:00,26,4,5,5,455,Champions
16572,3,1009.6,2011-08-04 16:34:00,126,3,3,3,333,Loyal Customers
16573,2,663.61,2011-09-16 09:13:00,84,3,2,3,323,Others
16574,3,1301.78,2011-09-29 13:39:00,70,3,3,4,334,Loyal Customers
16576,2,540.87,2010-10-15 13:37:00,419,1,2,2,122,Others
16577,1,380.0,2010-02-11 09:45:00,666,1,1,2,112,Others
16578,1,156.6,2010-03-23 15:11:00,625,1,1,1,111,Others
16579,1,295.05,2010-10-10 11:58:00,425,1,1,2,112,Others
16581,1,105.84,2011-06-10 10:05:00,182,3,1,1,311,Others
16582,1,313.62,2011-08-18 17:02:00,112,3,1,2,312,Others
16583,2,297.95,2010-12-01 12:03:00,373,2,2,2,222,Others
16584,5,3156.17,2011-09-20 13:45:00,79,3,4,5,345,Loyal Customers
16585,2,341.59,2010-04-25 10:34:00,593,1,2,2,122,Others
16586,3,1462.78,2011-04-05 09:32:00,248,2,3,4,234,At Risk
16587,1,225.15,2011-04-21 15:51:00,231,2,1,1,211,Others
16588,4,1361.28,2010-11-18 17:56:00,385,2,4,4,244,At Risk
16589,4,612.36,2011-09-29 14:50:00,70,3,4,3,343,Loyal Customers
16590,2,605.9,2010-11-04 09:06:00,400,2,2,2,222,Others
16591,1,213.5,2011-10-02 10:43:00,68,3,1,1,311,Others
16592,28,7807.91,2011-12-05 13:49:00,3,5,5,5,555,Champions
16593,8,1071.1399999999999,2011-10-20 12:41:00,50,4,5,3,453,Loyal Customers
16594,1,181.09,2011-09-25 14:08:00,74,3,1,1,311,Others
16595,5,1757.75,2011-10-09 13:15:00,60,3,4,4,344,Loyal Customers
16596,4,458.98,2011-11-24 10:02:00,15,5,4,2,542,Others
16597,1,90.04,2011-12-05 15:44:00,3,5,1,1,511,Potential Loyalists
16598,1,145.04999999999998,2011-02-27 11:42:00,285,2,1,1,211,Others
16599,1,172.8,2010-11-19 12:45:00,385,2,1,1,211,Others
16600,13,2153.41,2011-12-05 16:00:00,3,5,5,4,554,Champions
16601,3,677.0,2011-10-30 11:09:00,40,4,3,3,433,Loyal Customers
16602,2,763.33,2011-11-03 15:54:00,35,4,2,3,423,Potential Loyalists
16603,2,482.47,2011-09-26 10:06:00,74,3,2,2,322,Others
16604,2,432.45,2010-05-26 09:10:00,562,1,2,2,122,Others
16605,1,60.48,2009-12-15 19:03:00,723,1,1,1,111,Others
16606,2,357.66,2010-10-31 13:57:00,403,2,2,2,222,Others
16607,25,5706.87,2011-11-22 10:24:00,17,5,5,5,555,Champions
16608,2,1286.6200000000001,2010-09-12 11:44:00,453,1,2,4,124,At Risk
16609,7,5493.46,2011-11-24 13:32:00,14,5,4,5,545,Champions
16610,1,75.66,2011-05-04 13:13:00,218,2,1,1,211,Others
16611,6,1785.13,2011-06-06 15:46:00,185,3,4,4,344,Loyal Customers
16612,9,3245.43,2011-11-07 07:38:00,32,4,5,5,455,Champions
16613,1,618.59,2011-09-30 15:52:00,69,3,1,3,313,Others
16614,3,1179.79,2011-06-10 11:36:00,182,3,3,3,333,Loyal Customers
16615,1,291.5,2010-03-23 15:13:00,625,1,1,2,112,Others
16616,2,500.42,2011-11-24 16:31:00,14,5,2,2,522,Potential Loyalists
16617,1,151.85,2011-04-18 10:35:00,235,2,1,1,211,Others
16618,5,2647.59,2011-11-08 13:52:00,30,4,4,4,444,Champions
16619,4,1938.33,2011-03-21 08:18:00,263,2,4,4,244,At Risk
16620,6,1758.93,2011-12-06 12:19:00,3,5,4,4,544,Champions
16621,4,813.48,2011-10-19 11:38:00,51,4,4,3,443,Loyal Customers
16622,1,225.4,2010-06-14 10:44:00,543,1,1,1,111,Others
16623,4,1015.24,2011-04-08 10:09:00,245,2,4,3,243,Others
16624,2,810.5699999999999,2011-09-20 12:39:00,80,3,2,3,323,Others
16625,5,1654.03,2011-03-10 12:50:00,274,2,4,4,244,At Risk
16626,17,4413.1,2011-12-09 11:56:00,0,5,5,5,555,Champions
16627,1,322.8,2011-09-21 14:38:00,78,3,1,2,312,Others
16628,7,2318.1,2011-11-10 12:45:00,29,4,4,4,444,Champions
16629,2,408.63,2011-09-27 10:34:00,73,3,2,2,322,Others
16630,1,106.80000000000001,2010-10-28 14:30:00,406,2,1,1,211,Others
16631,7,1892.52,2010-08-15 11:20:00,481,1,4,4,144,At Risk
16632,2,406.4,2010-08-11 11:39:00,485,1,2,2,122,Others
16633,6,2883.1,2011-11-22 13:41:00,16,5,4,4,544,Champions
16634,6,1649.81,2011-05-01 12:09:00,222,2,4,4,244,At Risk
16635,1,473.0,2010-10-29 09:41:00,406,2,1,2,212,Others
16636,4,3802.04,2010-09-27 13:13:00,437,1,4,5,145,At Risk
16637,4,1154.47,2011-11-07 13:17:00,31,4,4,3,443,Loyal Customers
16638,15,2380.13,2011-11-17 11:09:00,22,4,5,4,454,Champions
16639,4,1747.98,2011-11-08 13:20:00,30,4,4,4,444,Champions
16640,1,179.4,2010-11-07 10:48:00,397,2,1,1,211,Others
16641,2,554.5,2011-08-26 12:49:00,105,3,2,2,322,Others
16642,3,1077.45,2011-12-05 11:31:00,4,5,3,3,533,Loyal Customers
16643,2,923.11,2011-04-08 08:24:00,245,2,2,3,223,Others
16644,2,833.78,2011-06-15 12:39:00,177,3,2,3,323,Others
16645,1,160.39,2009-12-04 09:49:00,735,1,1,1,111,Others
16646,1,678.8,2010-09-16 13:28:00,448,1,1,3,113,Others
16647,4,541.9,2011-06-23 11:47:00,169,3,4,2,342,Others
16648,3,672.8,2011-10-28 08:58:00,42,4,3,3,433,Loyal Customers
16649,1,306.58000000000004,2010-07-07 15:41:00,519,1,1,2,112,Others
16650,7,1916.11,2011-09-29 09:51:00,71,3,4,4,344,Loyal Customers
16651,1,136.2,2010-05-02 11:46:00,586,1,1,1,111,Others
16652,16,17550.39,2011-10-12 09:38:00,58,4,5,5,455,Champions
16653,2,1212.66,2011-11-23 14:51:00,15,5,2,3,523,Potential Loyalists
16654,8,1484.07,2011-07-21 15:23:00,140,3,5,4,354,Loyal Customers
16655,13,6423.26,2011-11-22 11:25:00,17,5,5,5,555,Champions
16656,30,16833.170000000002,2011-11-17 14:43:00,21,4,5,5,455,Champions
16657,4,874.43,2011-11-30 11:48:00,9,5,4,3,543,Loyal Customers
16658,6,690.83,2010-12-06 13:47:00,367,2,4,3,243,Others
16659,1,39.12,2011-06-03 15:03:00,188,3,1,1,311,Others
16660,7,1879.55,2011-11-23 14:53:00,15,5,4,4,544,Champions
16661,4,932.76,2010-06-17 15:24:00,539,1,4,3,143,Others
16662,1,151.05,2010-11-10 16:56:00,393,2,1,1,211,Others
16663,1,165.0,2009-12-10 13:12:00,728,1,2,1,121,Others
16664,1,109.2,2010-05-19 17:11:00,568,1,2,1,121,Others
16665,1,135.39999999999998,2010-12-12 14:03:00,361,2,2,1,221,Others
16666,2,217.71,2011-11-20 14:01:00,18,5,2,1,521,Potential Loyalists
16667,2,567.1800000000001,2011-10-02 15:26:00,67,3,2,2,322,Others
16668,13,862.42,2011-11-24 17:43:00,14,5,5,3,553,Loyal Customers
16669,3,1348.88,2011-11-16 12:26:00,23,4,3,4,434,Loyal Customers
16670,20,8030.150000000001,2011-11-23 09:34:00,16,5,5,5,555,Champions
16671,3,1692.27,2011-11-11 13:40:00,27,4,3,4,434,Loyal Customers
16672,20,8134.9400000000005,2011-12-07 16:29:00,1,5,5,5,555,Champions
16673,1,171.13,2010-01-29 14:22:00,678,1,2,1,121,Others
16674,2,304.24,2011-10-16 11:31:00,54,4,2,2,422,Potential Loyalists
16675,2,608.86,2010-09-24 12:15:00,441,1,2,2,122,Others
16676,6,2361.9,2011-11-06 12:01:00,33,4,4,4,444,Champions
16677,2,880.62,2010-10-24 14:53:00,410,1,2,3,123,Others
16678,12,3109.99,2011-12-07 12:17:00,2,5,5,5,555,Champions
16679,3,663.31,2010-12-08 13:51:00,365,2,3,3,233,Others
16680,3,821.45,2011-10-27 17:35:00,42,4,3,3,433,Loyal Customers
16681,7,1921.84,2011-09-28 11:11:00,72,3,4,4,344,Loyal Customers
16682,5,1028.0,2011-12-05 12:13:00,4,5,4,3,543,Loyal Customers
16683,1,320.25,2010-06-24 10:36:00,533,1,2,2,122,Others
16684,55,147142.77,2011-12-05 14:06:00,3,5,5,5,555,Champions
16685,2,324.24,2011-10-09 13:58:00,60,3,2,2,322,Others
16686,16,4881.07,2011-10-23 13:49:00,46,4,5,5,455,Champions
16687,1,157.63,2010-11-14 11:46:00,390,2,2,1,221,Others
16688,4,1260.86,2011-12-08 15:24:00,0,5,4,4,544,Champions
16689,2,422.59999999999997,2011-09-25 11:39:00,75,3,2,2,322,Others
16690,4,353.03,2011-09-28 15:02:00,71,3,4,2,342,Others
16691,2,178.83,2010-10-17 15:03:00,417,1,2,1,121,Others
16692,4,1914.6999999999998,2011-03-28 14:46:00,255,2,4,4,244,At Risk
16693,5,1179.48,2011-10-02 11:10:00,68,3,4,3,343,Loyal Customers
16694,1,98.30000000000001,2009-12-16 15:45:00,722,1,2,1,121,Others
16695,2,191.9,2010-05-27 12:36:00,561,1,2,1,121,Others
16696,4,657.9000000000001,2011-07-27 14:23:00,134,3,4,3,343,Loyal Customers
16697,1,112.75,2011-04-12 17:12:00,240,2,2,1,221,Others
16698,2,1998.0,2011-04-27 10:52:00,226,2,2,4,224,At Risk
16699,7,994.6,2010-11-24 14:38:00,379,2,4,3,243,Others
16700,25,8830.77,2011-12-01 11:00:00,8,5,5,5,555,Champions
16701,26,9916.73,2011-12-01 11:10:00,8,5,5,5,555,Champions
16702,4,1110.83,2010-10-20 14:10:00,414,1,4,3,143,Others
16704,2,664.16,2010-03-31 14:02:00,617,1,2,3,123,Others
16705,42,43515.051,2011-12-09 12:08:00,0,5,5,5,555,Champions
16706,3,531.35,2011-11-02 13:50:00,36,4,3,2,432,Others
16707,4,533.41,2010-11-04 14:39:00,399,2,4,2,242,Others
16708,1,656.63,2011-10-25 12:20:00,45,4,2,3,423,Potential Loyalists
16709,14,9056.01,2011-09-16 10:56:00,84,3,5,5,355,Loyal Customers
16710,22,5921.35,2011-11-20 14:50:00,18,5,5,5,555,Champions
16711,9,2868.48,2011-12-06 16:32:00,2,5,5,4,554,Champions
16712,13,4232.87,2011-11-30 13:48:00,8,5,5,5,555,Champions
16713,32,14115.56,2011-11-21 12:36:00,18,5,5,5,555,Champions
16714,4,1497.33,2011-05-05 11:09:00,218,2,4,4,244,At Risk
16715,2,625.52,2011-09-22 18:15:00,77,3,2,3,323,Others
16716,3,2149.6800000000003,2011-03-18 10:03:00,266,2,3,4,234,At Risk
16717,14,6663.68,2011-11-16 12:16:00,23,4,5,5,455,Champions
16718,5,3006.08,2010-12-05 13:03:00,368,2,4,5,245,At Risk
16719,14,3513.62,2011-11-25 09:27:00,14,5,5,5,555,Champions
16720,3,758.74,2011-11-13 16:22:00,25,4,3,3,433,Loyal Customers
16721,1,292.47,2011-03-22 16:08:00,261,2,2,2,222,Others
16722,22,8189.56,2011-11-22 13:28:00,16,5,5,5,555,Champions
16723,4,1231.36,2011-09-09 13:01:00,90,3,4,4,344,Loyal Customers
16724,1,147.35,2010-10-31 11:40:00,404,2,2,1,221,Others
16725,14,1688.26,2011-02-10 16:52:00,301,2,5,4,254,At Risk
16726,7,2063.88,2011-11-13 14:53:00,25,4,4,4,444,Champions
16727,4,1377.77,2010-12-10 13:48:00,363,2,4,4,244,At Risk
16728,4,1048.28,2011-10-24 14:36:00,45,4,4,3,443,Loyal Customers
16729,21,7205.33,2011-11-01 14:29:00,37,4,5,5,455,Champions
16730,3,743.11,2011-10-18 14:11:00,51,4,3,3,433,Loyal Customers
16731,1,170.3,2010-03-01 15:05:00,647,1,2,1,121,Others
16732,4,4387.64,2011-11-08 09:54:00,31,4,4,5,445,Champions
16733,1,259.68,2010-06-28 10:12:00,529,1,2,1,121,Others
16734,3,646.76,2011-10-18 13:44:00,51,4,3,3,433,Loyal Customers
16735,14,6217.41,2011-09-22 11:49:00,78,3,5,5,355,Loyal Customers
16736,5,2956.56,2010-07-22 10:09:00,505,1,4,5,145,At Risk
16737,2,835.1999999999999,2011-10-17 13:03:00,52,4,2,3,423,Potential Loyalists
16738,1,3.75,2011-02-15 09:46:00,297,2,2,1,221,Others
16739,2,786.43,2011-06-16 09:17:00,176,3,2,3,323,Others
16740,1,226.91,2010-11-09 13:34:00,394,2,2,1,221,Others
16741,1,173.06,2010-03-24 15:15:00,624,1,2,1,121,Others
16742,14,2799.87,2011-10-24 12:02:00,46,4,5,4,454,Champions
16743,14,4212.15,2011-11-10 13:13:00,28,4,5,5,455,Champions
16744,7,1291.91,2011-11-28 13:06:00,10,5,4,4,544,Champions
16745,17,7180.7,2011-09-14 11:58:00,86,3,5,5,355,Loyal Customers
16746,42,18046.75,2011-12-05 12:33:00,4,5,5,5,555,Champions
16747,2,836.06,2011-11-02 11:37:00,37,4,2,3,423,Potential Loyalists
16748,14,3637.33,2011-11-22 10:17:00,17,5,5,5,555,Champions
16749,2,4157.88,2010-04-27 13:06:00,590,1,2,5,125,At Risk
16750,5,623.93,2011-10-26 12:48:00,44,4,4,3,443,Loyal Customers
16751,1,1764.72,2011-11-09 10:48:00,30,4,2,4,424,Potential Loyalists
16752,1,207.5,2010-12-02 12:18:00,372,2,2,1,221,Others
16753,1,223.92000000000002,2011-10-12 13:14:00,57,4,2,1,421,Potential Loyalists
16754,29,65500.07,2010-12-02 17:38:00,371,2,5,5,255,At Risk
16755,7,2864.68,2011-08-17 13:21:00,113,3,4,4,344,Loyal Customers
16756,7,1312.3700000000001,2011-05-09 09:33:00,214,2,4,4,244,At Risk
16757,2,270.48,2011-01-25 11:59:00,318,2,2,1,221,Others
16758,1,369.34000000000003,2011-10-05 14:47:00,64,3,2,2,322,Others
16759,3,789.79,2011-12-02 12:42:00,7,5,3,3,533,Loyal Customers
16760,1,228.0,2010-10-05 15:55:00,429,1,2,1,121,Others
16761,1,316.62,2011-09-04 11:15:00,96,3,2,2,322,Others
16762,3,1207.24,2011-11-20 11:43:00,19,4,3,3,433,Loyal Customers
16763,2,964.6999999999999,2011-05-25 11:52:00,198,2,2,3,223,Others
16764,13,2790.9500000000003,2011-12-06 11:41:00,3,5,5,4,554,Champions
16765,2,454.75,2011-02-18 15:41:00,293,2,2,2,222,Others
16766,2,1145.6,2011-03-11 15:22:00,272,2,2,3,223,Others
16767,15,8056.76,2011-11-09 09:42:00,30,4,5,5,455,Champions
16768,9,1698.57,2011-10-23 10:38:00,47,4,5,4,454,Champions
16769,4,1117.05,2011-03-24 13:41:00,259,2,4,3,243,Others
16770,9,1778.93,2011-10-13 12:21:00,57,4,5,4,454,Champions
16771,10,3949.6,2011-11-06 13:28:00,32,4,5,5,455,Champions
16772,3,3698.0499999999997,2010-10-12 13:19:00,422,1,3,5,135,At Risk
16773,3,421.24,2011-10-13 14:37:00,56,4,3,2,432,Others
16774,8,1567.48,2011-10-03 12:41:00,67,3,5,4,354,Loyal Customers
16775,16,2820.84,2011-11-29 15:22:00,9,5,5,4,554,Champions
16776,2,592.51,2011-10-10 13:04:00,59,3,2,2,322,Others
16777,5,1292.18,2011-09-20 13:41:00,79,3,4,4,344,Loyal Customers
16778,2,245.94,2011-09-26 13:48:00,73,3,2,1,321,Others
16779,53,32809.03,2011-12-07 14:54:00,1,5,5,5,555,Champions
16780,3,596.4,2011-08-31 16:09:00,99,3,3,2,332,Others
16781,2,623.0,2010-12-02 14:26:00,371,2,2,3,223,Others
16782,38,9636.12,2011-11-29 13:20:00,9,5,5,5,555,Champions
16783,1,391.95,2010-09-29 11:53:00,436,1,2,2,122,Others
16784,5,892.33,2011-11-20 12:20:00,19,4,4,3,443,Loyal Customers
16785,1,533.78,2010-10-26 10:36:00,409,2,2,2,222,Others
16786,1,51.839999999999996,2010-11-11 08:25:00,393,2,2,1,221,Others
16787,4,1017.53,2010-11-07 11:01:00,397,2,4,3,243,Others
16788,5,1928.93,2011-08-08 14:53:00,122,3,4,4,344,Loyal Customers
16789,1,80.8,2011-12-01 15:12:00,7,5,2,1,521,Potential Loyalists
16790,6,1545.6200000000001,2011-12-06 11:53:00,3,5,4,4,544,Champions
16791,15,3957.63,2011-11-10 19:12:00,28,4,5,5,455,Champions
16792,5,623.46,2011-03-02 14:41:00,281,2,4,3,243,Others
16793,1,243.84,2011-10-13 15:08:00,56,4,2,1,421,Potential Loyalists
16794,15,2052.7,2011-12-08 17:54:00,0,5,5,4,554,Champions
16795,3,2062.41,2010-12-09 14:08:00,364,2,3,4,234,At Risk
16796,1,305.62,2011-09-11 14:01:00,88,3,2,2,322,Others
16797,5,1802.02,2010-11-11 19:14:00,392,2,4,4,244,At Risk
16798,3,841.16,2010-06-03 19:01:00,553,1,3,3,133,Others
16799,2,452.78000000000003,2010-10-03 14:28:00,431,1,2,2,122,Others
16800,1,1162.65,2011-11-28 14:06:00,10,5,2,3,523,Potential Loyalists
16801,4,1594.23,2011-06-29 15:33:00,162,3,4,4,344,Loyal Customers
16802,2,582.61,2010-01-29 13:44:00,678,1,2,2,122,Others
16803,1,332.3,2011-10-05 14:28:00,64,3,2,2,322,Others
16804,3,536.99,2011-11-16 16:43:00,22,4,3,2,432,Others
16805,5,1091.34,2011-06-19 11:23:00,173,3,4,3,343,Loyal Customers
16806,4,762.16,2011-08-28 15:27:00,102,3,4,3,343,Loyal Customers
16807,6,2123.88,2011-07-20 12:00:00,142,3,4,4,344,Loyal Customers
16808,2,288.42,2011-09-01 19:34:00,98,3,2,2,322,Others
16809,9,1727.43,2011-11-16 15:45:00,22,4,5,4,454,Champions
16810,2,842.0400000000001,2011-05-31 15:32:00,191,2,2,3,223,Others
16811,2,547.07,2011-12-05 11:39:00,4,5,2,2,522,Potential Loyalists
16812,4,2392.0,2010-12-14 12:35:00,360,2,4,4,244,At Risk
16813,10,1652.18,2011-12-01 14:03:00,7,5,5,4,554,Champions
16814,36,11924.85,2011-11-25 13:27:00,13,5,5,5,555,Champions
16815,2,406.02,2010-09-12 10:59:00,453,1,2,2,122,Others
16816,4,417.06,2011-08-28 14:16:00,102,3,4,2,342,Others
16817,13,2560.7,2011-12-07 11:03:00,2,5,5,4,554,Champions
16818,11,3349.57,2011-11-29 10:41:00,10,5,5,5,555,Champions
16819,2,182.59,2010-08-31 17:37:00,464,1,2,1,121,Others
16820,1,497.61,2011-09-05 12:06:00,95,3,2,2,322,Others
16821,1,113.35,2010-11-23 10:04:00,381,2,2,1,221,Others
16822,1,181.39,2010-01-22 14:22:00,685,1,2,1,121,Others
16823,7,2243.09,2011-04-26 15:00:00,226,2,4,4,244,At Risk
16824,3,686.24,2011-11-24 12:38:00,15,5,3,3,533,Loyal Customers
16825,5,1826.89,2011-11-01 11:51:00,38,4,4,4,444,Champions
16826,1,341.7,2011-10-19 14:05:00,50,4,2,2,422,Potential Loyalists
16827,5,392.13,2010-11-11 14:04:00,392,2,4,2,242,Others
16828,2,128.5,2011-09-07 15:10:00,92,3,2,1,321,Others
16829,2,513.32,2011-07-06 10:48:00,156,3,2,2,322,Others
16830,4,1207.5,2011-11-01 11:35:00,38,4,4,3,443,Loyal Customers
16831,1,91.8,2010-05-24 09:08:00,564,1,2,1,121,Others
16832,5,417.61,2011-06-08 15:36:00,183,3,4,2,342,Others
16833,6,2409.04,2011-12-08 14:39:00,0,5,4,4,544,Champions
16834,2,898.96,2011-04-26 09:37:00,227,2,3,3,233,Others
16835,6,1456.66,2011-08-03 13:50:00,127,3,4,4,344,Loyal Customers
16836,4,782.37,2011-10-31 10:05:00,39,4,4,3,443,Loyal Customers
16837,11,3170.98,2011-11-08 14:27:00,30,4,5,5,455,Champions
16838,4,1159.61,2011-05-26 13:13:00,196,2,4,3,243,Others
16839,44,21758.25,2011-12-01 09:03:00,8,5,5,5,555,Champions
16840,2,139.85,2010-04-15 15:48:00,602,1,3,1,131,Others
16841,12,4006.06,2011-11-03 11:51:00,36,4,5,5,455,Champions
16842,3,1264.19,2011-08-31 10:42:00,100,3,3,4,334,Loyal Customers
16843,35,19571.43,2011-10-28 09:06:00,42,4,5,5,455,Champions
16844,2,614.34,2010-05-26 10:29:00,562,1,3,3,133,Others
16845,1,253.88,2010-03-31 13:09:00,617,1,2,1,121,Others
16846,3,842.41,2011-10-20 13:55:00,49,4,3,3,433,Loyal Customers
16847,2,614.89,2011-10-27 13:29:00,42,4,3,3,433,Loyal Customers
16848,4,1411.62,2011-10-18 08:42:00,52,4,4,4,444,Champions
16849,1,124.57,2011-06-06 09:16:00,186,3,2,1,321,Others
16850,1,332.41,2011-01-10 11:09:00,333,2,2,2,222,Others
16851,3,342.45,2011-12-05 13:32:00,3,5,3,2,532,Others
16852,2,144.91000000000003,2011-11-29 13:22:00,9,5,3,1,531,Others
16854,2,1408.96,2010-10-18 16:31:00,416,1,3,4,134,At Risk
16855,2,328.4,2011-11-16 12:03:00,23,4,3,2,432,Others
16856,3,358.49,2011-11-25 08:59:00,14,5,3,2,532,Others
16857,1,352.8,2010-09-23 10:49:00,442,1,2,2,122,Others
16858,10,4292.59,2010-12-06 09:52:00,368,2,5,5,255,At Risk
16859,7,1932.41,2011-07-18 12:19:00,144,3,4,4,344,Loyal Customers
16860,3,1610.62,2010-09-13 10:05:00,452,1,3,4,134,At Risk
16861,5,946.59,2011-10-11 09:05:00,59,3,4,3,343,Loyal Customers
16862,4,662.33,2010-06-10 13:05:00,546,1,4,3,143,Others
16863,3,834.27,2011-11-08 15:26:00,30,4,3,3,433,Loyal Customers
16864,2,409.25,2010-10-01 16:16:00,433,1,3,2,132,Others
16865,1,130.95,2010-11-03 11:34:00,401,2,2,1,221,Others
16866,3,207.73999999999998,2011-07-22 10:06:00,140,3,3,1,331,Others
16867,1,76.74000000000001,2010-01-19 09:11:00,689,1,2,1,121,Others
16868,3,384.56,2010-11-10 13:17:00,393,2,3,2,232,Others
16869,4,817.12,2011-11-17 12:02:00,22,4,4,3,443,Loyal Customers
16870,1,450.15999999999997,2010-08-27 13:53:00,468,1,2,2,122,Others
16871,6,2812.34,2011-11-17 19:27:00,21,4,4,4,444,Champions
16872,6,1213.13,2011-09-23 16:05:00,76,3,4,3,343,Loyal Customers
16873,12,14617.39,2011-12-05 12:05:00,4,5,5,5,555,Champions
16874,1,209.89000000000001,2010-11-25 13:08:00,378,2,2,1,221,Others
16875,11,4234.53,2011-10-03 13:39:00,66,3,5,5,355,Loyal Customers
16876,1,136.01,2010-11-01 11:59:00,403,2,2,1,221,Others
16877,6,846.62,2011-11-27 13:47:00,11,5,4,3,543,Loyal Customers
16878,1,13.3,2011-09-16 17:39:00,83,3,2,1,321,Others
16880,8,1813.21,2011-11-09 11:33:00,30,4,5,4,454,Champions
16881,1,432.0,2011-10-04 10:33:00,66,3,2,2,322,Others
16882,3,705.12,2011-10-04 10:42:00,66,3,3,3,333,Loyal Customers
16883,19,2246.06,2011-06-05 12:51:00,186,3,5,4,354,Loyal Customers
16884,4,1070.97,2011-11-02 11:52:00,37,4,4,3,443,Loyal Customers
16885,4,684.6,2011-11-24 13:40:00,14,5,4,3,543,Loyal Customers
16886,1,134.0,2010-09-09 15:08:00,455,1,2,1,121,Others
16887,3,658.17,2011-11-04 14:07:00,34,4,3,3,433,Loyal Customers
16888,3,434.2,2010-11-04 12:39:00,400,2,3,2,232,Others
16889,6,2526.65,2011-05-29 11:05:00,194,2,4,4,244,At Risk
16890,3,285.41,2010-08-20 11:23:00,476,1,3,1,131,Others
16891,11,1727.94,2011-12-08 11:15:00,1,5,5,4,554,Champions
16892,7,754.75,2011-12-08 13:18:00,0,5,4,3,543,Loyal Customers
16893,2,249.89000000000001,2010-12-08 12:06:00,366,2,3,1,231,Others
16894,3,1306.96,2010-07-25 15:43:00,501,1,3,4,134,At Risk
16895,5,1102.9,2011-10-06 12:15:00,64,3,4,3,343,Loyal Customers
16896,1,103.95,2010-06-02 15:40:00,554,1,2,1,121,Others
16897,2,289.78,2011-02-13 15:02:00,298,2,3,2,232,Others
16898,5,885.21,2011-11-13 15:44:00,25,4,4,3,443,Loyal Customers
16899,8,1695.77,2011-12-02 12:03:00,7,5,5,4,554,Champions
16900,3,887.11,2011-11-23 10:32:00,16,5,3,3,533,Loyal Customers
16901,1,204.26,2009-12-10 16:30:00,728,1,2,1,121,Others
16902,1,1706.88,2011-08-15 14:17:00,115,3,2,4,324,Others
16903,3,1041.75,2011-11-10 15:32:00,28,4,3,3,433,Loyal Customers
16904,21,4675.36,2011-12-05 13:10:00,3,5,5,5,555,Champions
16905,17,4706.77,2011-12-04 14:01:00,4,5,5,5,555,Champions
16906,7,1410.92,2011-09-19 11:49:00,81,3,4,4,344,Loyal Customers
16907,9,1470.89,2011-11-10 18:04:00,28,4,5,4,454,Champions
16908,1,252.59,2009-12-17 13:35:00,721,1,2,1,121,Others
16909,1,379.14,2011-09-28 16:45:00,71,3,2,2,322,Others
16910,8,1508.96,2011-12-05 12:51:00,3,5,5,4,554,Champions
16911,2,255.25,2010-03-14 12:18:00,635,1,3,1,131,Others
16912,15,4460.51,2011-11-11 12:18:00,28,4,5,5,455,Champions
16913,3,423.90999999999997,2011-02-22 12:56:00,289,2,3,2,232,Others
16914,1,183.76,2011-11-03 15:27:00,35,4,2,1,421,Potential Loyalists
16915,11,1543.18,2011-11-30 16:39:00,8,5,5,4,554,Champions
16916,4,902.02,2011-11-16 12:08:00,23,4,4,3,443,Loyal Customers
16917,2,1851.88,2011-03-08 11:55:00,276,2,3,4,234,At Risk
16918,16,3206.54,2011-10-21 12:50:00,49,4,5,5,455,Champions
16919,24,4909.66,2011-07-06 13:35:00,155,3,5,5,355,Loyal Customers
16920,1,355.45,2010-10-24 14:07:00,410,1,2,2,122,Others
16921,3,409.21,2011-10-09 16:22:00,60,3,3,2,332,Others
16922,1,611.08,2010-05-16 11:24:00,572,1,2,3,123,Others
16923,32,13157.130000000001,2011-11-27 13:00:00,11,5,5,5,555,Champions
16924,3,829.89,2011-11-18 12:53:00,20,4,3,3,433,Loyal Customers
16925,1,125.65,2010-06-17 15:03:00,539,1,2,1,121,Others
16926,5,1169.6100000000001,2010-12-03 13:42:00,370,2,4,3,243,Others
16927,3,543.05,2011-08-16 11:10:00,115,3,3,2,332,Others
16928,29,3897.5299999999997,2011-09-20 15:10:00,79,3,5,5,355,Loyal Customers
16929,7,1295.39,2011-12-06 08:37:00,3,5,4,4,544,Champions
16930,3,378.89,2011-11-13 16:13:00,25,4,3,2,432,Others
16931,23,5032.22,2011-12-04 13:15:00,4,5,5,5,555,Champions
16932,3,412.55,2011-10-17 14:12:00,52,4,3,2,432,Others
16933,9,3099.3,2011-12-08 12:54:00,0,5,5,5,555,Champions
16934,6,2083.14,2011-10-16 12:40:00,54,4,4,4,444,Champions
16935,3,530.86,2010-11-23 09:16:00,381,2,3,2,232,Others
16936,2,548.29,2011-11-14 11:04:00,25,4,3,2,432,Others
16937,1,196.25,2010-07-28 17:56:00,498,1,2,1,121,Others
16938,9,6995.360000000001,2011-12-01 10:20:00,8,5,5,5,555,Champions
16939,3,433.85,2010-08-08 12:24:00,488,1,3,2,132,Others
16940,8,6427.66,2011-10-18 13:15:00,51,4,5,5,455,Champions
16941,1,33.0,2010-04-07 11:13:00,611,1,2,1,121,Others
16942,9,1904.99,2011-11-27 12:40:00,12,5,5,4,554,Champions
16943,5,1299.49,2011-05-12 11:57:00,211,2,4,4,244,At Risk
16944,1,101.36,2010-04-09 11:03:00,609,1,2,1,121,Others
16945,33,8548.16,2011-11-18 11:39:00,21,4,5,5,455,Champions
16946,5,1222.04,2010-11-21 14:06:00,382,2,4,4,244,At Risk
16947,5,955.21,2011-04-18 09:38:00,235,2,4,3,243,Others
16948,7,868.77,2011-07-24 12:46:00,138,3,4,3,343,Loyal Customers
16949,6,1286.27,2011-12-06 11:07:00,3,5,4,4,544,Champions
16950,10,3541.77,2011-10-14 09:06:00,56,4,5,5,455,Champions
16951,3,1277.75,2011-07-28 12:05:00,134,3,3,4,334,Loyal Customers
16952,5,795.83,2011-08-22 13:03:00,108,3,4,3,343,Loyal Customers
16953,1,20.8,2011-11-09 15:54:00,29,4,2,1,421,Potential Loyalists
16954,20,6081.88,2011-12-09 09:46:00,0,5,5,5,555,Champions
16955,6,1120.31,2011-06-08 10:36:00,184,3,4,3,343,Loyal Customers
16956,1,308.74,2011-11-22 08:56:00,17,5,2,2,522,Potential Loyalists
16957,2,416.64,2011-04-14 13:56:00,238,2,3,2,232,Others
16958,1,778.49,2010-09-30 14:25:00,434,1,2,3,123,Others
16959,1,117.35000000000001,2011-09-13 15:03:00,86,3,2,1,321,Others
16960,8,1990.88,2011-11-01 11:35:00,38,4,5,4,454,Champions
16961,3,794.56,2011-08-15 13:46:00,115,3,3,3,333,Loyal Customers
16962,1,251.04,2010-10-26 11:36:00,409,2,2,1,221,Others
16963,1,110.55000000000001,2011-06-05 13:48:00,186,3,2,1,321,Others
16964,2,207.85,2009-12-06 12:53:00,732,1,3,1,131,Others
16965,1,201.19,2011-04-27 12:08:00,226,2,2,1,221,Others
16966,7,2154.97,2011-12-01 13:40:00,7,5,4,4,544,Champions
16967,1,319.02,2011-06-03 14:24:00,188,3,2,2,322,Others
16968,2,439.43,2011-12-05 15:02:00,3,5,3,2,532,Others
16969,3,650.41,2011-10-31 13:12:00,38,4,3,3,433,Loyal Customers
16970,1,71.4,2010-03-23 13:50:00,625,1,2,1,121,Others
16971,1,357.21,2011-11-01 15:06:00,37,4,2,2,422,Potential Loyalists
16972,2,749.0,2010-11-22 10:59:00,382,2,3,3,233,Others
16973,1,127.0,2010-11-18 13:56:00,385,2,2,1,221,Others
16974,2,365.5,2010-07-05 10:18:00,522,1,3,2,132,Others
16975,3,926.12,2010-10-12 17:53:00,422,1,3,3,133,Others
16976,1,251.51999999999998,2011-03-17 16:33:00,266,2,2,1,221,Others
16977,4,496.0,2010-11-09 13:17:00,394,2,4,2,242,Others
16978,3,768.88,2011-09-23 12:50:00,77,3,3,3,333,Loyal Customers
16979,9,2859.74,2011-12-06 12:21:00,3,5,5,4,554,Champions
16980,3,1422.8300000000002,2011-03-29 16:36:00,254,2,3,4,234,At Risk
16982,1,384.06,2011-10-10 12:28:00,60,3,2,2,322,Others
16983,11,3490.5299999999997,2011-11-27 12:10:00,12,5,5,5,555,Champions
16984,9,10350.53,2011-09-12 13:43:00,87,3,5,5,355,Loyal Customers
16985,23,10923.16,2011-11-22 13:33:00,16,5,5,5,555,Champions
16986,11,4888.75,2011-11-10 11:55:00,29,4,5,5,455,Champions
16987,11,2521.4,2011-12-06 17:26:00,2,5,5,4,554,Champions
16988,2,382.67,2011-12-04 16:02:00,4,5,3,2,532,Others
16989,6,1133.25,2011-12-02 16:39:00,6,5,4,3,543,Loyal Customers
16990,2,344.0,2011-05-05 08:30:00,218,2,3,2,232,Others
16991,1,1041.21,2010-10-14 14:08:00,420,1,2,3,123,Others
16992,13,5476.5,2011-11-29 11:50:00,10,5,5,5,555,Champions
16993,2,1950.9499999999998,2010-09-02 12:16:00,463,1,3,4,134,At Risk
16996,9,2123.61,2011-11-09 16:43:00,29,4,5,4,454,Champions
16997,3,702.0,2011-02-24 17:28:00,287,2,3,3,233,Others
16998,5,402.0,2011-07-13 09:44:00,149,3,4,2,342,Others
16999,2,484.82,2011-11-16 13:53:00,22,4,3,2,432,Others
17000,2,406.3,2010-11-08 13:35:00,395,2,3,2,232,Others
17001,19,6640.8,2011-12-09 09:38:00,0,5,5,5,555,Champions
17002,7,2571.55,2011-09-15 12:40:00,85,3,4,4,344,Loyal Customers
17003,4,828.21,2010-11-02 13:15:00,401,2,4,3,243,Others
17004,4,2324.36,2011-10-24 14:25:00,45,4,4,4,444,Champions
17005,2,622.36,2010-08-26 10:57:00,470,1,3,3,133,Others
17006,8,1635.27,2011-12-05 12:09:00,4,5,5,4,554,Champions
17007,7,1120.1,2011-10-20 10:47:00,50,4,4,3,443,Loyal Customers
17008,1,81.36,2010-10-06 15:19:00,428,1,2,1,121,Others
17009,1,242.06,2010-06-06 16:01:00,550,1,2,1,121,Others
17010,1,195.36,2011-11-21 14:49:00,17,5,2,1,521,Potential Loyalists
17011,3,671.7,2011-11-09 13:30:00,29,4,3,3,433,Loyal Customers
17012,1,360.61,2009-12-14 17:34:00,724,1,2,2,122,Others
17014,3,583.4300000000001,2011-12-01 14:09:00,7,5,3,2,532,Others
17015,3,1838.6100000000001,2011-11-11 10:45:00,28,4,3,4,434,Loyal Customers
17016,1,552.4,2010-05-12 12:32:00,576,1,2,2,122,Others
17017,29,12576.99,2011-12-07 09:32:00,2,5,5,5,555,Champions
17018,6,2287.7,2011-10-30 11:42:00,40,4,4,4,444,Champions
17019,11,3602.29,2011-11-28 13:06:00,10,5,5,5,555,Champions
17020,2,935.62,2010-06-15 13:06:00,541,1,3,3,133,Others
17021,6,1182.22,2010-09-23 20:01:00,441,1,4,3,143,Others
17022,2,260.0,2011-11-08 17:09:00,30,4,3,1,431,Others
17023,3,800.18,2010-10-18 15:37:00,416,1,3,3,133,Others
17024,3,95.85,2011-10-25 13:47:00,44,4,3,1,431,Others
17025,5,1349.67,2011-10-10 09:06:00,60,3,4,4,344,Loyal Customers
17026,3,175.82999999999998,2011-06-07 14:28:00,184,3,3,1,331,Others
17027,9,1310.63,2011-09-22 12:24:00,78,3,5,4,354,Loyal Customers
17028,3,1593.83,2010-05-07 15:33:00,580,1,3,4,134,At Risk
17029,7,2137.3,2011-08-21 11:06:00,110,3,4,4,344,Loyal Customers
17030,1,146.87,2011-10-07 08:49:00,63,3,2,1,321,Others
17031,6,2773.85,2011-11-28 10:23:00,11,5,4,4,544,Champions
17032,8,2984.32,2010-06-10 12:16:00,547,1,5,5,155,At Risk
17033,4,1332.79,2011-09-14 14:34:00,85,3,4,4,344,Loyal Customers
17034,5,1276.42,2011-11-23 15:14:00,15,5,4,4,544,Champions
17035,4,613.59,2011-04-08 11:23:00,245,2,4,3,243,Others
17036,1,176.9,2010-11-21 14:26:00,382,2,2,1,221,Others
17037,1,1267.32,2011-09-13 12:49:00,87,3,2,4,324,Others
17038,2,743.17,2011-11-09 13:50:00,29,4,3,3,433,Loyal Customers
17039,1,1954.99,2010-04-14 12:56:00,603,1,2,4,124,At Risk
17040,2,463.25,2011-07-25 10:19:00,137,3,3,2,332,Others
17041,6,1655.2,2011-11-13 11:21:00,26,4,4,4,444,Champions
17042,5,1036.58,2011-12-07 12:26:00,2,5,4,3,543,Loyal Customers
17043,8,2593.65,2011-11-07 15:33:00,31,4,5,4,454,Champions
17044,12,11962.3,2011-11-14 14:28:00,24,4,5,5,455,Champions
17045,5,827.6800000000001,2011-08-18 17:09:00,112,3,4,3,343,Loyal Customers
17046,5,1906.07,2011-07-05 14:24:00,156,3,4,4,344,Loyal Customers
17047,6,2289.23,2011-09-15 13:27:00,84,3,4,4,344,Loyal Customers
17048,7,2071.68,2011-08-14 11:49:00,117,3,4,4,344,Loyal Customers
17049,19,9942.53,2011-12-07 10:48:00,2,5,5,5,555,Champions
17050,11,4648.59,2011-09-04 13:48:00,95,3,5,5,355,Loyal Customers
17051,4,706.49,2011-05-29 14:13:00,193,2,4,3,243,Others
17052,1,399.09,2011-11-11 14:50:00,27,4,2,2,422,Potential Loyalists
17053,1,498.48,2011-08-01 10:23:00,130,3,2,2,322,Others
17054,5,1356.33,2011-11-11 12:56:00,27,4,4,4,444,Champions
17055,1,232.85,2010-09-20 12:21:00,445,1,2,1,121,Others
17056,1,128.60000000000002,2009-12-01 12:55:00,737,1,2,1,121,Others
17057,1,294.74,2010-04-22 19:21:00,595,1,2,2,122,Others
17058,3,1179.89,2011-09-19 10:13:00,81,3,3,3,333,Loyal Customers
17059,9,4864.57,2011-11-10 12:27:00,29,4,5,5,455,Champions
17060,1,234.24,2011-03-18 13:27:00,265,2,2,1,221,Others
17061,11,5232.2300000000005,2011-09-27 11:24:00,73,3,5,5,355,Loyal Customers
17062,6,889.75,2011-01-30 11:01:00,313,2,4,3,243,Others
17063,13,3638.53,2011-11-18 16:19:00,20,4,5,5,455,Champions
17064,3,855.45,2011-10-12 10:18:00,58,4,3,3,433,Loyal Customers
17065,2,194.7,2010-03-12 11:41:00,637,1,3,1,131,Others
17066,1,228.34,2009-12-13 13:24:00,725,1,2,1,121,Others
17067,3,454.54,2009-12-15 08:39:00,724,1,3,2,132,Others
17068,47,8987.68,2011-11-27 13:14:00,11,5,5,5,555,Champions
17069,14,5517.2300000000005,2011-11-11 17:13:00,27,4,5,5,455,Champions
17070,2,437.42,2011-08-17 17:01:00,113,3,3,2,332,Others
17071,13,3793.71,2011-11-11 16:31:00,27,4,5,5,455,Champions
17072,1,273.35,2010-03-24 16:33:00,624,1,2,1,121,Others
17073,4,1446.09,2011-11-22 11:47:00,17,5,4,4,544,Champions
17074,1,203.05,2010-05-26 12:04:00,562,1,2,1,121,Others
17075,10,2236.63,2011-11-22 11:58:00,17,5,5,4,554,Champions
17076,6,1242.75,2011-11-03 17:53:00,35,4,4,4,444,Champions
17077,1,306.0,2010-05-10 16:36:00,577,1,2,2,122,Others
17078,2,378.2,2011-11-03 19:17:00,35,4,3,2,432,Others
17079,1,118.80000000000001,2011-09-22 15:34:00,77,3,2,1,321,Others
17080,7,957.53,2011-11-17 12:59:00,21,4,4,3,443,Loyal Customers
17081,6,949.39,2011-11-14 12:56:00,24,4,4,3,443,Loyal Customers
17082,6,4732.03,2011-11-06 15:17:00,32,4,4,5,445,Champions
17083,9,4049.79,2011-08-22 15:43:00,108,3,5,5,355,Loyal Customers
17084,3,5001.21,2011-11-04 14:54:00,34,4,3,5,435,Loyal Customers
17085,28,7847.67,2011-08-08 14:15:00,122,3,5,5,355,Loyal Customers
17086,6,2050.08,2011-12-02 13:54:00,6,5,4,4,544,Champions
17087,1,221.53,2009-12-02 10:41:00,737,1,2,1,121,Others
17088,4,1991.01,2011-11-11 14:23:00,27,4,4,4,444,Champions
17089,1,128.45,2010-11-18 15:33:00,385,2,2,1,221,Others
17090,13,3080.1800000000003,2011-12-05 13:44:00,3,5,5,5,555,Champions
17091,19,7495.75,2011-12-07 10:43:00,2,5,5,5,555,Champions
17092,11,5511.41,2011-10-20 19:51:00,49,4,5,5,455,Champions
17093,1,235.88,2010-04-26 10:22:00,592,1,2,1,121,Others
17094,2,402.20000000000005,2011-01-21 13:09:00,321,2,3,2,232,Others
17095,7,2572.25,2011-11-17 12:21:00,22,4,4,4,444,Champions
17096,11,3697.93,2011-11-24 15:01:00,14,5,5,5,555,Champions
17097,9,1143.36,2011-12-07 17:05:00,1,5,5,3,553,Loyal Customers
17098,3,591.0699999999999,2010-11-23 12:13:00,381,2,3,2,232,Others
17099,1,582.17,2010-06-24 16:25:00,532,1,2,2,122,Others
17100,2,971.74,2011-11-21 16:36:00,17,5,3,3,533,Loyal Customers
17101,7,2507.05,2011-11-29 13:57:00,9,5,4,4,544,Champions
17102,1,25.5,2011-03-23 10:08:00,261,2,2,1,221,Others
17103,1,424.3,2009-12-17 14:08:00,721,1,2,2,122,Others
17104,1,474.03,2010-10-12 12:21:00,423,1,2,2,122,Others
17105,2,665.78,2011-07-03 15:53:00,158,3,3,3,333,Loyal Customers
17106,1,481.58,2010-11-15 14:11:00,388,2,2,2,222,Others
17107,10,16052.72,2011-11-06 14:14:00,32,4,5,5,455,Champions
17108,1,174.95,2010-02-14 12:22:00,663,1,2,1,121,Others
17109,8,1291.71,2011-11-10 16:59:00,28,4,5,4,454,Champions
17110,3,499.9,2011-06-27 12:58:00,164,3,3,2,332,Others
17111,2,459.58,2011-10-23 15:59:00,46,4,3,2,432,Others
17112,1,197.57,2010-07-25 11:14:00,502,1,2,1,121,Others
17113,6,2305.59,2010-05-14 13:59:00,573,1,4,4,144,At Risk
17114,8,801.12,2011-12-04 12:17:00,5,5,5,3,553,Loyal Customers
17115,7,2761.4900000000002,2011-12-01 14:30:00,7,5,4,4,544,Champions
17116,1,389.78,2010-03-01 16:29:00,647,1,2,2,122,Others
17117,1,116.19999999999999,2011-02-24 13:54:00,287,2,2,1,221,Others
17118,1,157.02,2011-01-26 12:19:00,317,2,2,1,221,Others
17119,2,606.91,2011-12-06 14:40:00,2,5,3,2,532,Others
17120,1,307.46,2011-04-20 15:21:00,232,2,2,2,222,Others
17121,1,314.74,2010-11-02 11:47:00,402,2,2,2,222,Others
17122,4,570.5,2011-08-12 14:33:00,118,3,4,2,342,Others
17123,3,977.17,2011-07-01 10:47:00,161,3,3,3,333,Loyal Customers
17124,1,294.24,2011-06-07 14:02:00,184,3,2,2,322,Others
17125,1,230.5,2011-10-20 14:41:00,49,4,2,1,421,Potential Loyalists
17126,9,2016.43,2011-07-10 13:52:00,151,3,5,4,354,Loyal Customers
17127,5,1155.0300000000002,2010-10-07 09:54:00,428,1,4,3,143,Others
17128,1,157.09,2011-01-09 12:02:00,334,2,2,1,221,Others
17129,1,31.85,2010-07-07 13:46:00,519,1,2,1,121,Others
17131,5,2463.17,2011-12-04 12:52:00,4,5,4,4,544,Champions
17132,2,1220.9099999999999,2010-09-13 16:31:00,451,1,3,4,134,At Risk
17133,12,14622.33,2011-11-24 12:27:00,15,5,5,5,555,Champions
17134,3,625.3,2011-08-25 09:53:00,106,3,3,3,333,Loyal Customers
17135,10,1722.18,2011-11-23 16:48:00,15,5,5,4,554,Champions
17136,1,231.68,2010-02-15 13:13:00,661,1,2,1,121,Others
17137,6,1099.81,2010-10-19 14:51:00,415,1,4,3,143,Others
17138,7,4417.27,2011-03-09 11:54:00,275,2,4,5,245,At Risk
17139,25,19566.76,2011-11-24 10:12:00,15,5,5,5,555,Champions
17140,1,454.12,2011-04-06 13:33:00,246,2,2,2,222,Others
17141,4,727.58,2010-10-17 14:54:00,417,1,4,3,143,Others
17142,4,1275.25,2011-04-14 18:22:00,238,2,4,4,244,At Risk
17143,2,880.97,2010-10-18 15:27:00,416,1,3,3,133,Others
17144,2,984.57,2011-12-08 17:57:00,0,5,3,3,533,Loyal Customers
17145,4,3120.91,2010-07-15 09:02:00,512,1,4,5,145,At Risk
17146,13,5852.64,2011-08-26 12:44:00,105,3,5,5,355,Loyal Customers
17147,9,3199.95,2011-11-17 12:32:00,22,4,5,5,455,Champions
17148,1,124.88,2011-10-19 09:59:00,51,4,2,1,421,Potential Loyalists
17149,1,143.10000000000002,2010-09-14 14:56:00,450,1,2,1,121,Others
17150,6,1357.95,2010-11-28 11:27:00,376,2,4,4,244,At Risk
17151,1,231.90000000000003,2009-12-04 14:56:00,734,1,2,1,121,Others
17152,4,2016.5,2011-05-29 12:19:00,194,2,4,4,244,At Risk
17153,1,213.78,2011-11-15 13:42:00,23,4,2,1,421,Potential Loyalists
17154,1,329.34,2011-09-25 13:42:00,74,3,2,2,322,Others
17155,7,892.46,2011-11-22 12:38:00,17,5,4,3,543,Loyal Customers
17156,1,591.87,2010-08-05 11:30:00,491,1,2,2,122,Others
17157,19,5151.9,2011-12-02 09:10:00,7,5,5,5,555,Champions
17158,5,1980.0,2011-11-07 15:15:00,31,4,4,4,444,Champions
17159,5,2099.59,2011-11-18 10:52:00,21,4,4,4,444,Champions
17160,17,10209.16,2011-11-08 14:05:00,30,4,5,5,455,Champions
17161,1,856.01,2010-09-21 16:44:00,443,1,2,3,123,Others
17162,10,1715.46,2011-11-11 11:34:00,28,4,5,4,454,Champions
17163,4,699.78,2011-11-18 08:57:00,21,4,4,3,443,Loyal Customers
17164,7,2467.35,2011-11-07 09:14:00,32,4,4,4,444,Champions
17165,6,1794.32,2011-02-28 16:39:00,283,2,4,4,244,At Risk
17166,2,206.34,2011-11-01 09:46:00,38,4,3,1,431,Others
17167,3,867.11,2010-11-25 10:05:00,379,2,3,3,233,Others
17168,1,400.2,2010-07-29 12:33:00,498,1,2,2,122,Others
17169,3,1156.73,2011-10-13 10:25:00,57,4,3,3,433,Loyal Customers
17170,2,178.68,2010-11-30 15:55:00,373,2,3,1,231,Others
17171,2,384.59,2011-02-23 16:37:00,288,2,3,2,232,Others
17172,3,956.5699999999999,2011-09-22 09:36:00,78,3,3,3,333,Loyal Customers
17173,8,3766.6,2011-12-04 14:40:00,4,5,5,5,555,Champions
17174,1,59.9,2011-05-06 11:47:00,217,2,2,1,221,Others
17175,4,1443.69,2011-10-26 15:31:00,43,4,4,4,444,Champions
17176,3,902.3199999999999,2011-05-22 12:41:00,201,2,3,3,233,Others
17177,1,119.5,2010-07-22 14:53:00,504,1,2,1,121,Others
17178,1,432.96,2009-12-08 16:20:00,730,1,2,2,122,Others
17179,6,1507.26,2011-06-14 16:48:00,177,3,4,4,344,Loyal Customers
17180,11,2236.77,2011-10-14 15:46:00,55,4,5,4,454,Champions
17181,3,309.85,2011-10-13 14:48:00,56,4,3,2,432,Others
17182,2,321.3,2010-10-13 10:09:00,422,1,3,2,132,Others
17183,6,3347.31,2011-12-02 10:07:00,7,5,4,5,545,Champions
17184,2,198.41000000000003,2010-05-19 14:24:00,568,1,3,1,131,Others
17185,3,229.46,2010-04-27 12:15:00,591,1,3,1,131,Others
17186,2,144.0,2011-10-24 10:20:00,46,4,3,1,431,Others
17187,2,467.71,2011-04-27 12:39:00,226,2,3,2,232,Others
17188,13,4592.93,2011-11-28 13:53:00,10,5,5,5,555,Champions
17189,5,953.63,2011-08-25 19:39:00,105,3,4,3,343,Loyal Customers
17190,7,1726.57,2011-10-12 11:33:00,58,4,4,4,444,Champions
17191,15,4310.34,2011-11-11 16:58:00,27,4,5,5,455,Champions
17192,1,75.28,2010-06-21 16:07:00,535,1,2,1,121,Others
17193,9,2310.04,2011-11-04 12:47:00,35,4,5,4,454,Champions
17194,3,812.5,2011-03-11 12:05:00,273,2,3,3,233,Others
17195,1,562.98,2010-02-22 13:05:00,654,1,2,2,122,Others
17196,1,327.75,2010-10-08 11:31:00,427,1,2,2,122,Others
17197,1,1013.01,2011-11-10 10:32:00,29,4,2,3,423,Potential Loyalists
17198,3,692.22,2011-11-16 10:39:00,23,4,3,3,433,Loyal Customers
17199,1,135.04000000000002,2010-05-06 13:53:00,581,1,2,1,121,Others
17200,4,356.71,2010-11-17 13:04:00,386,2,4,2,242,Others
17201,4,1143.1,2011-10-17 11:55:00,53,4,4,3,443,Loyal Customers
17202,1,160.65,2010-10-15 11:25:00,420,1,2,1,121,Others
17203,10,5564.09,2011-11-04 12:27:00,35,4,5,5,455,Champions
17204,9,5504.6900000000005,2011-06-17 14:46:00,174,3,5,5,355,Loyal Customers
17205,3,999.35,2011-10-17 12:46:00,53,4,3,3,433,Loyal Customers
17206,1,204.24,2011-10-17 13:25:00,52,4,2,1,421,Potential Loyalists
17207,1,292.62,2010-02-25 19:08:00,651,1,2,2,122,Others
17208,1,111.15,2010-11-09 12:50:00,395,2,2,1,221,Others
17209,3,595.7,2010-02-28 16:01:00,648,1,3,2,132,Others
17210,1,251.72,2010-11-12 12:15:00,392,2,2,1,221,Others
17211,13,3773.35,2011-11-13 12:03:00,26,4,5,5,455,Champions
17212,3,794.41,2011-03-31 19:42:00,252,2,3,3,233,Others
17213,13,4869.400000000001,2011-10-30 14:53:00,39,4,5,5,455,Champions
17214,6,1059.1200000000001,2011-10-10 13:17:00,59,3,4,3,343,Loyal Customers
17215,1,186.15,2010-09-01 13:39:00,463,1,2,1,121,Others
17216,1,63.6,2010-06-03 13:03:00,553,1,2,1,121,Others
17217,2,210.1,2011-04-19 17:19:00,233,2,3,1,231,Others
17218,18,3891.39,2011-12-05 13:52:00,3,5,5,5,555,Champions
17219,2,259.13,2011-11-08 11:25:00,31,4,3,1,431,Others
17220,21,4457.31,2011-11-15 13:47:00,23,4,5,5,455,Champions
17221,5,976.62,2011-12-02 13:35:00,6,5,4,3,543,Loyal Customers
17222,6,1579.51,2011-10-05 13:58:00,64,3,4,4,344,Loyal Customers
17223,3,558.04,2011-02-02 15:57:00,309,2,3,2,232,Others
17224,1,100.86,2010-07-26 13:30:00,500,1,2,1,121,Others
17225,1,131.15,2010-05-07 11:38:00,581,1,2,1,121,Others
17226,3,895.47,2011-02-04 11:52:00,308,2,3,3,233,Others
17227,12,1878.93,2011-11-21 10:51:00,18,5,5,4,554,Champions
17228,13,2820.03,2011-11-24 10:24:00,15,5,5,4,554,Champions
17229,2,318.76,2011-09-04 13:56:00,95,3,3,2,332,Others
17230,18,9388.49,2011-03-20 16:12:00,263,2,5,5,255,At Risk
17231,25,7064.8,2011-11-27 15:18:00,11,5,5,5,555,Champions
17232,2,417.77,2011-12-07 12:21:00,2,5,3,2,532,Others
17233,3,560.86,2011-11-04 14:06:00,34,4,3,2,432,Others
17234,1,149.89000000000001,2011-06-10 11:20:00,182,3,2,1,321,Others
17235,8,1562.98,2011-11-14 15:51:00,24,4,5,4,454,Champions
17236,12,1929.26,2011-11-27 12:00:00,12,5,5,4,554,Champions
17237,4,994.13,2011-11-28 15:02:00,10,5,4,3,543,Loyal Customers
17238,32,7331.67,2011-12-07 11:35:00,2,5,5,5,555,Champions
17239,4,1189.45,2011-01-31 09:41:00,312,2,4,3,243,Others
17240,1,130.6,2010-04-22 15:44:00,595,1,2,1,121,Others
17241,12,2736.64,2010-11-19 13:01:00,384,2,5,4,254,At Risk
17242,5,2889.28,2011-08-23 14:55:00,107,3,4,4,344,Loyal Customers
17243,69,20203.58,2011-12-08 13:26:00,0,5,5,5,555,Champions
17244,5,1826.04,2011-10-17 15:19:00,52,4,4,4,444,Champions
17245,2,371.63,2011-05-19 10:43:00,204,2,3,2,232,Others
17246,2,38.92,2010-06-11 12:36:00,546,1,3,1,131,Others
17247,1,280.09000000000003,2011-11-24 15:21:00,14,5,2,1,521,Potential Loyalists
17248,2,500.54,2011-08-11 13:34:00,119,3,3,2,332,Others
17249,1,68.03,2010-10-07 11:33:00,428,1,2,1,121,Others
17250,2,381.97,2011-12-06 12:15:00,3,5,3,2,532,Others
17251,3,798.98,2010-12-12 11:06:00,362,2,3,3,233,Others
17252,2,348.91,2011-08-15 09:45:00,116,3,3,2,332,Others
17253,1,178.26,2011-11-21 12:59:00,17,5,2,1,521,Potential Loyalists
17254,3,469.48,2011-12-05 12:46:00,4,5,3,2,532,Others
17255,4,781.7,2011-10-30 12:18:00,40,4,4,3,443,Loyal Customers
17256,5,498.93,2011-08-24 13:30:00,106,3,4,2,342,Others
17257,2,189.78,2010-09-29 12:51:00,435,1,3,1,131,Others
17258,2,417.3,2010-11-08 12:37:00,396,2,3,2,232,Others
17259,6,1452.39,2011-07-14 15:01:00,147,3,4,4,344,Loyal Customers
17260,1,120.95,2010-10-24 13:21:00,410,1,2,1,121,Others
17261,1,221.59,2010-07-18 11:49:00,509,1,2,1,121,Others
17262,11,2488.76,2011-10-18 12:56:00,51,4,5,4,454,Champions
17263,1,63.440000000000005,2011-05-15 14:32:00,207,2,2,1,221,Others
17264,1,268.28,2010-10-11 12:52:00,423,1,2,1,121,Others
17265,2,550.01,2011-07-24 10:49:00,138,3,3,2,332,Others
17266,5,501.71999999999997,2011-12-07 14:12:00,1,5,4,2,542,Others
17267,2,317.2,2011-08-04 17:22:00,126,3,3,2,332,Others
17268,11,1733.8899999999999,2011-08-24 10:06:00,107,3,5,4,354,Loyal Customers
17269,1,491.81,2010-11-19 11:12:00,385,2,2,2,222,Others
17270,2,601.4499999999999,2010-08-27 14:09:00,468,1,3,2,132,Others
17271,1,204.3,2009-12-03 13:49:00,735,1,2,1,121,Others
17272,4,2148.63,2011-10-28 16:37:00,41,4,4,4,444,Champions
17273,1,141.12,2010-10-11 15:57:00,423,1,2,1,121,Others
17274,2,573.22,2011-11-04 13:16:00,34,4,3,2,432,Others
17275,1,114.1,2010-11-21 13:26:00,382,2,2,1,221,Others
17276,1,502.49,2010-11-02 16:20:00,401,2,2,2,222,Others
17277,2,1065.3500000000001,2011-04-26 12:47:00,227,2,3,3,233,Others
17278,2,271.24,2011-04-12 13:10:00,240,2,3,1,231,Others
17279,1,187.82999999999998,2011-10-13 11:58:00,57,4,2,1,421,Potential Loyalists
17280,1,118.85999999999999,2010-09-27 16:46:00,437,1,2,1,121,Others
17281,6,797.8499999999999,2010-11-30 18:05:00,373,2,4,3,243,Others
17282,5,2308.54,2011-08-01 14:29:00,129,3,4,4,344,Loyal Customers
17283,1,188.46,2010-11-26 11:53:00,378,2,2,1,221,Others
17284,8,2788.06,2011-10-10 14:38:00,59,3,5,4,354,Loyal Customers
17285,2,407.94,2010-03-21 13:38:00,627,1,3,2,132,Others
17286,3,389.18,2011-11-18 12:47:00,21,4,3,2,432,Others
17287,21,3826.86,2011-11-13 13:27:00,25,4,5,5,455,Champions
17288,11,2468.43,2011-11-30 16:09:00,8,5,5,4,554,Champions
17289,9,2041.8,2011-11-08 12:01:00,31,4,5,4,454,Champions
17290,8,1487.96,2011-12-06 12:38:00,3,5,5,4,554,Champions
17291,1,550.8000000000001,2011-02-04 13:04:00,307,2,2,2,222,Others
17292,2,271.75,2010-08-24 17:14:00,471,1,3,1,131,Others
17293,17,3750.63,2011-12-01 14:37:00,7,5,5,5,555,Champions
17294,2,467.78999999999996,2010-02-08 16:12:00,668,1,3,2,132,Others
17295,3,547.0,2011-11-11 10:49:00,28,4,3,2,432,Others
17296,1,338.13,2009-12-09 14:01:00,729,1,2,2,122,Others
17297,1,128.18,2011-11-22 14:43:00,16,5,2,1,521,Potential Loyalists
17298,5,954.26,2011-08-30 16:43:00,100,3,4,3,343,Loyal Customers
17299,6,993.23,2011-11-28 12:01:00,11,5,4,3,543,Loyal Customers
17300,2,393.64,2010-11-14 10:56:00,390,2,3,2,232,Others
17301,2,294.39,2011-11-18 13:43:00,20,4,3,2,432,Others
17302,5,1135.63,2011-11-25 09:36:00,14,5,4,3,543,Loyal Customers
17303,1,250.04,2010-12-13 13:32:00,360,2,2,1,221,Others
17304,1,111.5,2010-06-23 16:23:00,533,1,2,1,121,Others
17305,1,2135.46,2010-03-01 12:47:00,648,1,2,4,124,At Risk
17306,21,9782.35,2011-11-29 12:14:00,10,5,5,5,555,Champions
17307,11,3999.8900000000003,2010-11-09 13:40:00,394,2,5,5,255,At Risk
17308,2,4511.76,2010-11-11 13:19:00,392,2,3,5,235,At Risk
17309,3,320.39,2011-09-05 15:20:00,94,3,3,2,332,Others
17310,2,1025.1,2010-11-17 16:00:00,386,2,3,3,233,Others
17311,6,3566.56,2011-09-22 14:11:00,77,3,4,5,345,Loyal Customers
17312,3,644.3,2011-07-24 11:52:00,138,3,3,3,333,Loyal Customers
17313,1,2328.84,2011-11-08 15:45:00,30,4,2,4,424,Potential Loyalists
17314,17,4904.43,2011-11-15 09:41:00,24,4,5,5,455,Champions
17315,43,9599.58,2011-12-08 12:15:00,1,5,5,5,555,Champions
17316,1,124.45,2010-10-15 14:35:00,419,1,2,1,121,Others
17317,3,2600.34,2011-10-24 17:19:00,45,4,3,4,434,Loyal Customers
17318,1,157.32999999999998,2009-12-14 13:11:00,724,1,2,1,121,Others
17319,1,29.1,2010-02-08 15:47:00,668,1,2,1,121,Others
17320,6,2444.85,2011-08-31 13:31:00,99,3,4,4,344,Loyal Customers
17321,6,1665.21,2011-12-01 13:41:00,7,5,4,4,544,Champions
17322,5,922.59,2010-11-28 14:41:00,375,2,4,3,243,Others
17323,12,1551.04,2011-11-24 17:29:00,14,5,5,4,554,Champions
17324,12,2171.07,2011-11-22 10:34:00,17,5,5,4,554,Champions
17325,3,609.5699999999999,2011-03-04 13:09:00,279,2,3,3,233,Others
17326,2,312.35,2010-10-27 15:38:00,407,2,3,2,232,Others
17327,2,152.35,2010-10-26 09:54:00,409,2,3,1,231,Others
17328,1,104.7,2010-02-04 17:11:00,672,1,2,1,121,Others
17329,5,998.53,2011-11-25 14:24:00,13,5,4,3,543,Loyal Customers
17330,4,423.8,2011-11-17 08:56:00,22,4,4,2,442,Others
17331,1,175.2,2011-08-08 11:55:00,123,3,2,1,321,Others
17332,5,838.27,2010-06-29 16:10:00,527,1,4,3,143,Others
17333,1,494.25,2011-09-15 10:11:00,85,3,2,2,322,Others
17334,3,635.15,2011-02-10 14:59:00,301,2,3,3,233,Others
17335,2,497.04,2010-11-21 10:17:00,383,2,3,2,232,Others
17336,1,81.12,2010-08-24 15:37:00,471,1,2,1,121,Others
17337,4,1981.06,2011-07-11 14:55:00,150,3,4,4,344,Loyal Customers
17338,17,11889.33,2011-11-22 14:23:00,16,5,5,5,555,Champions
17339,3,302.36,2011-09-06 13:29:00,93,3,3,2,332,Others
17340,18,19617.95,2011-11-10 10:45:00,29,4,5,5,455,Champions
17341,5,1272.21,2011-07-06 12:33:00,156,3,4,4,344,Loyal Customers
17342,4,1227.54,2010-11-25 11:07:00,379,2,4,4,244,At Risk
17343,6,1259.94,2010-12-19 15:07:00,354,2,4,4,244,At Risk
17344,2,457.36,2011-10-24 12:56:00,45,4,3,2,432,Others
17345,10,1586.6299999999999,2011-11-24 15:03:00,14,5,5,4,554,Champions
17346,26,4998.61,2011-12-06 12:18:00,3,5,5,5,555,Champions
17347,1,228.96,2011-09-14 13:12:00,85,3,2,1,321,Others
17348,9,2442.29,2011-11-25 11:25:00,14,5,5,4,554,Champions
17349,5,772.41,2011-06-13 14:29:00,178,3,4,3,343,Loyal Customers
17350,7,1893.701,2011-12-01 15:47:00,7,5,4,4,544,Champions
17351,12,1988.23,2011-11-03 18:45:00,35,4,5,4,454,Champions
17352,1,36.25,2010-01-12 16:13:00,695,1,2,1,121,Others
17353,4,3242.0,2011-08-02 17:19:00,128,3,4,5,345,Loyal Customers
17354,4,3133.96,2011-10-20 10:34:00,50,4,4,5,445,Champions
17355,1,273.31,2010-11-18 13:18:00,385,2,2,1,221,Others
17356,5,946.47,2011-02-01 11:07:00,311,2,4,3,243,Others
17357,2,384.39,2011-11-15 16:30:00,23,4,3,2,432,Others
17358,5,861.01,2011-02-09 16:57:00,302,2,4,3,243,Others
17359,2,284.46,2011-11-28 14:37:00,10,5,3,1,531,Others
17360,6,1200.51,2011-11-22 13:11:00,16,5,4,3,543,Loyal Customers
17361,5,871.79,2011-10-21 15:43:00,48,4,4,3,443,Loyal Customers
17362,7,1024.04,2011-04-14 14:43:00,238,2,4,3,243,Others
17363,3,920.46,2010-11-09 17:11:00,394,2,3,3,233,Others
17364,28,11972.92,2011-12-09 09:00:00,0,5,5,5,555,Champions
17365,15,8184.49,2011-11-27 12:13:00,12,5,5,5,555,Champions
17366,2,1077.24,2010-10-03 16:04:00,431,1,3,3,133,Others
17367,1,167.55,2011-04-15 14:21:00,237,2,2,1,221,Others
17368,14,2758.29,2011-11-16 15:26:00,22,4,5,4,454,Champions
17369,1,979.1999999999999,2010-09-10 09:49:00,455,1,2,3,123,Others
17370,4,446.18,2011-09-28 10:14:00,72,3,4,2,342,Others
17371,6,655.37,2011-11-22 13:30:00,16,5,4,3,543,Loyal Customers
17372,28,4347.31,2011-10-30 11:37:00,40,4,5,5,455,Champions
17373,7,1167.5,2011-10-30 15:28:00,39,4,4,3,443,Loyal Customers
17374,3,727.11,2011-05-05 09:05:00,218,2,3,3,233,Others
17375,4,660.55,2011-05-24 15:45:00,198,2,4,3,243,Others
17376,4,453.64,2011-09-30 12:36:00,70,3,4,2,342,Others
17377,78,17644.27,2011-11-16 11:17:00,23,4,5,5,455,Champions
17378,1,10.95,2010-11-30 18:46:00,373,2,2,1,221,Others
17379,1,389.71999999999997,2011-11-28 13:56:00,10,5,2,2,522,Potential Loyalists
17380,3,645.0,2010-10-01 16:42:00,433,1,3,3,133,Others
17381,38,36398.65,2011-12-01 11:59:00,8,5,5,5,555,Champions
17382,8,902.28,2011-10-05 13:05:00,64,3,5,3,353,Loyal Customers
17383,2,304.09,2011-12-05 17:36:00,3,5,3,2,532,Others
17384,3,507.55,2011-11-20 15:48:00,18,5,3,2,532,Others
17385,1,256.11,2011-11-25 11:02:00,14,5,2,1,521,Potential Loyalists
17386,7,2812.77,2011-12-02 11:28:00,7,5,4,4,544,Champions
17387,2,746.81,2011-11-20 11:00:00,19,4,3,3,433,Loyal Customers
17388,11,2675.37,2011-09-23 10:31:00,77,3,5,4,354,Loyal Customers
17389,61,57215.33,2011-12-09 09:38:00,0,5,5,5,555,Champions
17390,1,149.3,2010-10-15 11:29:00,420,1,2,1,121,Others
17391,2,508.8,2011-06-29 09:58:00,163,3,3,2,332,Others
17392,3,585.92,2011-02-06 12:48:00,306,2,3,2,232,Others
17393,2,381.15,2010-10-25 11:10:00,410,1,3,2,132,Others
17394,1,203.86999999999998,2011-05-04 13:22:00,218,2,2,1,221,Others
17395,1,97.5,2010-07-19 15:34:00,507,1,2,1,121,Others
17396,14,8409.6,2011-10-31 14:12:00,38,4,5,5,455,Champions
17397,3,1198.28,2011-11-17 14:08:00,21,4,3,3,433,Loyal Customers
17398,3,653.38,2011-08-17 09:48:00,114,3,3,3,333,Loyal Customers
17400,8,4623.28,2011-08-05 15:38:00,125,3,5,5,355,Loyal Customers
17401,1,114.85,2010-06-16 16:54:00,540,1,2,1,121,Others
17402,23,4635.5599999999995,2011-12-05 10:15:00,4,5,5,5,555,Champions
17403,2,382.87,2011-11-03 15:18:00,35,4,3,2,432,Others
17404,23,47781.12,2011-12-05 16:26:00,3,5,5,5,555,Champions
17405,3,1031.41,2011-12-08 17:12:00,0,5,3,3,533,Loyal Customers
17406,13,4186.95,2011-01-10 15:07:00,332,2,5,5,255,At Risk
17407,1,552.9,2010-10-24 11:57:00,411,1,2,2,122,Others
17408,3,316.09000000000003,2011-06-29 12:53:00,162,3,3,2,332,Others
17409,10,7793.51,2011-06-08 10:36:00,184,3,5,5,355,Loyal Customers
17410,5,1214.72,2011-11-23 15:46:00,15,5,4,3,543,Loyal Customers
17411,5,1425.38,2011-11-27 14:25:00,11,5,4,4,544,Champions
17412,16,4220.22,2011-12-07 11:36:00,2,5,5,5,555,Champions
17413,2,560.14,2010-10-31 12:33:00,404,2,3,2,232,Others
17414,6,2249.52,2011-10-27 12:13:00,43,4,4,4,444,Champions
17415,1,507.84,2011-09-21 12:50:00,79,3,2,2,322,Others
17416,22,17298.45,2011-11-10 12:47:00,29,4,5,5,455,Champions
17417,1,164.18,2010-06-09 10:00:00,548,1,2,1,121,Others
17418,3,670.0600000000001,2011-10-28 13:00:00,41,4,3,3,433,Loyal Customers
17419,18,6126.25,2011-11-28 13:47:00,10,5,5,5,555,Champions
17420,6,953.58,2011-10-20 14:52:00,49,4,4,3,443,Loyal Customers
17421,3,1059.41,2010-11-18 16:57:00,385,2,3,3,233,Others
17422,11,3594.76,2011-11-23 13:27:00,15,5,5,5,555,Champions
17423,3,1118.95,2011-10-24 13:36:00,45,4,3,3,433,Loyal Customers
17425,2,759.17,2011-11-20 15:30:00,18,5,3,3,533,Loyal Customers
17426,13,8077.77,2011-12-01 18:07:00,7,5,5,5,555,Champions
17427,1,100.8,2011-09-29 11:29:00,71,3,2,1,321,Others
17428,45,31466.760000000002,2011-12-09 09:45:00,0,5,5,5,555,Champions
17429,5,1357.46,2011-08-03 13:22:00,127,3,4,4,344,Loyal Customers
17430,4,622.57,2011-11-07 09:24:00,32,4,4,3,443,Loyal Customers
17431,1,403.3,2011-01-30 14:36:00,312,2,2,2,222,Others
17432,9,1728.99,2011-11-21 17:33:00,17,5,5,4,554,Champions
17433,2,569.96,2011-09-12 14:24:00,87,3,3,2,332,Others
17434,7,2373.82,2011-12-07 13:16:00,1,5,4,4,544,Champions
17435,1,331.35,2010-10-24 13:55:00,410,1,2,2,122,Others
17436,5,534.06,2011-12-08 12:30:00,1,5,4,2,542,Others
17437,1,369.68,2010-06-28 11:11:00,529,1,2,2,122,Others
17438,5,1422.77,2011-03-31 10:26:00,253,2,4,4,244,At Risk
17439,1,325.74,2010-02-22 12:48:00,655,1,2,2,122,Others
17440,4,323.58,2011-07-06 11:54:00,156,3,4,2,342,Others
17441,1,293.35,2009-12-07 13:32:00,731,1,2,2,122,Others
17442,15,4620.3,2011-11-03 09:17:00,36,4,5,5,455,Champions
17443,1,534.24,2011-05-04 10:47:00,219,2,2,2,222,Others
17444,3,2940.04,2011-07-15 12:05:00,147,3,3,5,335,Loyal Customers
17446,2,120.9,2011-06-16 10:42:00,176,3,3,1,331,Others
17447,2,541.53,2011-10-30 14:18:00,39,4,3,2,432,Others
17448,46,14523.67,2010-07-30 14:07:00,496,1,5,5,155,At Risk
17449,13,4868.15,2011-12-07 16:56:00,1,5,5,5,555,Champions
17450,51,244784.25,2011-12-01 13:29:00,7,5,5,5,555,Champions
17451,7,1721.4,2011-12-08 15:02:00,0,5,4,4,544,Champions
17453,2,486.71999999999997,2011-11-22 09:42:00,17,5,3,2,532,Others
17454,10,1547.94,2011-05-31 13:58:00,191,2,5,4,254,At Risk
17455,1,131.7,2011-05-20 12:31:00,203,2,2,1,221,Others
17456,2,975.5600000000001,2010-12-09 15:23:00,364,2,3,3,233,Others
17457,14,5984.8099999999995,2011-08-05 12:48:00,126,3,5,5,355,Loyal Customers
17458,2,529.58,2011-11-24 13:01:00,14,5,3,2,532,Others
17459,2,657.3,2011-10-27 13:25:00,42,4,3,3,433,Loyal Customers
17460,16,2157.9700000000003,2011-09-06 15:04:00,93,3,5,4,354,Loyal Customers
17461,3,735.82,2011-11-17 10:21:00,22,4,3,3,433,Loyal Customers
17462,2,675.69,2011-10-10 13:56:00,59,3,3,3,333,Loyal Customers
17463,7,2535.26,2011-11-23 13:40:00,15,5,4,4,544,Champions
17464,3,907.14,2011-07-04 13:19:00,157,3,3,3,333,Loyal Customers
17465,7,2542.79,2010-10-10 11:56:00,425,1,4,4,144,At Risk
17466,2,763.28,2011-11-29 13:15:00,9,5,3,3,533,Loyal Customers
17467,1,102.6,2010-11-09 12:58:00,394,2,2,1,221,Others
17468,3,194.8,2011-11-29 15:33:00,9,5,3,1,531,Others
17469,17,5051.25,2011-11-23 13:15:00,15,5,5,5,555,Champions
17470,11,2626.47,2011-10-26 12:42:00,44,4,5,4,454,Champions
17471,1,321.65000000000003,2010-08-22 11:53:00,474,1,2,2,122,Others
17472,4,922.35,2011-06-01 14:57:00,190,2,4,3,243,Others
17473,2,607.0,2010-10-27 11:45:00,408,2,3,2,232,Others
17474,1,1047.0,2010-04-19 10:43:00,599,1,2,3,123,Others
17475,1,194.37,2011-09-21 14:55:00,78,3,2,1,321,Others
17476,2,489.86,2010-11-09 10:21:00,395,2,3,2,232,Others
17477,2,1144.3,2010-04-06 10:06:00,612,1,3,3,133,Others
17478,2,1272.8,2010-10-27 15:01:00,407,2,3,4,234,At Risk
17479,1,389.26000000000005,2010-03-17 09:26:00,632,1,2,2,122,Others
17480,2,882.23,2011-09-23 11:39:00,77,3,3,3,333,Loyal Customers
17481,4,1255.59,2011-12-06 12:28:00,3,5,4,4,544,Champions
17482,2,775.64,2010-08-09 15:33:00,486,1,3,3,133,Others
17483,4,591.73,2011-10-05 13:10:00,64,3,4,2,342,Others
17484,2,209.57,2010-05-12 15:41:00,575,1,3,1,131,Others
17486,1,396.87,2011-03-23 14:00:00,260,2,2,2,222,Others
17487,1,160.55,2009-12-11 15:06:00,727,1,2,1,121,Others
17488,1,336.5,2010-03-08 14:07:00,640,1,2,2,122,Others
17489,2,376.64,2011-10-12 08:56:00,58,4,3,2,432,Others
17490,9,2750.5,2011-12-09 09:08:00,0,5,5,4,554,Champions
17491,17,5653.67,2011-12-08 16:18:00,0,5,5,5,555,Champions
17492,3,1122.42,2011-04-05 15:21:00,247,2,3,3,233,Others
17493,1,100.91000000000001,2010-11-19 16:57:00,384,2,2,1,221,Others
17494,1,54.699999999999996,2010-07-26 10:06:00,501,1,2,1,121,Others
17495,3,806.72,2011-12-02 12:08:00,7,5,3,3,533,Loyal Customers
17496,4,1412.89,2010-12-16 08:39:00,358,2,4,4,244,At Risk
17497,2,287.25,2010-11-14 14:17:00,389,2,3,2,232,Others
17498,1,272.22,2011-09-25 12:25:00,75,3,2,1,321,Others
17499,2,1341.39,2011-02-23 09:14:00,289,2,3,4,234,At Risk
17500,3,1138.0,2011-11-22 14:25:00,16,5,3,3,533,Loyal Customers
17501,2,288.6,2011-05-03 09:47:00,220,2,3,2,232,Others
17502,4,689.1,2011-11-30 13:13:00,8,5,4,3,543,Loyal Customers
17503,2,558.96,2011-12-07 09:18:00,2,5,3,2,532,Others
17504,18,9490.17,2011-05-17 12:59:00,205,2,5,5,255,At Risk
17505,5,2435.48,2011-07-01 12:50:00,161,3,4,4,344,Loyal Customers
17506,1,302.2,2011-09-25 11:39:00,75,3,2,2,322,Others
17507,2,605.58,2011-03-23 11:48:00,261,2,3,2,232,Others
17508,8,4579.23,2011-03-04 08:10:00,280,2,5,5,255,At Risk
17509,8,6083.64,2011-10-13 10:26:00,57,4,5,5,455,Champions
17510,2,514.56,2011-11-15 10:00:00,24,4,3,2,432,Others
17511,60,172132.87,2011-12-07 10:12:00,2,5,5,5,555,Champions
17512,18,5467.820000000001,2011-11-11 12:11:00,28,4,5,5,455,Champions
17513,3,1158.8,2011-09-28 16:42:00,71,3,3,3,333,Loyal Customers
17514,2,522.0,2011-08-03 15:45:00,127,3,3,2,332,Others
17515,9,1602.51,2011-11-08 14:04:00,30,4,5,4,454,Champions
17516,6,947.5,2011-11-24 16:51:00,14,5,4,3,543,Loyal Customers
17517,1,153.94,2011-02-04 11:48:00,308,2,2,1,221,Others
17518,2,329.42,2010-10-10 12:40:00,425,1,3,2,132,Others
17519,15,4774.17,2011-11-22 16:43:00,16,5,5,5,555,Champions
17520,1,546.81,2011-10-17 12:04:00,53,4,2,2,422,Potential Loyalists
17521,5,1278.06,2011-11-10 11:22:00,29,4,4,4,444,Champions
17522,5,1070.71,2011-12-08 12:31:00,1,5,4,3,543,Loyal Customers
17523,4,652.74,2011-11-28 13:20:00,10,5,4,3,543,Loyal Customers
17524,3,539.14,2010-12-13 14:32:00,360,2,3,2,232,Others
17525,3,1161.9,2010-12-15 12:05:00,359,2,3,3,233,Others
17526,12,3939.24,2011-12-05 11:05:00,4,5,5,5,555,Champions
17527,4,939.37,2011-10-17 12:32:00,53,4,4,3,443,Loyal Customers
17528,8,3628.5,2011-12-08 13:27:00,0,5,5,5,555,Champions
17529,2,1240.25,2010-04-08 17:51:00,609,1,3,4,134,At Risk
17530,12,2791.69,2011-12-08 18:42:00,0,5,5,4,554,Champions
17531,3,1266.82,2011-06-02 19:17:00,189,2,3,4,234,At Risk
17532,1,65.34,2010-11-19 08:13:00,385,2,2,1,221,Others
17533,1,34.8,2010-10-01 09:14:00,434,1,2,1,121,Others
17534,5,1668.83,2011-10-17 12:47:00,53,4,4,4,444,Champions
17535,1,164.4,2011-03-04 15:20:00,279,2,2,1,221,Others
17536,3,364.83,2011-06-15 13:23:00,176,3,3,2,332,Others
17537,2,887.67,2011-11-10 10:56:00,29,4,3,3,433,Loyal Customers
17538,1,98.42,2011-11-14 12:12:00,25,4,2,1,421,Potential Loyalists
17539,4,1176.84,2010-04-01 12:07:00,617,1,4,3,143,Others
17540,6,1590.6000000000001,2011-11-15 11:56:00,24,4,4,4,444,Champions
17541,1,119.86,2010-07-18 11:36:00,509,1,2,1,121,Others
17542,3,340.85,2011-03-15 11:45:00,269,2,3,2,232,Others
17543,1,120.05,2010-06-08 12:41:00,549,1,2,1,121,Others
17544,3,944.82,2010-11-14 15:08:00,389,2,3,3,233,Others
17545,6,1409.8600000000001,2011-10-27 14:04:00,42,4,4,4,444,Champions
17547,2,727.85,2010-11-29 09:41:00,375,2,3,3,233,Others
17548,4,731.26,2011-04-20 12:01:00,233,2,4,3,243,Others
17549,2,148.86,2011-11-16 09:59:00,23,4,3,1,431,Others
17550,9,2506.64,2011-05-26 14:09:00,196,2,5,4,254,At Risk
17551,1,290.34,2010-12-15 14:12:00,358,2,2,2,222,Others
17552,12,2786.77,2011-10-10 17:00:00,59,3,5,4,354,Loyal Customers
17553,4,3757.6,2011-08-02 10:00:00,129,3,4,5,345,Loyal Customers
17554,5,1952.45,2011-12-08 14:15:00,0,5,4,4,544,Champions
17555,5,1045.74,2011-11-20 12:22:00,19,4,4,3,443,Loyal Customers
17556,2,300.67,2011-05-18 10:48:00,205,2,3,2,232,Others
17557,4,575.46,2011-11-25 12:57:00,13,5,4,2,542,Others
17558,1,259.17,2010-11-11 14:36:00,392,2,2,1,221,Others
17559,1,167.62,2010-07-15 12:02:00,512,1,2,1,121,Others
17560,8,1895.8,2011-09-06 09:18:00,94,3,5,4,354,Loyal Customers
17561,4,703.02,2011-11-20 12:53:00,18,5,4,3,543,Loyal Customers
17562,7,1122.38,2011-11-25 14:21:00,13,5,4,3,543,Loyal Customers
17563,2,392.38,2010-05-10 14:54:00,577,1,3,2,132,Others
17564,3,454.01,2011-11-15 13:27:00,23,4,3,2,432,Others
17565,1,131.83,2010-05-02 11:54:00,586,1,2,1,121,Others
17566,2,869.77,2011-12-01 19:54:00,7,5,3,3,533,Loyal Customers
17567,9,4838.08,2011-12-02 15:48:00,6,5,5,5,555,Champions
17568,1,374.45,2010-03-16 16:45:00,632,1,2,2,122,Others
17569,1,344.14,2011-01-11 14:15:00,331,2,2,2,222,Others
17570,1,100.0,2010-11-23 11:56:00,381,2,2,1,221,Others
17571,5,1630.91,2011-10-20 15:57:00,49,4,4,4,444,Champions
17572,10,652.21,2011-09-29 17:53:00,70,3,5,3,353,Loyal Customers
17573,3,380.6,2011-11-10 13:01:00,28,4,3,2,432,Others
17574,1,185.65,2011-04-11 09:47:00,242,2,2,1,221,Others
17575,1,171.7,2010-02-10 13:48:00,666,1,2,1,121,Others
17576,41,8711.95,2011-12-01 17:56:00,7,5,5,5,555,Champions
17577,2,348.75,2010-03-04 13:01:00,644,1,3,2,132,Others
17578,7,1047.33,2011-05-05 18:38:00,217,2,4,3,243,Others
17579,4,753.28,2011-12-05 12:28:00,4,5,4,3,543,Loyal Customers
17580,5,541.02,2011-04-01 12:41:00,252,2,4,2,242,Others
17581,43,17951.17,2011-12-09 12:21:00,0,5,5,5,555,Champions
17582,5,1446.95,2011-04-17 13:18:00,235,2,4,4,244,At Risk
17583,1,135.95,2010-05-28 14:24:00,559,1,2,1,121,Others
17584,6,5309.42,2011-12-02 17:12:00,6,5,4,5,545,Champions
17585,7,2064.71,2011-08-22 13:30:00,108,3,4,4,344,Loyal Customers
17586,1,167.4,2010-03-30 13:12:00,618,1,2,1,121,Others
17587,1,176.71,2010-03-21 14:16:00,627,1,2,1,121,Others
17588,7,2939.55,2011-08-31 13:37:00,99,3,4,5,345,Loyal Customers
17589,18,13837.94,2011-10-10 16:58:00,59,3,5,5,355,Loyal Customers
17590,3,1468.02,2011-12-07 12:55:00,1,5,3,4,534,Loyal Customers
17591,8,2339.32,2011-09-27 13:42:00,72,3,5,4,354,Loyal Customers
17592,1,148.3,2009-12-01 10:49:00,738,1,2,1,121,Others
17593,11,8092.32,2011-12-06 10:30:00,3,5,5,5,555,Champions
17594,4,2497.88,2011-09-15 16:34:00,84,3,4,4,344,Loyal Customers
17595,2,386.69,2011-11-27 16:08:00,11,5,3,2,532,Others
17596,13,4491.46,2011-11-16 14:11:00,22,4,5,5,455,Champions
17597,5,3484.09,2011-05-10 11:54:00,213,2,4,5,245,At Risk
17598,1,409.98,2010-11-23 17:43:00,380,2,2,2,222,Others
17599,1,52.05,2010-08-19 12:50:00,477,1,2,1,121,Others
17600,1,161.67000000000002,2011-11-22 09:43:00,17,5,2,1,521,Potential Loyalists
17601,2,413.08,2011-04-14 18:02:00,238,2,3,2,232,Others
17602,14,7354.43,2011-12-07 13:53:00,1,5,5,5,555,Champions
17603,4,1788.38,2011-09-22 14:18:00,77,3,4,4,344,Loyal Customers
17604,6,942.38,2011-05-06 13:43:00,216,2,4,3,243,Others
17605,1,160.75,2010-04-28 14:45:00,589,1,2,1,121,Others
17606,1,87.30000000000001,2009-12-02 13:32:00,736,1,2,1,121,Others
17607,1,333.81,2010-11-28 13:11:00,375,2,2,2,222,Others
17608,4,488.06,2011-11-06 13:06:00,32,4,4,2,442,Others
17609,11,1887.8999999999999,2011-10-30 12:28:00,40,4,5,4,454,Champions
17610,5,1511.94,2010-06-17 16:34:00,539,1,4,4,144,At Risk
17611,28,8337.53,2011-12-02 13:29:00,6,5,5,5,555,Champions
17612,18,5394.86,2011-10-17 14:59:00,52,4,5,5,455,Champions
17613,14,4544.55,2011-11-17 10:51:00,22,4,5,5,455,Champions
17614,1,386.32,2011-10-13 16:01:00,56,4,2,2,422,Potential Loyalists
17615,6,721.8,2011-08-01 14:06:00,129,3,4,3,343,Loyal Customers
17616,4,734.4,2011-06-19 10:11:00,173,3,4,3,343,Loyal Customers
17617,1,385.19,2010-05-30 12:48:00,558,1,2,2,122,Others
17618,11,4001.64,2011-12-04 11:50:00,5,5,5,5,555,Champions
17619,1,214.37,2011-01-31 14:18:00,311,2,2,1,221,Others
17620,1,81.44,2011-10-11 12:08:00,59,3,2,1,321,Others
17621,6,3175.12,2011-11-18 17:11:00,20,4,4,5,445,Champions
17622,2,1130.21,2010-04-21 12:36:00,597,1,3,3,133,Others
17623,7,2365.77,2011-11-07 11:32:00,32,4,4,4,444,Champions
17624,4,1568.63,2011-11-25 10:52:00,14,5,4,4,544,Champions
17625,8,5978.9,2011-11-21 13:36:00,17,5,5,5,555,Champions
17626,1,254.0,2010-04-16 12:15:00,602,1,2,1,121,Others
17627,1,296.36,2010-08-18 11:27:00,478,1,2,2,122,Others
17628,1,75.75,2011-09-19 15:21:00,80,3,2,1,321,Others
17629,10,2455.52,2011-12-04 10:56:00,5,5,5,4,554,Champions
17630,2,503.59999999999997,2011-06-23 11:58:00,169,3,3,2,332,Others
17631,7,998.49,2011-12-08 09:47:00,1,5,4,3,543,Loyal Customers
17633,7,2057.39,2011-11-08 13:25:00,30,4,4,4,444,Champions
17634,9,2358.59,2011-11-03 13:09:00,35,4,5,4,454,Champions
17635,3,1265.58,2010-10-11 15:12:00,423,1,3,4,134,At Risk
17636,1,285.56,2011-11-20 14:40:00,18,5,2,1,521,Potential Loyalists
17637,2,547.0600000000001,2011-11-08 12:51:00,30,4,3,2,432,Others
17638,2,842.4,2010-03-02 14:32:00,646,1,3,3,133,Others
17639,6,615.17,2011-03-08 15:22:00,275,2,4,3,243,Others
17640,6,3168.94,2011-09-14 09:13:00,86,3,4,5,345,Loyal Customers
17642,5,1824.49,2011-08-12 09:11:00,119,3,4,4,344,Loyal Customers
17643,2,439.7,2010-12-01 14:38:00,372,2,3,2,232,Others
17644,20,6028.6,2011-12-08 13:43:00,0,5,5,5,555,Champions
17646,12,3898.79,2011-05-04 13:17:00,218,2,5,5,255,At Risk
17647,3,331.65999999999997,2011-10-05 15:38:00,64,3,3,2,332,Others
17648,5,2216.37,2011-10-10 09:41:00,60,3,4,4,344,Loyal Customers
17649,3,1578.89,2011-07-24 15:53:00,137,3,3,4,334,Loyal Customers
17650,1,166.08,2011-11-18 14:52:00,20,4,2,1,421,Potential Loyalists
17651,16,5703.52,2011-11-28 10:29:00,11,5,5,5,555,Champions
17652,12,4867.72,2011-11-14 12:55:00,24,4,5,5,455,Champions
17653,4,1207.56,2011-11-03 12:46:00,36,4,4,3,443,Loyal Customers
17654,1,117.55,2011-03-07 13:17:00,276,2,2,1,221,Others
17655,9,2976.38,2011-11-29 11:34:00,10,5,5,5,555,Champions
17656,5,1674.69,2011-09-27 13:04:00,72,3,4,4,344,Loyal Customers
17657,1,126.0,2010-10-05 14:52:00,429,1,2,1,121,Others
17658,2,595.42,2011-11-14 12:07:00,25,4,3,2,432,Others
17659,14,3586.9900000000002,2011-11-22 13:29:00,16,5,5,5,555,Champions
17660,2,342.22,2011-07-21 13:37:00,140,3,3,2,332,Others
17662,2,412.92,2010-02-16 09:38:00,661,1,3,2,132,Others
17663,17,5175.83,2011-11-14 08:56:00,25,4,5,5,455,Champions
17664,4,1166.23,2011-11-21 11:29:00,18,5,4,3,543,Loyal Customers
17665,1,563.1,2010-08-03 13:12:00,492,1,2,2,122,Others
17666,5,2047.8,2011-12-06 09:06:00,3,5,4,4,544,Champions
17667,9,3950.7,2011-10-04 14:32:00,65,3,5,5,355,Loyal Customers
17668,2,347.75,2011-12-08 13:25:00,0,5,3,2,532,Others
17669,10,6142.35,2011-10-28 08:53:00,42,4,5,5,455,Champions
17670,1,205.7,2011-04-26 09:12:00,227,2,2,1,221,Others
17671,5,2009.16,2011-11-24 12:21:00,15,5,4,4,544,Champions
17672,7,5778.63,2011-10-20 14:18:00,49,4,4,5,445,Champions
17673,13,4173.88,2011-12-08 12:50:00,1,5,5,5,555,Champions
17674,2,551.04,2011-09-26 13:35:00,73,3,3,2,332,Others
17675,70,37642.48,2011-12-08 18:03:00,0,5,5,5,555,Champions
17676,10,2448.64,2011-12-05 15:16:00,3,5,5,4,554,Champions
17677,54,35058.46,2011-12-08 09:56:00,1,5,5,5,555,Champions
17678,2,599.76,2011-03-21 11:52:00,263,2,3,2,232,Others
17679,7,3577.61,2011-10-18 07:43:00,52,4,4,5,445,Champions
17680,3,497.45,2011-11-16 12:42:00,23,4,3,2,432,Others
17681,5,731.2,2010-04-21 17:22:00,596,1,4,3,143,Others
17682,11,4065.28,2011-11-29 15:59:00,9,5,5,5,555,Champions
17683,3,819.01,2010-11-19 10:11:00,385,2,3,3,233,Others
17684,1,239.41,2011-10-27 11:10:00,43,4,2,1,421,Potential Loyalists
17685,12,5454.95,2011-11-23 11:36:00,16,5,5,5,555,Champions
17686,9,8296.81,2011-12-02 15:39:00,6,5,5,5,555,Champions
17687,1,432.68,2010-10-15 12:30:00,420,1,2,2,122,Others
17688,1,304.2,2010-11-11 10:41:00,393,2,2,2,222,Others
17689,2,317.08,2010-11-16 13:22:00,387,2,3,2,232,Others
17690,20,6963.8,2011-11-09 15:17:00,29,4,5,5,455,Champions
17691,4,637.5500000000001,2010-12-16 17:20:00,357,2,4,3,243,Others
17692,12,2975.8,2011-08-04 14:01:00,126,3,5,5,355,Loyal Customers
17693,1,200.47,2011-07-25 15:48:00,136,3,2,1,321,Others
17694,3,1695.97,2011-07-21 12:00:00,141,3,3,4,334,Loyal Customers
17695,5,1746.04,2011-07-31 10:40:00,131,3,4,4,344,Loyal Customers
17696,27,7679.59,2011-11-01 13:43:00,37,4,5,5,455,Champions
17697,1,338.95,2011-04-17 15:40:00,235,2,2,2,222,Others
17698,1,154.95,2011-03-24 11:34:00,260,2,2,1,221,Others
17699,2,442.0,2010-08-20 09:39:00,476,1,3,2,132,Others
17700,14,6679.97,2011-11-23 11:51:00,16,5,5,5,555,Champions
17701,1,417.95,2011-04-01 12:25:00,252,2,2,2,222,Others
17702,6,3144.04,2011-11-09 16:03:00,29,4,4,5,445,Champions
17703,4,1094.84,2011-11-04 15:51:00,34,4,4,3,443,Loyal Customers
17704,2,885.19,2011-06-24 09:40:00,168,3,3,3,333,Loyal Customers
17705,11,2083.9,2011-12-06 13:45:00,2,5,5,4,554,Champions
17706,31,20272.15,2011-12-05 13:34:00,3,5,5,5,555,Champions
17707,8,609.3000000000001,2011-06-07 15:03:00,184,3,5,3,353,Loyal Customers
17708,4,884.1800000000001,2011-06-05 10:12:00,187,3,4,3,343,Loyal Customers
17709,5,671.01,2011-06-23 11:55:00,169,3,4,3,343,Loyal Customers
17710,1,293.5,2010-10-12 07:49:00,423,1,2,2,122,Others
17711,2,385.1,2011-11-29 11:40:00,10,5,3,2,532,Others
17712,1,522.91,2011-10-26 12:28:00,44,4,2,2,422,Potential Loyalists
17713,4,1198.09,2010-11-22 16:50:00,381,2,4,3,243,Others
17714,5,1410.18,2011-01-23 10:32:00,320,2,4,4,244,At Risk
17715,2,489.59999999999997,2011-05-23 12:32:00,200,2,3,2,232,Others
17716,24,15956.97,2011-11-17 12:00:00,22,4,5,5,455,Champions
17717,1,376.92,2010-10-14 12:54:00,420,1,2,2,122,Others
17718,2,439.18,2011-04-21 13:39:00,231,2,3,2,232,Others
17719,15,5396.04,2011-11-02 10:36:00,37,4,5,5,455,Champions
17720,10,2666.91,2011-11-13 15:04:00,25,4,5,4,454,Champions
17721,1,307.21000000000004,2010-02-18 15:18:00,658,1,2,2,122,Others
17722,5,3520.2200000000003,2011-09-04 15:22:00,95,3,4,5,345,Loyal Customers
17723,7,3378.4000000000005,2011-08-04 18:37:00,126,3,4,5,345,Loyal Customers
17724,3,1033.0,2011-09-29 15:26:00,70,3,3,3,333,Loyal Customers
17725,11,3439.08,2011-11-23 16:34:00,15,5,5,5,555,Champions
17726,7,1092.06,2010-11-09 13:37:00,394,2,4,3,243,Others
17727,1,1060.25,2011-11-24 17:06:00,14,5,2,3,523,Potential Loyalists
17728,5,4238.76,2011-12-06 08:52:00,3,5,4,5,545,Champions
17729,1,438.65000000000003,2010-04-22 15:03:00,595,1,2,2,122,Others
17730,20,7773.8,2011-12-06 15:43:00,2,5,5,5,555,Champions
17731,6,1708.99,2011-09-21 15:02:00,78,3,4,4,344,Loyal Customers
17732,8,2166.42,2010-12-02 09:29:00,372,2,5,4,254,At Risk
17733,2,692.19,2011-11-01 08:16:00,38,4,3,3,433,Loyal Customers
17734,6,1442.32,2011-10-17 12:33:00,53,4,4,4,444,Champions
17735,26,16790.33,2011-12-07 16:47:00,1,5,5,5,555,Champions
17736,3,377.44,2011-11-30 15:36:00,8,5,3,2,532,Others
17737,2,168.24,2011-11-30 15:16:00,8,5,3,1,531,Others
17738,13,4183.56,2011-11-20 15:05:00,18,5,5,5,555,Champions
17739,18,7730.59,2011-11-28 09:12:00,11,5,5,5,555,Champions
17740,6,426.9,2010-11-15 16:33:00,388,2,4,2,242,Others
17741,2,101.1,2010-10-29 11:59:00,406,2,3,1,231,Others
17742,11,2098.48,2011-08-18 15:28:00,112,3,5,4,354,Loyal Customers
17743,1,229.2,2010-09-17 14:54:00,447,1,2,1,121,Others
17744,7,2649.14,2011-12-06 12:11:00,3,5,4,4,544,Champions
17745,2,600.34,2010-08-19 12:30:00,477,1,3,2,132,Others
17746,4,904.1800000000001,2011-04-13 14:31:00,239,2,4,3,243,Others
17747,1,71.4,2011-08-19 08:13:00,112,3,2,1,321,Others
17748,1,358.15,2010-06-30 13:49:00,526,1,2,2,122,Others
17749,3,1026.18,2011-06-14 15:45:00,177,3,3,3,333,Loyal Customers
17750,9,1710.45,2011-12-04 14:09:00,4,5,5,4,554,Champions
17751,1,157.85999999999999,2010-10-14 13:57:00,420,1,2,1,121,Others
17752,1,80.64,2010-12-15 16:19:00,358,2,2,1,221,Others
17753,4,382.06,2010-09-01 15:49:00,463,1,4,2,142,Others
17754,13,4451.22,2011-12-09 11:20:00,0,5,5,5,555,Champions
17756,3,728.75,2010-11-29 12:20:00,375,2,3,3,233,Others
17757,56,9074.05,2011-12-08 15:31:00,0,5,5,5,555,Champions
17758,12,4964.03,2011-11-20 14:45:00,18,5,5,5,555,Champions
17759,5,1261.88,2011-11-22 16:02:00,16,5,4,4,544,Champions
17760,6,746.39,2011-11-18 10:56:00,21,4,4,3,443,Loyal Customers
17761,1,712.78,2011-11-07 10:23:00,32,4,2,3,423,Potential Loyalists
17762,1,129.75,2010-09-09 17:40:00,455,1,2,1,121,Others
17763,4,86.15,2011-03-21 14:25:00,262,2,4,1,241,Others
17764,5,1513.57,2011-10-20 11:03:00,50,4,4,4,444,Champions
17765,4,524.0,2011-07-04 12:41:00,158,3,4,2,342,Others
17766,2,299.61,2010-11-23 14:29:00,380,2,3,2,232,Others
17767,2,413.05,2011-11-24 14:42:00,14,5,3,2,532,Others
17768,7,3292.73,2011-12-01 13:22:00,7,5,4,5,545,Champions
17769,17,7053.38,2011-11-27 11:18:00,12,5,5,5,555,Champions
17770,5,1143.27,2011-05-25 12:34:00,198,2,4,3,243,Others
17771,4,387.41,2011-10-14 11:43:00,56,4,4,2,442,Others
17772,3,360.75,2011-11-29 11:05:00,10,5,3,2,532,Others
17773,2,575.37,2010-07-13 14:07:00,513,1,3,2,132,Others
17774,9,3273.83,2011-09-04 12:49:00,96,3,5,5,355,Loyal Customers
17775,1,56.4,2011-03-30 10:50:00,254,2,2,1,221,Others
17776,2,330.56,2010-11-18 12:14:00,386,2,3,2,232,Others
17777,3,647.56,2011-11-15 12:02:00,24,4,3,3,433,Loyal Customers
17778,1,197.70000000000002,2010-02-16 12:44:00,661,1,2,1,121,Others
17779,3,650.32,2011-11-18 14:15:00,20,4,3,3,433,Loyal Customers
17780,3,346.56,2010-02-10 13:43:00,666,1,3,2,132,Others
17781,2,188.02,2011-07-03 16:00:00,158,3,3,1,331,Others
17782,2,679.02,2010-11-22 11:15:00,382,2,3,3,233,Others
17783,3,376.96,2011-09-28 16:07:00,71,3,3,2,332,Others
17784,1,112.86,2010-06-07 16:08:00,549,1,2,1,121,Others
17785,3,403.38,2011-10-17 13:43:00,52,4,3,2,432,Others
17786,2,266.85,2011-09-15 12:51:00,84,3,3,1,331,Others
17787,4,1817.54,2011-07-10 11:24:00,152,3,4,4,344,Loyal Customers
17788,2,1117.9,2011-09-27 10:09:00,73,3,3,3,333,Loyal Customers
17789,2,397.15,2011-03-03 13:14:00,280,2,3,2,232,Others
17790,20,2779.41,2011-11-13 11:30:00,26,4,5,4,454,Champions
17791,1,106.1,2011-11-10 12:09:00,29,4,2,1,421,Potential Loyalists
17792,2,368.35,2010-08-29 14:30:00,466,1,3,2,132,Others
17793,1,300.34,2011-11-14 14:24:00,24,4,2,2,422,Potential Loyalists
17794,2,147.3,2010-01-22 10:18:00,686,1,3,1,131,Others
17795,2,342.83,2011-06-13 12:36:00,179,3,3,2,332,Others
17796,7,1236.39,2011-10-30 15:38:00,39,4,4,4,444,Champions
17797,8,1971.87,2011-11-17 13:21:00,21,4,5,4,454,Champions
17798,1,178.07,2010-05-07 11:42:00,581,1,2,1,121,Others
17799,20,6246.93,2011-11-17 15:16:00,21,4,5,5,455,Champions
17800,9,1187.21,2011-11-02 12:57:00,36,4,5,3,453,Loyal Customers
17801,3,770.03,2010-09-14 14:32:00,450,1,3,3,133,Others
17802,10,4946.22,2011-09-18 14:56:00,81,3,5,5,355,Loyal Customers
17803,1,184.66,2010-11-12 13:53:00,391,2,2,1,221,Others
17804,3,383.78000000000003,2010-11-28 14:01:00,375,2,3,2,232,Others
17805,2,927.03,2011-09-27 11:49:00,73,3,3,3,333,Loyal Customers
17806,1,546.04,2011-11-28 14:12:00,10,5,2,2,522,Potential Loyalists
17807,3,437.87,2010-11-09 16:21:00,394,2,3,2,232,Others
17808,4,262.64,2010-06-09 10:44:00,548,1,4,1,141,Others
17809,20,10085.89,2011-11-23 12:59:00,15,5,5,5,555,Champions
17810,2,373.16,2010-02-09 10:47:00,668,1,3,2,132,Others
17811,47,9519.8,2011-12-05 13:46:00,3,5,5,5,555,Champions
17812,7,911.99,2011-11-27 11:47:00,12,5,4,3,543,Loyal Customers
17813,5,1698.07,2011-11-25 16:13:00,13,5,4,4,544,Champions
17814,2,1609.37,2010-11-29 14:21:00,374,2,3,4,234,At Risk
17815,1,591.96,2010-11-11 14:39:00,392,2,2,2,222,Others
17816,6,96.11,2011-11-03 11:34:00,36,4,4,1,441,Others
17817,6,788.15,2011-12-05 14:39:00,3,5,4,3,543,Loyal Customers
17818,1,124.78,2009-12-02 11:34:00,737,1,2,1,121,Others
17819,12,6021.05,2011-09-29 10:52:00,71,3,5,5,355,Loyal Customers
17820,1,180.60999999999999,2010-11-30 17:43:00,373,2,2,1,221,Others
17821,1,334.62,2010-10-29 13:20:00,405,2,2,2,222,Others
17822,5,2162.93,2010-10-15 13:47:00,419,1,4,4,144,At Risk
17823,2,449.25,2010-10-14 16:24:00,420,1,3,2,132,Others
17824,1,298.4,2011-10-19 14:14:00,50,4,2,2,422,Potential Loyalists
17825,4,701.96,2010-04-20 12:01:00,598,1,4,3,143,Others
17826,1,133.34,2010-11-30 13:23:00,373,2,2,1,221,Others
17827,6,2376.17,2011-12-04 15:00:00,4,5,4,4,544,Champions
17828,4,1820.09,2011-11-17 08:41:00,22,4,4,4,444,Champions
17829,5,4756.74,2011-02-14 12:46:00,298,2,4,5,245,At Risk
17830,3,398.7,2011-12-08 12:28:00,1,5,3,2,532,Others
17831,1,35.400000000000006,2011-11-06 15:09:00,32,4,2,1,421,Potential Loyalists
17832,1,155.37,2011-10-21 11:43:00,49,4,2,1,421,Potential Loyalists
17833,1,338.46000000000004,2009-12-16 13:40:00,722,1,2,2,122,Others
17834,2,689.6700000000001,2010-10-21 12:09:00,414,1,3,3,133,Others
17835,3,342.24,2011-12-07 11:48:00,2,5,3,2,532,Others
17836,1,110.21000000000001,2011-10-23 16:13:00,46,4,2,1,421,Potential Loyalists
17837,8,1541.23,2011-10-28 16:13:00,41,4,5,4,454,Champions
17838,13,5604.64,2011-11-13 11:20:00,26,4,5,5,455,Champions
17839,1,318.15,2011-10-28 17:27:00,41,4,2,2,422,Potential Loyalists
17840,1,175.9,2010-09-22 12:24:00,443,1,2,1,121,Others
17841,211,68545.25,2011-12-08 12:07:00,1,5,5,5,555,Champions
17842,1,430.69,2010-04-16 14:23:00,601,1,2,2,122,Others
17843,2,320.4,2011-02-09 15:33:00,302,2,3,2,232,Others
17844,1,51.559999999999995,2011-08-25 11:27:00,106,3,2,1,321,Others
17845,4,596.09,2010-06-02 15:20:00,554,1,4,2,142,Others
17846,1,2033.1,2011-09-15 15:20:00,84,3,2,4,324,Others
17847,2,129.69,2010-07-12 10:00:00,515,1,3,1,131,Others
17848,30,3559.11,2011-09-19 16:49:00,80,3,5,5,355,Loyal Customers
17849,8,1063.76,2011-05-05 13:46:00,217,2,5,3,253,Others
17850,155,51208.87,2010-12-02 15:27:00,371,2,5,5,255,At Risk
17851,6,1552.35,2010-10-13 15:13:00,421,1,4,4,144,At Risk
17852,5,657.8100000000001,2011-11-28 12:36:00,11,5,4,3,543,Loyal Customers
17853,3,1596.29,2010-10-28 15:29:00,406,2,3,4,234,At Risk
17854,6,1068.5,2011-06-07 16:21:00,184,3,4,3,343,Loyal Customers
17855,1,208.97,2010-12-02 09:44:00,372,2,2,1,221,Others
17856,4,1418.03,2011-12-08 09:40:00,1,5,4,4,544,Champions
17857,24,27347.04,2011-12-05 13:13:00,3,5,5,5,555,Champions
17858,30,12518.65,2011-12-04 11:56:00,5,5,5,5,555,Champions
17859,1,141.92000000000002,2011-02-08 10:32:00,304,2,2,1,221,Others
17860,4,717.39,2010-12-06 12:41:00,368,2,4,3,243,Others
17861,18,5088.29,2011-12-06 16:21:00,2,5,5,5,555,Champions
17862,4,1254.89,2011-01-20 12:23:00,323,2,4,4,244,At Risk
17863,12,5360.48,2011-10-11 13:45:00,58,4,5,5,455,Champions
17864,5,876.57,2011-11-27 11:15:00,12,5,4,3,543,Loyal Customers
17865,46,26312.190000000002,2011-11-09 12:08:00,30,4,5,5,455,Champions
17866,3,1134.95,2011-07-20 11:07:00,142,3,3,3,333,Loyal Customers
17867,15,1582.0500000000002,2011-11-09 14:15:00,29,4,5,4,454,Champions
17868,1,227.15,2010-11-18 18:55:00,385,2,2,1,221,Others
17869,7,813.64,2011-08-24 16:16:00,106,3,4,3,343,Loyal Customers
17870,13,2753.29,2011-12-07 15:07:00,1,5,5,4,554,Champions
17871,5,1068.95,2011-05-19 11:32:00,204,2,4,3,243,Others
17872,1,235.87,2010-11-23 12:02:00,381,2,2,1,221,Others
17873,18,6265.33,2011-09-20 16:41:00,79,3,5,5,355,Loyal Customers
17874,6,683.46,2011-06-07 12:54:00,184,3,4,3,343,Loyal Customers
17875,1,167.1,2010-01-20 15:30:00,687,1,2,1,121,Others
17876,3,3424.02,2010-11-05 10:52:00,399,2,3,5,235,At Risk
17877,1,237.61,2011-06-22 13:00:00,169,3,2,1,321,Others
17878,3,1378.93,2011-10-27 11:24:00,43,4,3,4,434,Loyal Customers
17879,1,178.51999999999998,2011-06-19 12:36:00,173,3,2,1,321,Others
17880,3,824.9200000000001,2010-12-10 10:21:00,364,2,3,3,233,Others
17881,1,133.35000000000002,2011-02-08 17:16:00,303,2,2,1,221,Others
17882,2,291.56,2010-11-25 14:40:00,378,2,3,2,232,Others
17883,7,988.42,2011-12-06 17:49:00,2,5,4,3,543,Loyal Customers
17884,20,2698.47,2011-12-06 11:33:00,3,5,5,4,554,Champions
17885,1,156.34,2011-11-27 14:40:00,11,5,2,1,521,Potential Loyalists
17886,6,1572.55,2011-11-08 10:09:00,31,4,4,4,444,Champions
17887,1,111.35,2011-08-02 17:29:00,128,3,2,1,321,Others
17888,25,1807.44,2011-11-18 13:45:00,20,4,5,4,454,Champions
17889,7,746.42,2011-05-11 16:26:00,211,2,4,3,243,Others
17890,2,586.89,2011-01-21 11:19:00,322,2,3,2,232,Others
17891,1,203.85999999999999,2011-06-30 20:08:00,161,3,2,1,321,Others
17892,3,244.1,2011-10-14 16:49:00,55,4,3,1,431,Others
17893,1,107.21,2011-04-28 13:50:00,224,2,2,1,221,Others
17894,18,2304.58,2011-09-29 09:23:00,71,3,5,4,354,Loyal Customers
17895,1,95.45,2011-10-26 17:00:00,43,4,2,1,421,Potential Loyalists
17896,1,256.32,2011-11-16 13:59:00,22,4,2,1,421,Potential Loyalists
17897,9,2099.89,2011-06-20 11:23:00,172,3,5,4,354,Loyal Customers
17898,4,299.18,2011-09-15 14:56:00,84,3,4,2,342,Others
17899,1,154.55,2011-07-03 14:58:00,158,3,2,1,321,Others
17900,2,112.19999999999999,2011-06-02 14:38:00,189,2,3,1,231,Others
17901,3,260.08,2011-11-10 17:29:00,28,4,3,1,431,Others
17902,1,216.39999999999998,2010-06-11 12:25:00,546,1,2,1,121,Others
17903,1,381.09000000000003,2010-11-10 15:39:00,393,2,2,2,222,Others
17904,1,181.07,2011-11-18 12:57:00,20,4,2,1,421,Potential Loyalists
17905,13,2178.87,2011-09-29 17:33:00,70,3,5,4,354,Loyal Customers
17906,1,72.9,2011-04-06 17:25:00,246,2,2,1,221,Others
17907,1,291.76,2010-03-09 12:33:00,640,1,2,2,122,Others
17908,5,1142.47,2010-12-01 11:45:00,373,2,4,3,243,Others
17909,1,110.05,2009-12-02 13:10:00,736,1,2,1,121,Others
17910,1,261.7,2009-12-13 16:04:00,725,1,2,1,121,Others
17911,1,366.23,2011-11-30 14:52:00,8,5,2,2,522,Potential Loyalists
17912,6,374.55,2011-02-02 14:25:00,309,2,4,2,242,Others
17913,14,3429.29,2011-10-12 10:45:00,58,4,5,5,455,Champions
17914,1,329.36,2011-12-06 11:58:00,3,5,2,2,522,Potential Loyalists
17915,1,225.78,2010-06-06 13:22:00,550,1,2,1,121,Others
17916,2,43.87,2010-03-21 12:26:00,628,1,3,1,131,Others
17917,3,335.03,2011-10-25 13:20:00,44,4,3,2,432,Others
17918,3,396.39,2010-07-27 11:51:00,500,1,3,2,132,Others
17919,2,1840.32,2011-09-12 13:41:00,87,3,3,4,334,Loyal Customers
17920,54,23581.78,2011-12-05 14:29:00,3,5,5,5,555,Champions
17921,10,2394.36,2011-10-06 18:56:00,63,3,5,4,354,Loyal Customers
17922,1,170.4,2010-06-14 16:32:00,542,1,2,1,121,Others
17923,3,497.0,2011-03-02 15:15:00,281,2,3,2,232,Others
17924,8,3257.7000000000003,2011-11-28 09:11:00,11,5,5,5,555,Champions
17925,1,244.08,2010-12-02 10:10:00,372,2,2,1,221,Others
17926,5,1035.49,2011-07-29 14:39:00,132,3,4,3,343,Loyal Customers
17927,1,294.0,2009-12-18 11:03:00,721,1,2,2,122,Others
17928,3,341.24,2011-10-25 13:52:00,44,4,3,2,432,Others
17929,12,3082.1,2011-11-28 16:01:00,10,5,5,5,555,Champions
17930,13,4275.22,2011-11-04 10:23:00,35,4,5,5,455,Champions
17931,14,3402.24,2011-07-28 18:33:00,133,3,5,5,355,Loyal Customers
17932,3,1331.57,2011-11-10 19:49:00,28,4,3,4,434,Loyal Customers
17933,1,114.69,2010-03-17 15:11:00,631,1,2,1,121,Others
17934,3,1049.15,2011-10-19 11:16:00,51,4,3,3,433,Loyal Customers
17935,7,686.14,2011-07-24 13:18:00,137,3,4,3,343,Loyal Customers
17936,1,380.13,2011-12-04 13:32:00,4,5,2,2,522,Potential Loyalists
17937,7,4301.22,2011-12-01 11:45:00,8,5,4,5,545,Champions
17938,1,144.29,2010-10-15 14:27:00,419,1,2,1,121,Others
17939,1,99.14,2011-07-03 12:27:00,159,3,2,1,321,Others
17940,16,30306.79,2011-10-21 13:27:00,48,4,5,5,455,Champions
17941,4,1433.28,2011-08-01 08:30:00,130,3,4,4,344,Loyal Customers
17942,1,77.50000000000001,2011-12-02 10:45:00,7,5,2,1,521,Potential Loyalists
17944,1,74.99,2010-10-12 16:25:00,422,1,2,1,121,Others
17945,3,360.35,2010-01-12 11:40:00,696,1,3,2,132,Others
17946,2,149.57999999999998,2011-04-20 17:00:00,232,2,3,1,231,Others
17947,1,176.68,2011-11-02 13:05:00,36,4,2,1,421,Potential Loyalists
17948,1,358.56000000000006,2011-07-15 12:58:00,146,3,2,2,322,Others
17949,118,117314.08,2011-12-08 18:46:00,0,5,5,5,555,Champions
17950,7,1166.29,2011-09-28 15:18:00,71,3,4,3,343,Loyal Customers
17951,4,1340.5800000000002,2011-10-31 12:30:00,39,4,4,4,444,Champions
17952,4,788.46,2010-11-26 13:54:00,377,2,4,3,243,Others
17953,1,159.17000000000002,2010-06-17 15:08:00,539,1,2,1,121,Others
17954,19,3804.38,2011-12-04 14:15:00,4,5,5,5,555,Champions
17955,6,949.9,2011-05-25 12:00:00,198,2,4,3,243,Others
17956,1,12.75,2011-04-04 13:47:00,248,2,2,1,221,Others
17957,1,111.68,2011-10-04 14:58:00,65,3,2,1,321,Others
17958,2,973.88,2011-08-15 12:19:00,116,3,3,3,333,Loyal Customers
17959,1,140.75,2010-04-26 14:12:00,591,1,2,1,121,Others
17960,3,135.08,2011-06-21 14:15:00,170,3,3,1,331,Others
17961,100,2866.74,2011-11-18 16:55:00,20,4,5,4,454,Champions
17962,4,666.96,2011-07-20 14:16:00,141,3,4,3,343,Loyal Customers
17963,4,643.16,2010-08-25 15:58:00,470,1,4,3,143,Others
17964,2,463.21,2011-11-08 10:44:00,31,4,3,2,432,Others
17965,29,7006.65,2011-11-02 09:31:00,37,4,5,5,455,Champions
17966,10,1963.92,2011-11-02 10:26:00,37,4,5,4,454,Champions
17967,2,223.42,2010-12-03 11:19:00,371,2,3,1,231,Others
17968,4,590.4399999999999,2010-12-01 12:23:00,373,2,4,2,242,Others
17969,20,2354.29,2011-06-26 13:00:00,165,3,5,4,354,Loyal Customers
17970,1,562.79,2011-05-12 20:03:00,210,2,2,2,222,Others
17971,1,161.94,2010-06-09 14:04:00,547,1,2,1,121,Others
17972,1,135.19,2011-04-12 12:16:00,241,2,2,1,221,Others
17973,1,337.04,2011-10-19 10:34:00,51,4,2,2,422,Potential Loyalists
17974,6,1739.09,2011-11-15 11:37:00,24,4,4,4,444,Champions
17975,24,6696.33,2011-11-24 13:27:00,14,5,5,5,555,Champions
17976,1,321.79,2010-12-02 13:49:00,371,2,2,2,222,Others
17977,2,1511.45,2011-11-10 13:28:00,28,4,3,4,434,Loyal Customers
17978,4,1159.99,2010-12-09 14:05:00,364,2,4,3,243,Others
17979,4,732.41,2011-11-04 12:05:00,35,4,4,3,443,Loyal Customers
17980,4,1012.72,2011-06-27 12:01:00,165,3,4,3,343,Loyal Customers
17981,1,239.12,2010-10-25 10:40:00,410,1,2,1,121,Others
17982,1,138.18,2010-01-28 09:38:00,680,1,2,1,121,Others
17983,1,171.71,2010-11-09 13:24:00,394,2,2,1,221,Others
17984,5,1152.19,2011-07-17 15:59:00,144,3,4,3,343,Loyal Customers
17985,1,631.35,2011-11-17 14:24:00,21,4,2,3,423,Potential Loyalists
17986,1,20.8,2011-10-14 14:22:00,55,4,2,1,421,Potential Loyalists
17987,5,965.4399999999999,2011-06-07 14:22:00,184,3,4,3,343,Loyal Customers
17988,14,489.54,2011-11-28 11:00:00,11,5,5,2,552,Others
17989,1,207.32999999999998,2010-11-25 13:49:00,378,2,2,1,221,Others
17990,6,1527.6100000000001,2011-04-17 11:44:00,236,2,4,4,244,At Risk
17991,3,300.3,2011-04-28 15:58:00,224,2,3,2,232,Others
17992,1,252.88,2010-11-15 13:04:00,388,2,2,1,221,Others
17993,1,225.99,2010-04-01 14:23:00,616,1,2,1,121,Others
17994,11,2270.0299999999997,2011-08-10 11:41:00,121,3,5,4,354,Loyal Customers
17995,3,495.48,2011-03-03 12:30:00,281,2,3,2,232,Others
17996,3,482.33,2010-11-25 11:00:00,379,2,3,2,232,Others
17997,8,1962.46,2011-09-26 16:13:00,73,3,5,4,354,Loyal Customers
17998,3,639.24,2010-11-24 15:31:00,379,2,3,3,233,Others
17999,3,528.46,2011-11-02 15:56:00,36,4,3,2,432,Others
18000,1,124.25,2010-05-24 17:34:00,563,1,2,1,121,Others
18001,6,924.14,2011-11-27 16:02:00,11,5,4,3,543,Loyal Customers
18002,4,244.37,2010-11-29 10:57:00,375,2,4,1,241,Others
18003,1,353.51,2010-11-28 15:09:00,375,2,2,2,222,Others
18004,1,157.92,2010-12-12 13:47:00,361,2,2,1,221,Others
18005,2,226.47,2011-12-06 11:51:00,3,5,3,1,531,Others
18006,4,969.51,2011-11-16 16:52:00,22,4,4,3,443,Loyal Customers
18007,1,215.22,2010-11-12 11:08:00,392,2,2,1,221,Others
18008,23,19759.079999999998,2011-09-30 15:17:00,69,3,5,5,355,Loyal Customers
18009,8,2144.23,2011-04-18 13:36:00,234,2,5,4,254,At Risk
18010,1,174.8,2011-03-28 12:27:00,256,2,2,1,221,Others
18011,2,410.79,2010-12-01 17:35:00,372,2,3,2,232,Others
18012,1,115.3,2009-12-16 13:16:00,722,1,2,1,121,Others
18013,2,187.29,2011-07-07 14:11:00,154,3,3,1,331,Others
18014,1,162.22,2011-11-11 15:28:00,27,4,2,1,421,Potential Loyalists
18015,1,120.03,2011-12-05 14:49:00,3,5,2,1,521,Potential Loyalists
18016,7,1954.56,2011-11-07 13:25:00,31,4,4,4,444,Champions
18017,4,688.0,2011-09-19 16:15:00,80,3,4,3,343,Loyal Customers
18018,4,297.99,2011-08-23 17:37:00,107,3,4,2,342,Others
18019,1,38.45,2011-10-19 12:10:00,51,4,2,1,421,Potential Loyalists
18020,1,190.48000000000002,2010-06-14 12:31:00,543,1,2,1,121,Others
18021,2,216.41,2010-07-18 10:52:00,509,1,3,1,131,Others
18022,5,1507.25,2011-11-04 12:45:00,35,4,4,4,444,Champions
18024,2,389.78,2011-07-10 12:40:00,152,3,3,2,332,Others
18025,6,1177.72,2010-11-25 12:37:00,379,2,4,3,243,Others
18026,2,2074.07,2010-07-27 10:37:00,500,1,3,4,134,At Risk
18027,1,115.31,2011-09-02 10:38:00,98,3,2,1,321,Others
18028,1,192.05,2010-05-05 13:28:00,582,1,2,1,121,Others
18029,1,433.77,2010-03-07 15:30:00,641,1,2,2,122,Others
18030,2,230.64999999999998,2011-12-05 16:37:00,3,5,3,1,531,Others
18031,1,451.3,2010-11-26 11:00:00,378,2,2,2,222,Others
18032,1,73.5,2011-01-09 15:32:00,333,2,2,1,221,Others
18033,1,93.82000000000001,2011-10-05 17:28:00,64,3,2,1,321,Others
18034,3,754.2,2011-11-18 12:22:00,21,4,3,3,433,Loyal Customers
18035,5,1260.23,2011-11-04 12:39:00,35,4,4,4,444,Champions
18036,11,1545.49,2011-11-07 14:40:00,31,4,5,4,454,Champions
18037,15,167.42,2011-07-08 13:39:00,153,3,5,1,351,Others
18038,1,141.48,2010-06-01 15:59:00,555,1,2,1,121,Others
18039,4,548.22,2010-11-30 13:07:00,373,2,4,2,242,Others
18040,2,357.20000000000005,2011-11-20 14:20:00,18,5,3,2,532,Others
18041,38,8018.7699999999995,2011-11-28 11:39:00,11,5,5,5,555,Champions
18042,2,281.15,2011-10-17 11:49:00,53,4,3,1,431,Others
18043,3,529.29,2011-11-15 12:48:00,24,4,3,2,432,Others
18044,18,3505.61,2011-12-05 14:26:00,3,5,5,5,555,Champions
18045,1,178.34,2011-10-25 13:07:00,44,4,2,1,421,Potential Loyalists
18046,1,189.63,2010-02-28 11:36:00,649,1,2,1,121,Others
18047,2,326.09,2010-11-23 13:11:00,380,2,3,2,232,Others
18048,3,394.93,2011-05-20 14:58:00,202,2,3,2,232,Others
18049,2,500.92,2010-09-28 14:26:00,436,1,3,2,132,Others
18050,2,412.06,2010-12-15 14:25:00,358,2,3,2,232,Others
18051,7,2282.28,2010-03-15 13:58:00,633,1,4,4,144,At Risk
18052,1,10877.18,2010-05-24 11:11:00,564,1,2,5,125,At Risk
18053,3,571.07,2011-09-30 09:05:00,70,3,3,2,332,Others
18054,1,176.5,2010-11-12 08:18:00,392,2,2,1,221,Others
18055,14,10142.64,2011-12-02 14:25:00,6,5,5,5,555,Champions
18056,2,554.6,2011-02-24 14:27:00,287,2,3,2,232,Others
18057,3,1188.46,2010-11-11 16:55:00,392,2,3,3,233,Others
18058,3,774.06,2011-11-30 08:38:00,9,5,3,3,533,Loyal Customers
18059,3,306.46,2011-11-16 16:49:00,22,4,3,2,432,Others
18060,2,1185.46,2010-10-27 16:41:00,407,2,3,3,233,Others
18061,28,6083.81,2011-11-18 11:20:00,21,4,5,5,455,Champions
18062,6,1632.67,2011-06-19 14:47:00,172,3,4,4,344,Loyal Customers
18063,2,186.60000000000002,2010-11-14 10:46:00,390,2,3,1,231,Others
18064,11,4481.83,2011-07-29 16:39:00,132,3,5,5,355,Loyal Customers
18065,29,5866.63,2011-12-04 10:30:00,5,5,5,5,555,Champions
18066,3,1440.4,2011-09-25 15:30:00,74,3,3,4,334,Loyal Customers
18067,1,396.33,2011-10-30 15:58:00,39,4,2,2,422,Potential Loyalists
18068,1,101.69999999999999,2011-02-23 14:50:00,288,2,2,1,221,Others
18069,11,4464.92,2011-11-13 16:03:00,25,4,5,5,455,Champions
18070,1,314.1,2010-02-08 13:28:00,668,1,2,2,122,Others
18071,6,1169.68,2011-03-27 11:59:00,257,2,4,3,243,Others
18072,1,247.44,2011-06-07 10:44:00,185,3,2,1,321,Others
18073,12,3859.82,2011-08-17 14:02:00,113,3,5,5,355,Loyal Customers
18074,2,1019.44,2010-12-01 09:53:00,373,2,3,3,233,Others
18075,20,5783.29,2011-11-16 15:21:00,22,4,5,5,455,Champions
18076,1,151.49,2010-11-24 14:02:00,379,2,2,1,221,Others
18077,18,4078.79,2011-12-01 13:32:00,7,5,5,5,555,Champions
18078,4,725.53,2011-05-06 14:32:00,216,2,4,3,243,Others
18079,5,4203.93,2011-10-25 15:27:00,44,4,4,5,445,Champions
18080,2,1231.5,2011-11-21 08:02:00,18,5,3,4,534,Loyal Customers
18081,3,343.45,2011-11-03 16:30:00,35,4,3,2,432,Others
18082,1,680.84,2011-11-14 12:45:00,25,4,2,3,423,Potential Loyalists
18083,1,463.53,2010-11-07 11:44:00,397,2,2,2,222,Others
18084,3,795.2299999999999,2011-11-23 13:57:00,15,5,3,3,533,Loyal Customers
18085,4,1341.8500000000001,2011-01-13 15:17:00,329,2,4,4,244,At Risk
18086,1,101.34,2011-03-10 13:34:00,273,2,2,1,221,Others
18087,17,14761.519999999999,2011-09-02 15:12:00,97,3,5,5,355,Loyal Customers
18088,1,166.03,2011-10-09 13:41:00,60,3,2,1,321,Others
18089,1,428.45,2010-09-19 11:57:00,446,1,2,2,122,Others
18090,1,321.9,2010-10-14 12:32:00,421,1,2,2,122,Others
18091,1,360.85,2010-04-25 13:18:00,592,1,2,2,122,Others
18092,18,14693.72,2011-12-07 13:14:00,1,5,5,5,555,Champions
18093,8,4452.71,2011-09-07 15:43:00,92,3,5,5,355,Loyal Customers
18094,13,6391.52,2011-09-19 09:28:00,81,3,5,5,355,Loyal Customers
18095,5,2303.09,2011-01-31 12:50:00,312,2,4,4,244,At Risk
18096,6,1657.87,2011-11-28 12:44:00,11,5,4,4,544,Champions
18097,11,4627.92,2011-12-02 11:16:00,7,5,5,5,555,Champions
18098,1,527.94,2010-11-08 16:31:00,395,2,2,2,222,Others
18099,1,168.31,2011-08-04 15:52:00,126,3,2,1,321,Others
18100,1,451.56,2010-06-07 14:19:00,549,1,2,2,122,Others
18101,5,622.01,2011-11-28 13:37:00,10,5,4,3,543,Loyal Customers
18102,145,580987.04,2011-12-09 11:50:00,0,5,5,5,555,Champions
18103,1,105.8,2010-06-08 13:36:00,548,1,2,1,121,Others
18104,1,754.64,2011-11-02 14:07:00,36,4,2,3,423,Potential Loyalists
18105,1,113.48000000000002,2011-11-02 12:04:00,37,4,2,1,421,Potential Loyalists
18106,6,1441.06,2011-01-14 12:23:00,329,2,4,4,244,At Risk
18107,1,165.88,2010-09-23 13:03:00,441,1,2,1,121,Others
18108,3,848.8100000000001,2011-03-30 13:56:00,253,2,3,3,233,Others
18109,38,9555.71,2011-12-08 11:36:00,1,5,5,5,555,Champions
18110,2,392.28000000000003,2011-11-20 12:34:00,19,4,3,2,432,Others
18111,1,405.85,2010-04-29 12:58:00,588,1,2,2,122,Others
18112,4,773.36,2011-11-27 14:43:00,11,5,4,3,543,Loyal Customers
18113,1,76.32000000000001,2010-12-06 12:31:00,368,2,2,1,221,Others
18114,1,220.1,2011-02-22 13:20:00,289,2,2,1,221,Others
18115,1,9.700000000000001,2010-01-11 11:57:00,697,1,2,1,121,Others
18116,13,2134.4900000000002,2011-10-03 11:00:00,67,3,5,4,354,Loyal Customers
18117,1,315.65,2011-11-14 12:47:00,25,4,2,2,422,Potential Loyalists
18118,29,6221.02,2011-11-29 11:32:00,10,5,5,5,555,Champions
18119,1,180.7,2010-12-07 11:59:00,367,2,2,1,221,Others
18120,1,111.15,2011-05-09 13:45:00,213,2,2,1,221,Others
18121,2,653.3,2011-07-13 12:53:00,148,3,3,3,333,Loyal Customers
18122,6,1793.06,2011-12-01 13:08:00,7,5,4,4,544,Champions
18123,3,666.64,2011-11-15 14:23:00,23,4,3,3,433,Loyal Customers
18124,1,102.65,2010-08-24 17:21:00,471,1,2,1,121,Others
18125,4,1131.75,2011-11-10 12:29:00,29,4,4,3,443,Loyal Customers
18126,1,200.92000000000002,2011-10-10 12:19:00,60,3,2,1,321,Others
18127,4,556.13,2011-11-20 14:05:00,18,5,4,2,542,Others
18128,1,399.29,2010-06-20 13:19:00,536,1,2,2,122,Others
18129,1,112.55000000000001,2011-04-10 14:16:00,242,2,2,1,221,Others
18130,3,1059.39,2011-11-24 14:40:00,14,5,3,3,533,Loyal Customers
18131,1,222.95999999999998,2010-03-18 08:48:00,631,1,2,1,121,Others
18132,1,220.13,2010-07-23 16:54:00,503,1,2,1,121,Others
18133,1,931.4999999999999,2011-05-11 14:14:00,211,2,2,3,223,Others
18134,2,445.0,2010-04-20 14:02:00,597,1,3,2,132,Others
18135,10,1249.6200000000001,2011-11-10 19:32:00,28,4,5,4,454,Champions
18136,5,1631.3600000000001,2011-10-07 15:40:00,62,3,4,4,344,Loyal Customers
18137,2,145.99,2010-06-06 14:18:00,550,1,3,1,131,Others
18138,1,152.65,2011-02-17 14:51:00,294,2,2,1,221,Others
18139,6,8438.34,2011-11-22 10:44:00,17,5,4,5,545,Champions
18140,1,536.41,2010-08-23 11:58:00,473,1,2,2,122,Others
18141,2,882.47,2010-11-03 11:44:00,401,2,3,3,233,Others
18142,2,1019.52,2011-07-05 13:19:00,156,3,3,3,333,Loyal Customers
18143,2,1000.16,2011-08-15 12:07:00,116,3,3,3,333,Loyal Customers
18144,19,4892.95,2011-12-02 12:46:00,7,5,5,5,555,Champions
18145,11,5609.74,2011-11-27 11:22:00,12,5,5,5,555,Champions
18146,2,160.35000000000002,2011-07-22 12:08:00,140,3,3,1,331,Others
18147,2,179.33999999999997,2011-10-25 11:46:00,45,4,3,1,431,Others
18148,1,112.85000000000001,2010-03-03 11:40:00,646,1,2,1,121,Others
18149,7,1553.96,2011-10-20 12:04:00,50,4,4,4,444,Champions
18150,3,566.58,2011-11-07 16:49:00,31,4,3,2,432,Others
18151,6,1879.44,2011-07-28 11:35:00,134,3,4,4,344,Loyal Customers
18152,1,426.69,2010-03-03 15:26:00,645,1,2,2,122,Others
18153,1,246.22,2010-02-18 15:50:00,658,1,2,1,121,Others
18154,5,932.6,2011-12-06 16:41:00,2,5,4,3,543,Loyal Customers
18155,3,371.62,2011-09-25 13:32:00,74,3,3,2,332,Others
18156,2,675.64,2011-11-27 12:24:00,12,5,3,3,533,Loyal Customers
18157,1,213.9,2010-05-17 14:09:00,570,1,2,1,121,Others
18158,2,453.4,2011-11-30 16:19:00,8,5,3,2,532,Others
18159,1,530.15,2011-02-11 14:26:00,300,2,2,2,222,Others
18160,3,1003.88,2011-10-13 15:50:00,56,4,3,3,433,Loyal Customers
18161,6,1803.1000000000001,2011-11-24 16:40:00,14,5,4,4,544,Champions
18162,1,371.51,2009-12-07 13:24:00,731,1,2,2,122,Others
18163,1,728.84,2010-05-04 14:51:00,583,1,2,3,123,Others
18164,1,399.65000000000003,2011-11-02 12:56:00,36,4,2,2,422,Potential Loyalists
18165,1,302.46000000000004,2011-06-15 13:23:00,176,3,2,2,322,Others
18166,1,175.5,2010-03-26 12:26:00,623,1,2,1,121,Others
18167,3,1384.8600000000001,2011-11-16 15:56:00,22,4,3,4,434,Loyal Customers
18168,16,3435.5,2011-06-16 19:21:00,175,3,5,5,355,Loyal Customers
18169,1,202.65,2011-10-10 12:18:00,60,3,2,1,321,Others
18170,9,2878.0,2011-11-06 14:35:00,32,4,5,4,454,Champions
18171,9,2437.31,2011-10-12 09:13:00,58,4,5,4,454,Champions
18172,52,17467.24,2011-11-25 11:12:00,14,5,5,5,555,Champions
18173,5,2696.36,2011-09-14 11:26:00,86,3,4,4,344,Loyal Customers
18174,2,162.5,2011-12-02 16:56:00,6,5,3,1,531,Others
18175,1,176.1,2010-02-02 10:25:00,675,1,2,1,121,Others
18176,1,476.35,2010-12-16 15:45:00,357,2,2,2,222,Others
18177,9,2216.32,2011-11-08 14:44:00,30,4,5,4,454,Champions
18178,11,6103.74,2011-08-03 09:30:00,128,3,5,5,355,Loyal Customers
18179,8,2547.55,2011-11-30 16:23:00,8,5,5,4,554,Champions
18180,6,1843.75,2011-12-05 08:39:00,4,5,4,4,544,Champions
18181,5,1188.34,2011-11-15 15:08:00,23,4,4,3,443,Loyal Customers
18182,1,291.13,2010-09-02 14:25:00,462,1,2,2,122,Others
18183,2,632.07,2011-04-26 15:26:00,226,2,3,3,233,Others
18184,1,49.8,2011-11-24 15:28:00,14,5,2,1,521,Potential Loyalists
18185,1,304.25,2011-04-04 13:42:00,248,2,2,2,222,Others
18186,1,329.58,2009-12-17 10:22:00,722,1,2,2,122,Others
18187,1,724.89,2010-03-18 09:49:00,631,1,2,3,123,Others
18188,6,3280.59,2011-11-24 16:46:00,14,5,4,5,545,Champions
18189,3,1403.73,2011-09-23 12:40:00,77,3,3,4,334,Loyal Customers
18190,5,745.62,2011-05-31 14:48:00,191,2,4,3,243,Others
18191,2,529.4,2011-03-23 12:08:00,261,2,3,2,232,Others
18192,1,957.97,2011-09-29 09:53:00,71,3,2,3,323,Others
18193,3,1207.35,2011-06-27 13:58:00,164,3,3,3,333,Loyal Customers
18194,6,4162.04,2011-09-18 13:29:00,81,3,4,5,345,Loyal Customers
18195,1,101.16,2010-11-17 15:03:00,386,2,2,1,221,Others
18196,4,1457.19,2011-09-05 16:22:00,94,3,4,4,344,Loyal Customers
18197,1,230.1,2010-05-13 10:46:00,575,1,2,1,121,Others
18198,17,5425.56,2011-12-05 14:49:00,3,5,5,5,555,Champions
18199,1,344.75,2010-01-25 11:32:00,683,1,2,2,122,Others
18200,1,150.35,2011-08-25 18:45:00,105,3,2,1,321,Others
18201,1,447.53000000000003,2009-12-17 08:55:00,722,1,2,2,122,Others
18202,3,1396.99,2011-05-24 12:12:00,199,2,3,4,234,At Risk
18203,4,492.52,2011-07-05 13:07:00,156,3,4,2,342,Others
18204,3,1975.35,2011-09-29 16:44:00,70,3,3,4,334,Loyal Customers
18205,2,517.36,2011-11-03 13:22:00,35,4,3,2,432,Others
18206,1,314.65999999999997,2010-06-04 13:47:00,552,1,2,2,122,Others
18207,1,544.47,2010-07-28 14:26:00,498,1,2,2,122,Others
18208,1,360.08,2010-05-23 11:54:00,565,1,2,2,122,Others
18209,1,139.10000000000002,2011-11-11 12:07:00,28,4,2,1,421,Potential Loyalists
18210,7,2768.83,2011-12-08 11:02:00,1,5,4,4,544,Champions
18211,5,600.07,2011-11-14 08:10:00,25,4,4,2,442,Others
18212,2,514.37,2011-01-17 16:14:00,325,2,3,2,232,Others
18213,1,232.48000000000002,2011-04-17 10:21:00,236,2,2,1,221,Others
18214,4,1780.34,2010-06-27 11:21:00,530,1,4,4,144,At Risk
18215,5,2232.4900000000002,2011-09-11 16:05:00,88,3,4,4,344,Loyal Customers
18216,1,481.75,2011-11-08 16:55:00,30,4,2,2,422,Potential Loyalists
18217,4,945.04,2011-11-10 13:18:00,28,4,4,3,443,Loyal Customers
18218,4,1121.84,2011-05-12 12:53:00,210,2,4,3,243,Others
18219,17,3352.7000000000003,2011-12-07 11:43:00,2,5,5,5,555,Champions
18220,6,1921.76,2011-04-27 09:03:00,226,2,4,4,244,At Risk
18221,6,1424.94,2011-11-17 14:40:00,21,4,4,4,444,Champions
18222,1,443.0,2011-09-08 10:45:00,92,3,2,2,322,Others
18223,26,14000.85,2011-12-05 09:11:00,4,5,5,5,555,Champions
18224,1,158.95000000000002,2011-03-21 10:30:00,263,2,2,1,221,Others
18225,26,13014.8,2011-12-06 13:27:00,2,5,5,5,555,Champions
18226,26,11878.88,2011-10-26 13:36:00,43,4,5,5,455,Champions
18227,2,388.75,2011-05-06 12:23:00,217,2,3,2,232,Others
18228,2,779.9,2011-10-14 09:21:00,56,4,3,3,433,Loyal Customers
18229,28,10150.51,2011-11-28 09:48:00,11,5,5,5,555,Champions
18230,9,4291.06,2011-11-30 13:22:00,8,5,5,5,555,Champions
18231,28,6854.17,2011-05-31 14:18:00,191,2,5,5,255,At Risk
18232,4,592.97,2011-09-19 11:49:00,81,3,4,2,342,Others
18233,1,440.0,2011-01-18 08:44:00,325,2,2,2,222,Others
18234,1,179.6,2010-06-06 11:22:00,551,1,2,1,121,Others
18235,3,1796.48,2011-09-29 08:27:00,71,3,3,4,334,Loyal Customers
18236,12,1795.3500000000001,2011-11-10 08:06:00,29,4,5,4,454,Champions
18237,5,987.1,2011-12-07 12:49:00,2,5,4,3,543,Loyal Customers
18238,1,270.92,2010-07-12 12:51:00,514,1,2,1,121,Others
18239,6,1712.26,2011-05-05 12:38:00,218,2,4,4,244,At Risk
18240,1,422.58,2011-10-24 13:06:00,45,4,2,2,422,Potential Loyalists
18241,21,2986.9900000000002,2011-11-30 12:10:00,9,5,5,5,555,Champions
18242,8,3605.21,2011-09-28 13:43:00,71,3,5,5,355,Loyal Customers
18243,1,515.78,2010-10-21 14:29:00,413,1,2,2,122,Others
18244,2,568.64,2010-10-05 11:15:00,430,1,3,2,132,Others
18245,20,6324.9800000000005,2011-12-02 14:48:00,6,5,5,5,555,Champions
18246,3,758.8199999999999,2011-11-16 11:49:00,23,4,3,3,433,Loyal Customers
18247,3,839.73,2010-10-21 09:49:00,414,1,3,3,133,Others
18248,2,804.02,2011-08-09 10:19:00,122,3,3,3,333,Loyal Customers
18249,1,95.34,2011-11-22 15:07:00,16,5,2,1,521,Potential Loyalists
18250,1,349.27,2011-02-02 13:16:00,309,2,2,2,222,Others
18251,9,26278.86,2011-09-13 15:03:00,86,3,5,5,355,Loyal Customers
18252,7,1533.69,2011-10-20 12:43:00,50,4,4,4,444,Champions
18253,1,317.88,2010-03-07 12:38:00,642,1,2,2,122,Others
18254,1,267.9,2010-05-07 14:37:00,580,1,2,1,121,Others
18255,2,303.15,2011-09-11 13:16:00,88,3,3,2,332,Others
18256,1,110.7,2010-11-17 08:53:00,387,2,2,1,221,Others
18257,12,4600.15,2011-10-31 14:48:00,38,4,5,5,455,Champions
18258,6,2059.67,2010-09-01 14:20:00,463,1,4,4,144,At Risk
18259,7,3941.9,2011-11-15 12:34:00,24,4,4,5,445,Champions
18260,23,9947.26,2011-06-20 12:37:00,172,3,5,5,355,Loyal Customers
18261,2,324.24,2011-10-27 15:36:00,42,4,3,2,432,Others
18262,3,577.54,2011-07-22 16:04:00,139,3,3,2,332,Others
18263,3,1213.1599999999999,2011-11-14 09:00:00,25,4,3,3,433,Loyal Customers
18264,1,603.25,2010-07-29 10:02:00,498,1,2,2,122,Others
18265,2,801.51,2011-09-28 14:10:00,71,3,3,3,333,Loyal Customers
18266,1,251.1,2010-10-01 15:33:00,433,1,2,1,121,Others
18267,1,269.37,2010-02-05 08:43:00,672,1,2,1,121,Others
18268,6,1490.23,2011-07-28 19:13:00,133,3,4,4,344,Loyal Customers
18269,1,168.6,2010-12-08 13:53:00,365,2,2,1,221,Others
18270,3,444.55,2011-11-01 13:57:00,37,4,3,2,432,Others
18271,2,680.85,2010-04-09 09:26:00,609,1,3,3,133,Others
18272,9,4385.9800000000005,2011-12-07 12:43:00,2,5,5,5,555,Champions
18273,4,357.0,2011-12-07 13:16:00,1,5,4,2,542,Others
18274,1,175.92,2011-11-09 17:03:00,29,4,2,1,421,Potential Loyalists
18275,2,741.85,2010-05-10 15:46:00,577,1,3,3,133,Others
18276,6,1656.52,2011-10-27 10:54:00,43,4,4,4,444,Champions
18277,5,1180.05,2011-10-12 15:22:00,57,4,4,3,443,Loyal Customers
18278,2,414.20000000000005,2011-09-27 11:58:00,73,3,3,2,332,Others
18279,1,231.33999999999997,2010-07-08 14:48:00,518,1,2,1,121,Others
18280,2,488.15000000000003,2011-03-07 09:52:00,277,2,3,2,232,Others
18281,2,201.14,2011-06-12 10:53:00,180,3,3,1,331,Others
18282,2,178.05,2011-12-02 11:43:00,7,5,3,1,531,Others
18283,22,2664.9,2011-12-06 12:02:00,3,5,5,4,554,Champions
18284,1,461.68,2010-10-04 11:33:00,431,1,2,2,122,Others
18285,1,427.0,2010-02-17 10:24:00,660,1,2,2,122,Others
18286,2,1296.43,2010-08-20 11:57:00,476,1,3,4,134,At Risk
18287,7,4182.99,2011-10-28 09:29:00,42,4,4,5,445,Champions
